timestamp,strategy_id,event_type,mode,symbols,allowed_entry_utc_hours,max_holding_trades,persist_allowed,health_status,rows_inserted,deduped_rows,would_insert_rows,closed_in_session,realized_pnl_session,session_win_rate,active_positions_count,active_unrealized_pnl_usd,new_trades_replayed_total,ledger_total_entries,ledger_total_exits,ledger_win_rate,ledger_profit_factor,ledger_net_pnl_usd,ledger_max_drawdown_usd,failed_symbols_count
2026-05-27T19:48:44.606245+00:00,inj_tia_regime_filtered,forward_optimized_long_ms_inj_tia_regime,persist,"INJUSDT,TIAUSDT","0-12,14-18,21-23",,True,active,0,0,0,0,0.0,,2,0.699639,0,4,2,1.0,,8.924063,0.0,0
2026-05-27T19:48:44.996662+00:00,inj_tia_fast_time_stop,forward_optimized_long_ms_inj_tia_fast_ts300,persist,"INJUSDT,TIAUSDT","0-12,14-18,21-23",300,True,active,4,0,0,0,0.0,,2,0.699639,1599,2,0,,,0.0,0.0,0
2026-05-27T19:48:45.015454+00:00,inj_only,forward_optimized_long_ms_inj_only,persist,INJUSDT,"0-12,14-18,21-23",,True,active,0,0,0,0,0.0,,1,1.56348,0,2,1,1.0,,3.191041,0.0,0
2026-05-27T19:48:45.072378+00:00,inj_fast_time_stop,forward_optimized_long_ms_inj_fast_ts300,persist,INJUSDT,"0-12,14-18,21-23",300,True,active,2,0,0,0,0.0,,1,1.56348,800,1,0,,,0.0,0.0,0
2026-05-27T19:48:45.091007+00:00,tia_only,forward_optimized_long_ms_tia_only,persist,TIAUSDT,"0-12,14-18,21-23",,True,active,0,0,0,0,0.0,,1,-0.863841,0,2,1,1.0,,5.733022,0.0,0
2026-05-27T19:48:45.137329+00:00,tia_fast_time_stop,forward_optimized_long_ms_tia_fast_ts300,persist,TIAUSDT,"0-12,14-18,21-23",300,True,active,2,0,0,0,0.0,,1,-0.863841,799,1,0,,,0.0,0.0,0
2026-05-27T19:53:46.063884+00:00,inj_tia_regime_filtered,forward_optimized_long_ms_inj_tia_regime,persist,"INJUSDT,TIAUSDT","0-12,14-18,21-23",,True,active,1,0,0,0,0.0,,2,0.812323,2,4,2,1.0,,8.924063,0.0,0
2026-05-27T19:53:46.387035+00:00,inj_tia_fast_time_stop,forward_optimized_long_ms_inj_tia_fast_ts300,persist,"INJUSDT,TIAUSDT","0-12,14-18,21-23",300,True,active,1,0,0,0,0.0,,2,0.812323,2,2,0,,,0.0,0.0,0
2026-05-27T19:53:46.416531+00:00,inj_only,forward_optimized_long_ms_inj_only,persist,INJUSDT,"0-12,14-18,21-23",,True,active,1,0,0,0,0.0,,1,1.676164,2,2,1,1.0,,3.191041,0.0,0
2026-05-27T19:53:46.440322+00:00,inj_fast_time_stop,forward_optimized_long_ms_inj_fast_ts300,persist,INJUSDT,"0-12,14-18,21-23",300,True,active,1,0,0,0,0.0,,1,1.676164,2,1,0,,,0.0,0.0,0
2026-05-27T19:53:46.464026+00:00,tia_only,forward_optimized_long_ms_tia_only,persist,TIAUSDT,"0-12,14-18,21-23",,True,active,0,0,0,0,0.0,,1,-0.863841,0,2,1,1.0,,5.733022,0.0,0
2026-05-27T19:53:46.483665+00:00,tia_fast_time_stop,forward_optimized_long_ms_tia_fast_ts300,persist,TIAUSDT,"0-12,14-18,21-23",300,True,active,0,0,0,0,0.0,,1,-0.863841,0,1,0,,,0.0,0.0,0
2026-05-27T19:58:48.008839+00:00,inj_tia_regime_filtered,forward_optimized_long_ms_inj_tia_regime,persist,"INJUSDT,TIAUSDT","0-12,14-18,21-23",,True,active,1,0,0,0,0.0,,2,0.093967,7,4,2,1.0,,8.924063,0.0,0
2026-05-27T19:58:48.330227+00:00,inj_tia_fast_time_stop,forward_optimized_long_ms_inj_tia_fast_ts300,persist,"INJUSDT,TIAUSDT","0-12,14-18,21-23",300,True,active,1,0,0,0,0.0,,2,0.093967,7,2,0,,,0.0,0.0,0
2026-05-27T19:58:48.352637+00:00,inj_only,forward_optimized_long_ms_inj_only,persist,INJUSDT,"0-12,14-18,21-23",,True,active,1,0,0,0,0.0,,1,0.957808,7,2,1,1.0,,3.191041,0.0,0
2026-05-27T19:58:48.372944+00:00,inj_fast_time_stop,forward_optimized_long_ms_inj_fast_ts300,persist,INJUSDT,"0-12,14-18,21-23",300,True,active,1,0,0,0,0.0,,1,0.957808,7,1,0,,,0.0,0.0,0
2026-05-27T19:58:48.393409+00:00,tia_only,forward_optimized_long_ms_tia_only,persist,TIAUSDT,"0-12,14-18,21-23",,True,active,0,0,0,0,0.0,,1,-0.863841,0,2,1,1.0,,5.733022,0.0,0
2026-05-27T19:58:48.411072+00:00,tia_fast_time_stop,forward_optimized_long_ms_tia_fast_ts300,persist,TIAUSDT,"0-12,14-18,21-23",300,True,active,0,0,0,0,0.0,,1,-0.863841,0,1,0,,,0.0,0.0,0
2026-05-27T20:03:49.746940+00:00,inj_tia_regime_filtered,forward_optimized_long_ms_inj_tia_regime,persist,"INJUSDT,TIAUSDT","0-12,14-18,21-23",,True,active,1,0,0,0,0.0,,2,-0.018716,5,4,2,1.0,,8.924063,0.0,0
2026-05-27T20:03:50.086132+00:00,inj_tia_fast_time_stop,forward_optimized_long_ms_inj_tia_fast_ts300,persist,"INJUSDT,TIAUSDT","0-12,14-18,21-23",300,True,active,1,0,0,0,0.0,,2,-0.018716,5,2,0,,,0.0,0.0,0
2026-05-27T20:03:50.118501+00:00,inj_only,forward_optimized_long_ms_inj_only,persist,INJUSDT,"0-12,14-18,21-23",,True,active,1,0,0,0,0.0,,1,0.845125,5,2,1,1.0,,3.191041,0.0,0
2026-05-27T20:03:50.148371+00:00,inj_fast_time_stop,forward_optimized_long_ms_inj_fast_ts300,persist,INJUSDT,"0-12,14-18,21-23",300,True,active,1,0,0,0,0.0,,1,0.845125,5,1,0,,,0.0,0.0,0
2026-05-27T20:03:50.177106+00:00,tia_only,forward_optimized_long_ms_tia_only,persist,TIAUSDT,"0-12,14-18,21-23",,True,active,0,0,0,0,0.0,,1,-0.863841,0,2,1,1.0,,5.733022,0.0,0
2026-05-27T20:03:50.198162+00:00,tia_fast_time_stop,forward_optimized_long_ms_tia_fast_ts300,persist,TIAUSDT,"0-12,14-18,21-23",300,True,active,0,0,0,0,0.0,,1,-0.863841,0,1,0,,,0.0,0.0,0
2026-05-27T20:08:51.378106+00:00,inj_tia_regime_filtered,forward_optimized_long_ms_inj_tia_regime,persist,"INJUSDT,TIAUSDT","0-12,14-18,21-23",,True,active,1,0,0,0,0.0,,2,-0.032802,2,4,2,1.0,,8.924063,0.0,0
2026-05-27T20:08:51.704581+00:00,inj_tia_fast_time_stop,forward_optimized_long_ms_inj_tia_fast_ts300,persist,"INJUSDT,TIAUSDT","0-12,14-18,21-23",300,True,active,1,0,0,0,0.0,,2,-0.032802,2,2,0,,,0.0,0.0,0
2026-05-27T20:08:51.735368+00:00,inj_only,forward_optimized_long_ms_inj_only,persist,INJUSDT,"0-12,14-18,21-23",,True,active,1,0,0,0,0.0,,1,0.831039,2,2,1,1.0,,3.191041,0.0,0
2026-05-27T20:08:51.756884+00:00,inj_fast_time_stop,forward_optimized_long_ms_inj_fast_ts300,persist,INJUSDT,"0-12,14-18,21-23",300,True,active,1,0,0,0,0.0,,1,0.831039,2,1,0,,,0.0,0.0,0
2026-05-27T20:08:51.780378+00:00,tia_only,forward_optimized_long_ms_tia_only,persist,TIAUSDT,"0-12,14-18,21-23",,True,active,0,0,0,0,0.0,,1,-0.863841,0,2,1,1.0,,5.733022,0.0,0
2026-05-27T20:08:51.804763+00:00,tia_fast_time_stop,forward_optimized_long_ms_tia_fast_ts300,persist,TIAUSDT,"0-12,14-18,21-23",300,True,active,0,0,0,0,0.0,,1,-0.863841,0,1,0,,,0.0,0.0,0
2026-05-27T20:13:53.778684+00:00,inj_tia_regime_filtered,forward_optimized_long_ms_inj_tia_regime,persist,"INJUSDT,TIAUSDT","0-12,14-18,21-23",,True,active,1,0,0,0,0.0,,2,-0.455364,4,4,2,1.0,,8.924063,0.0,0
2026-05-27T20:13:54.108273+00:00,inj_tia_fast_time_stop,forward_optimized_long_ms_inj_tia_fast_ts300,persist,"INJUSDT,TIAUSDT","0-12,14-18,21-23",300,True,active,1,0,0,0,0.0,,2,-0.455364,4,2,0,,,0.0,0.0,0
2026-05-27T20:13:54.140324+00:00,inj_only,forward_optimized_long_ms_inj_only,persist,INJUSDT,"0-12,14-18,21-23",,True,active,1,0,0,0,0.0,,1,0.408477,4,2,1,1.0,,3.191041,0.0,0
2026-05-27T20:13:54.166100+00:00,inj_fast_time_stop,forward_optimized_long_ms_inj_fast_ts300,persist,INJUSDT,"0-12,14-18,21-23",300,True,active,1,0,0,0,0.0,,1,0.408477,4,1,0,,,0.0,0.0,0
2026-05-27T20:13:54.193234+00:00,tia_only,forward_optimized_long_ms_tia_only,persist,TIAUSDT,"0-12,14-18,21-23",,True,active,0,0,0,0,0.0,,1,-0.863841,0,2,1,1.0,,5.733022,0.0,0
2026-05-27T20:13:54.216091+00:00,tia_fast_time_stop,forward_optimized_long_ms_tia_fast_ts300,persist,TIAUSDT,"0-12,14-18,21-23",300,True,active,0,0,0,0,0.0,,1,-0.863841,0,1,0,,,0.0,0.0,0
2026-05-27T20:18:55.169478+00:00,inj_tia_regime_filtered,forward_optimized_long_ms_inj_tia_regime,persist,"INJUSDT,TIAUSDT","0-12,14-18,21-23",,True,active,1,0,0,0,0.0,,2,-0.258168,3,4,2,1.0,,8.924063,0.0,0
2026-05-27T20:18:55.501692+00:00,inj_tia_fast_time_stop,forward_optimized_long_ms_inj_tia_fast_ts300,persist,"INJUSDT,TIAUSDT","0-12,14-18,21-23",300,True,active,1,0,0,0,0.0,,2,-0.258168,3,2,0,,,0.0,0.0,0
2026-05-27T20:18:55.537940+00:00,inj_only,forward_optimized_long_ms_inj_only,persist,INJUSDT,"0-12,14-18,21-23",,True,active,1,0,0,0,0.0,,1,0.605673,3,2,1,1.0,,3.191041,0.0,0
2026-05-27T20:18:55.570556+00:00,inj_fast_time_stop,forward_optimized_long_ms_inj_fast_ts300,persist,INJUSDT,"0-12,14-18,21-23",300,True,active,1,0,0,0,0.0,,1,0.605673,3,1,0,,,0.0,0.0,0
2026-05-27T20:18:55.597847+00:00,tia_only,forward_optimized_long_ms_tia_only,persist,TIAUSDT,"0-12,14-18,21-23",,True,active,0,0,0,0,0.0,,1,-0.863841,0,2,1,1.0,,5.733022,0.0,0
2026-05-27T20:18:55.619232+00:00,tia_fast_time_stop,forward_optimized_long_ms_tia_fast_ts300,persist,TIAUSDT,"0-12,14-18,21-23",300,True,active,0,0,0,0,0.0,,1,-0.863841,0,1,0,,,0.0,0.0,0
2026-05-27T20:23:56.548695+00:00,inj_tia_regime_filtered,forward_optimized_long_ms_inj_tia_regime,persist,"INJUSDT,TIAUSDT","0-12,14-18,21-23",,True,active,1,0,0,0,0.0,,2,-0.117314,2,4,2,1.0,,8.924063,0.0,0
2026-05-27T20:23:56.877158+00:00,inj_tia_fast_time_stop,forward_optimized_long_ms_inj_tia_fast_ts300,persist,"INJUSDT,TIAUSDT","0-12,14-18,21-23",300,True,active,1,0,0,0,0.0,,2,-0.117314,2,2,0,,,0.0,0.0,0
2026-05-27T20:23:56.908355+00:00,inj_only,forward_optimized_long_ms_inj_only,persist,INJUSDT,"0-12,14-18,21-23",,True,active,1,0,0,0,0.0,,1,0.746527,2,2,1,1.0,,3.191041,0.0,0
2026-05-27T20:23:56.938189+00:00,inj_fast_time_stop,forward_optimized_long_ms_inj_fast_ts300,persist,INJUSDT,"0-12,14-18,21-23",300,True,active,1,0,0,0,0.0,,1,0.746527,2,1,0,,,0.0,0.0,0
2026-05-27T20:23:56.966701+00:00,tia_only,forward_optimized_long_ms_tia_only,persist,TIAUSDT,"0-12,14-18,21-23",,True,active,0,0,0,0,0.0,,1,-0.863841,0,2,1,1.0,,5.733022,0.0,0
2026-05-27T20:23:56.993919+00:00,tia_fast_time_stop,forward_optimized_long_ms_tia_fast_ts300,persist,TIAUSDT,"0-12,14-18,21-23",300,True,active,0,0,0,0,0.0,,1,-0.863841,0,1,0,,,0.0,0.0,0
2026-05-27T20:28:58.065399+00:00,inj_tia_regime_filtered,forward_optimized_long_ms_inj_tia_regime,persist,"INJUSDT,TIAUSDT","0-12,14-18,21-23",,True,active,2,0,0,0,0.0,,2,-1.327676,8,4,2,1.0,,8.924063,0.0,0
2026-05-27T20:28:58.408802+00:00,inj_tia_fast_time_stop,forward_optimized_long_ms_inj_tia_fast_ts300,persist,"INJUSDT,TIAUSDT","0-12,14-18,21-23",300,True,active,2,0,0,0,0.0,,2,-1.327676,8,2,0,,,0.0,0.0,0
2026-05-27T20:28:58.451200+00:00,inj_only,forward_optimized_long_ms_inj_only,persist,INJUSDT,"0-12,14-18,21-23",,True,active,1,0,0,0,0.0,,1,0.140854,5,2,1,1.0,,3.191041,0.0,0
2026-05-27T20:28:58.490875+00:00,inj_fast_time_stop,forward_optimized_long_ms_inj_fast_ts300,persist,INJUSDT,"0-12,14-18,21-23",300,True,active,1,0,0,0,0.0,,1,0.140854,5,1,0,,,0.0,0.0,0
2026-05-27T20:28:58.533261+00:00,tia_only,forward_optimized_long_ms_tia_only,persist,TIAUSDT,"0-12,14-18,21-23",,True,active,1,0,0,0,0.0,,1,-1.46853,3,2,1,1.0,,5.733022,0.0,0
2026-05-27T20:28:58.574139+00:00,tia_fast_time_stop,forward_optimized_long_ms_tia_fast_ts300,persist,TIAUSDT,"0-12,14-18,21-23",300,True,active,1,0,0,0,0.0,,1,-1.46853,3,1,0,,,0.0,0.0,0
2026-05-27T20:33:59.725205+00:00,inj_tia_regime_filtered,forward_optimized_long_ms_inj_tia_regime,persist,"INJUSDT,TIAUSDT","0-12,14-18,21-23",,True,active,1,0,0,0,0.0,,2,-1.62347,5,4,2,1.0,,8.924063,0.0,0
2026-05-27T20:34:00.058933+00:00,inj_tia_fast_time_stop,forward_optimized_long_ms_inj_tia_fast_ts300,persist,"INJUSDT,TIAUSDT","0-12,14-18,21-23",300,True,active,1,0,0,0,0.0,,2,-1.62347,5,2,0,,,0.0,0.0,0
2026-05-27T20:34:00.095474+00:00,inj_only,forward_optimized_long_ms_inj_only,persist,INJUSDT,"0-12,14-18,21-23",,True,active,1,0,0,0,0.0,,1,-0.15494,5,2,1,1.0,,3.191041,0.0,0
2026-05-27T20:34:00.130289+00:00,inj_fast_time_stop,forward_optimized_long_ms_inj_fast_ts300,persist,INJUSDT,"0-12,14-18,21-23",300,True,active,1,0,0,0,0.0,,1,-0.15494,5,1,0,,,0.0,0.0,0
2026-05-27T20:34:00.163087+00:00,tia_only,forward_optimized_long_ms_tia_only,persist,TIAUSDT,"0-12,14-18,21-23",,True,active,0,0,0,0,0.0,,1,-1.46853,0,2,1,1.0,,5.733022,0.0,0
2026-05-27T20:34:00.193916+00:00,tia_fast_time_stop,forward_optimized_long_ms_tia_fast_ts300,persist,TIAUSDT,"0-12,14-18,21-23",300,True,active,0,0,0,0,0.0,,1,-1.46853,0,1,0,,,0.0,0.0,0
2026-05-27T20:39:01.570529+00:00,inj_tia_regime_filtered,forward_optimized_long_ms_inj_tia_regime,persist,"INJUSDT,TIAUSDT","0-12,14-18,21-23",,True,active,1,0,0,0,0.0,,2,-1.609384,8,4,2,1.0,,8.924063,0.0,0
2026-05-27T20:39:01.912630+00:00,inj_tia_fast_time_stop,forward_optimized_long_ms_inj_tia_fast_ts300,persist,"INJUSDT,TIAUSDT","0-12,14-18,21-23",300,True,active,1,0,0,0,0.0,,2,-1.609384,8,2,0,,,0.0,0.0,0
2026-05-27T20:39:01.951953+00:00,inj_only,forward_optimized_long_ms_inj_only,persist,INJUSDT,"0-12,14-18,21-23",,True,active,1,0,0,0,0.0,,1,-0.140854,8,2,1,1.0,,3.191041,0.0,0
2026-05-27T20:39:01.989332+00:00,inj_fast_time_stop,forward_optimized_long_ms_inj_fast_ts300,persist,INJUSDT,"0-12,14-18,21-23",300,True,active,1,0,0,0,0.0,,1,-0.140854,8,1,0,,,0.0,0.0,0
2026-05-27T20:39:02.024191+00:00,tia_only,forward_optimized_long_ms_tia_only,persist,TIAUSDT,"0-12,14-18,21-23",,True,active,0,0,0,0,0.0,,1,-1.46853,0,2,1,1.0,,5.733022,0.0,0
2026-05-27T20:39:02.057530+00:00,tia_fast_time_stop,forward_optimized_long_ms_tia_fast_ts300,persist,TIAUSDT,"0-12,14-18,21-23",300,True,active,0,0,0,0,0.0,,1,-1.46853,0,1,0,,,0.0,0.0,0
2026-05-27T20:44:03.411591+00:00,inj_tia_regime_filtered,forward_optimized_long_ms_inj_tia_regime,persist,"INJUSDT,TIAUSDT","0-12,14-18,21-23",,True,active,1,0,0,0,0.0,,2,-1.750238,1,4,2,1.0,,8.924063,0.0,0
2026-05-27T20:44:03.749340+00:00,inj_tia_fast_time_stop,forward_optimized_long_ms_inj_tia_fast_ts300,persist,"INJUSDT,TIAUSDT","0-12,14-18,21-23",300,True,active,1,0,0,0,0.0,,2,-1.750238,1,2,0,,,0.0,0.0,0
2026-05-27T20:44:03.793356+00:00,inj_only,forward_optimized_long_ms_inj_only,persist,INJUSDT,"0-12,14-18,21-23",,True,active,1,0,0,0,0.0,,1,-0.281708,1,2,1,1.0,,3.191041,0.0,0
2026-05-27T20:44:03.833012+00:00,inj_fast_time_stop,forward_optimized_long_ms_inj_fast_ts300,persist,INJUSDT,"0-12,14-18,21-23",300,True,active,1,0,0,0,0.0,,1,-0.281708,1,1,0,,,0.0,0.0,0
2026-05-27T20:44:03.870261+00:00,tia_only,forward_optimized_long_ms_tia_only,persist,TIAUSDT,"0-12,14-18,21-23",,True,active,0,0,0,0,0.0,,1,-1.46853,0,2,1,1.0,,5.733022,0.0,0
2026-05-27T20:44:03.905579+00:00,tia_fast_time_stop,forward_optimized_long_ms_tia_fast_ts300,persist,TIAUSDT,"0-12,14-18,21-23",300,True,active,0,0,0,0,0.0,,1,-1.46853,0,1,0,,,0.0,0.0,0
2026-05-27T20:49:05.753879+00:00,inj_tia_regime_filtered,forward_optimized_long_ms_inj_tia_regime,persist,"INJUSDT,TIAUSDT","0-12,14-18,21-23",,True,active,1,0,0,0,0.0,,2,-1.31359,4,4,2,1.0,,8.924063,0.0,0
2026-05-27T20:49:06.147542+00:00,inj_tia_fast_time_stop,forward_optimized_long_ms_inj_tia_fast_ts300,persist,"INJUSDT,TIAUSDT","0-12,14-18,21-23",300,True,active,1,0,0,0,0.0,,2,-1.31359,4,2,0,,,0.0,0.0,0
2026-05-27T20:49:06.239733+00:00,inj_only,forward_optimized_long_ms_inj_only,persist,INJUSDT,"0-12,14-18,21-23",,True,active,1,0,0,0,0.0,,1,0.15494,4,2,1,1.0,,3.191041,0.0,0
2026-05-27T20:49:06.314128+00:00,inj_fast_time_stop,forward_optimized_long_ms_inj_fast_ts300,persist,INJUSDT,"0-12,14-18,21-23",300,True,active,1,0,0,0,0.0,,1,0.15494,4,1,0,,,0.0,0.0,0
2026-05-27T20:49:06.396234+00:00,tia_only,forward_optimized_long_ms_tia_only,persist,TIAUSDT,"0-12,14-18,21-23",,True,active,0,0,0,0,0.0,,1,-1.46853,0,2,1,1.0,,5.733022,0.0,0
2026-05-27T20:49:06.504972+00:00,tia_fast_time_stop,forward_optimized_long_ms_tia_fast_ts300,persist,TIAUSDT,"0-12,14-18,21-23",300,True,active,0,0,0,0,0.0,,1,-1.46853,0,1,0,,,0.0,0.0,0
2026-05-27T20:54:07.678160+00:00,inj_tia_regime_filtered,forward_optimized_long_ms_inj_tia_regime,persist,"INJUSDT,TIAUSDT","0-12,14-18,21-23",,True,active,1,0,0,0,0.0,,2,-1.65164,2,4,2,1.0,,8.924063,0.0,0
2026-05-27T20:54:08.035666+00:00,inj_tia_fast_time_stop,forward_optimized_long_ms_inj_tia_fast_ts300,persist,"INJUSDT,TIAUSDT","0-12,14-18,21-23",300,True,active,1,0,0,0,0.0,,2,-1.65164,2,2,0,,,0.0,0.0,0
2026-05-27T20:54:08.092276+00:00,inj_only,forward_optimized_long_ms_inj_only,persist,INJUSDT,"0-12,14-18,21-23",,True,active,1,0,0,0,0.0,,1,-0.18311,2,2,1,1.0,,3.191041,0.0,0
2026-05-27T20:54:08.139603+00:00,inj_fast_time_stop,forward_optimized_long_ms_inj_fast_ts300,persist,INJUSDT,"0-12,14-18,21-23",300,True,active,1,0,0,0,0.0,,1,-0.18311,2,1,0,,,0.0,0.0,0
2026-05-27T20:54:08.186761+00:00,tia_only,forward_optimized_long_ms_tia_only,persist,TIAUSDT,"0-12,14-18,21-23",,True,active,0,0,0,0,0.0,,1,-1.46853,0,2,1,1.0,,5.733022,0.0,0
2026-05-27T20:54:08.229318+00:00,tia_fast_time_stop,forward_optimized_long_ms_tia_fast_ts300,persist,TIAUSDT,"0-12,14-18,21-23",300,True,active,0,0,0,0,0.0,,1,-1.46853,0,1,0,,,0.0,0.0,0
2026-05-27T20:59:09.631399+00:00,inj_tia_regime_filtered,forward_optimized_long_ms_inj_tia_regime,persist,"INJUSDT,TIAUSDT","0-12,14-18,21-23",,True,active,1,0,0,0,0.0,,2,-1.975605,4,4,2,1.0,,8.924063,0.0,0
2026-05-27T20:59:09.978577+00:00,inj_tia_fast_time_stop,forward_optimized_long_ms_inj_tia_fast_ts300,persist,"INJUSDT,TIAUSDT","0-12,14-18,21-23",300,True,active,1,0,0,0,0.0,,2,-1.975605,4,2,0,,,0.0,0.0,0
2026-05-27T20:59:10.027766+00:00,inj_only,forward_optimized_long_ms_inj_only,persist,INJUSDT,"0-12,14-18,21-23",,True,active,1,0,0,0,0.0,,1,-0.507075,4,2,1,1.0,,3.191041,0.0,0
2026-05-27T20:59:10.072653+00:00,inj_fast_time_stop,forward_optimized_long_ms_inj_fast_ts300,persist,INJUSDT,"0-12,14-18,21-23",300,True,active,1,0,0,0,0.0,,1,-0.507075,4,1,0,,,0.0,0.0,0
2026-05-27T20:59:10.115718+00:00,tia_only,forward_optimized_long_ms_tia_only,persist,TIAUSDT,"0-12,14-18,21-23",,True,active,0,0,0,0,0.0,,1,-1.46853,0,2,1,1.0,,5.733022,0.0,0
2026-05-27T20:59:10.153746+00:00,tia_fast_time_stop,forward_optimized_long_ms_tia_fast_ts300,persist,TIAUSDT,"0-12,14-18,21-23",300,True,active,0,0,0,0,0.0,,1,-1.46853,0,1,0,,,0.0,0.0,0
2026-05-27T21:04:11.114392+00:00,inj_tia_regime_filtered,forward_optimized_long_ms_inj_tia_regime,persist,"INJUSDT,TIAUSDT","0-12,14-18,21-23",,True,active,1,0,0,0,0.0,,2,-2.060117,14,4,2,1.0,,8.924063,0.0,0
2026-05-27T21:04:11.463413+00:00,inj_tia_fast_time_stop,forward_optimized_long_ms_inj_tia_fast_ts300,persist,"INJUSDT,TIAUSDT","0-12,14-18,21-23",300,True,active,1,0,0,1,-0.718243,0.0,1,-1.46853,14,2,1,0.0,0.0,-0.718243,0.0,0
2026-05-27T21:04:11.515837+00:00,inj_only,forward_optimized_long_ms_inj_only,persist,INJUSDT,"0-12,14-18,21-23",,True,active,1,0,0,0,0.0,,1,-0.591587,14,2,1,1.0,,3.191041,0.0,0
2026-05-27T21:04:11.561780+00:00,inj_fast_time_stop,forward_optimized_long_ms_inj_fast_ts300,persist,INJUSDT,"0-12,14-18,21-23",300,True,active,1,0,0,1,-0.718243,0.0,0,0,14,1,1,0.0,0.0,-0.718243,0.0,0
2026-05-27T21:04:11.603941+00:00,tia_only,forward_optimized_long_ms_tia_only,persist,TIAUSDT,"0-12,14-18,21-23",,True,active,0,0,0,0,0.0,,1,-1.46853,0,2,1,1.0,,5.733022,0.0,0
2026-05-27T21:04:11.644946+00:00,tia_fast_time_stop,forward_optimized_long_ms_tia_fast_ts300,persist,TIAUSDT,"0-12,14-18,21-23",300,True,active,0,0,0,0,0.0,,1,-1.46853,0,1,0,,,0.0,0.0,0
2026-05-27T21:09:13.268270+00:00,inj_tia_regime_filtered,forward_optimized_long_ms_inj_tia_regime,persist,"INJUSDT,TIAUSDT","0-12,14-18,21-23",,True,active,1,0,0,0,0.0,,2,-2.215057,2,4,2,1.0,,8.924063,0.0,0
2026-05-27T21:09:13.614550+00:00,inj_tia_fast_time_stop,forward_optimized_long_ms_inj_tia_fast_ts300,persist,"INJUSDT,TIAUSDT","0-12,14-18,21-23",300,True,active,0,0,0,0,0.0,,1,-1.46853,2,2,1,0.0,0.0,-0.718243,0.0,0
2026-05-27T21:09:13.657155+00:00,inj_only,forward_optimized_long_ms_inj_only,persist,INJUSDT,"0-12,14-18,21-23",,True,active,1,0,0,0,0.0,,1,-0.746527,2,2,1,1.0,,3.191041,0.0,0
2026-05-27T21:09:13.697083+00:00,inj_fast_time_stop,forward_optimized_long_ms_inj_fast_ts300,persist,INJUSDT,"0-12,14-18,21-23",300,True,active,0,0,0,0,0.0,,0,0,2,1,1,0.0,0.0,-0.718243,0.0,0
2026-05-27T21:09:13.738861+00:00,tia_only,forward_optimized_long_ms_tia_only,persist,TIAUSDT,"0-12,14-18,21-23",,True,active,0,0,0,0,0.0,,1,-1.46853,0,2,1,1.0,,5.733022,0.0,0
2026-05-27T21:09:13.774986+00:00,tia_fast_time_stop,forward_optimized_long_ms_tia_fast_ts300,persist,TIAUSDT,"0-12,14-18,21-23",300,True,active,0,0,0,0,0.0,,1,-1.46853,0,1,0,,,0.0,0.0,0
2026-05-27T21:14:14.740379+00:00,inj_tia_regime_filtered,forward_optimized_long_ms_inj_tia_regime,persist,"INJUSDT,TIAUSDT","0-12,14-18,21-23",,True,active,1,0,0,0,0.0,,2,-2.186886,2,4,2,1.0,,8.924063,0.0,0
2026-05-27T21:14:15.092299+00:00,inj_tia_fast_time_stop,forward_optimized_long_ms_inj_tia_fast_ts300,persist,"INJUSDT,TIAUSDT","0-12,14-18,21-23",300,True,active,0,0,0,0,0.0,,1,-1.46853,4,2,1,0.0,0.0,-0.718243,0.0,0
2026-05-27T21:14:15.138471+00:00,inj_only,forward_optimized_long_ms_inj_only,persist,INJUSDT,"0-12,14-18,21-23",,True,active,1,0,0,0,0.0,,1,-0.718356,2,2,1,1.0,,3.191041,0.0,0
2026-05-27T21:14:15.181334+00:00,inj_fast_time_stop,forward_optimized_long_ms_inj_fast_ts300,persist,INJUSDT,"0-12,14-18,21-23",300,True,active,0,0,0,0,0.0,,0,0,4,1,1,0.0,0.0,-0.718243,0.0,0
2026-05-27T21:14:15.230605+00:00,tia_only,forward_optimized_long_ms_tia_only,persist,TIAUSDT,"0-12,14-18,21-23",,True,active,0,0,0,0,0.0,,1,-1.46853,0,2,1,1.0,,5.733022,0.0,0
2026-05-27T21:14:15.271935+00:00,tia_fast_time_stop,forward_optimized_long_ms_tia_fast_ts300,persist,TIAUSDT,"0-12,14-18,21-23",300,True,active,0,0,0,0,0.0,,1,-1.46853,0,1,0,,,0.0,0.0,0
2026-05-27T21:19:16.679993+00:00,inj_tia_regime_filtered,forward_optimized_long_ms_inj_tia_regime,persist,"INJUSDT,TIAUSDT","0-12,14-18,21-23",,True,active,1,0,0,0,0.0,,2,-2.200971,1,4,2,1.0,,8.924063,0.0,0
2026-05-27T21:19:17.023236+00:00,inj_tia_fast_time_stop,forward_optimized_long_ms_inj_tia_fast_ts300,persist,"INJUSDT,TIAUSDT","0-12,14-18,21-23",300,True,active,0,0,0,0,0.0,,1,-1.46853,5,2,1,0.0,0.0,-0.718243,0.0,0
2026-05-27T21:19:17.070176+00:00,inj_only,forward_optimized_long_ms_inj_only,persist,INJUSDT,"0-12,14-18,21-23",,True,active,1,0,0,0,0.0,,1,-0.732441,1,2,1,1.0,,3.191041,0.0,0
2026-05-27T21:19:17.108388+00:00,inj_fast_time_stop,forward_optimized_long_ms_inj_fast_ts300,persist,INJUSDT,"0-12,14-18,21-23",300,True,active,0,0,0,0,0.0,,0,0,5,1,1,0.0,0.0,-0.718243,0.0,0
2026-05-27T21:19:17.156205+00:00,tia_only,forward_optimized_long_ms_tia_only,persist,TIAUSDT,"0-12,14-18,21-23",,True,active,0,0,0,0,0.0,,1,-1.46853,0,2,1,1.0,,5.733022,0.0,0
2026-05-27T21:19:17.197732+00:00,tia_fast_time_stop,forward_optimized_long_ms_tia_fast_ts300,persist,TIAUSDT,"0-12,14-18,21-23",300,True,active,0,0,0,0,0.0,,1,-1.46853,0,1,0,,,0.0,0.0,0
2026-05-27T21:24:18.558829+00:00,inj_tia_regime_filtered,forward_optimized_long_ms_inj_tia_regime,persist,"INJUSDT,TIAUSDT","0-12,14-18,21-23",,True,active,1,0,0,0,0.0,,2,-2.426338,3,4,2,1.0,,8.924063,0.0,0
2026-05-27T21:24:18.900562+00:00,inj_tia_fast_time_stop,forward_optimized_long_ms_inj_tia_fast_ts300,persist,"INJUSDT,TIAUSDT","0-12,14-18,21-23",300,True,active,0,0,0,0,0.0,,1,-1.46853,8,2,1,0.0,0.0,-0.718243,0.0,0
2026-05-27T21:24:18.947878+00:00,inj_only,forward_optimized_long_ms_inj_only,persist,INJUSDT,"0-12,14-18,21-23",,True,active,1,0,0,0,0.0,,1,-0.957808,3,2,1,1.0,,3.191041,0.0,0
2026-05-27T21:24:18.987637+00:00,inj_fast_time_stop,forward_optimized_long_ms_inj_fast_ts300,persist,INJUSDT,"0-12,14-18,21-23",300,True,active,0,0,0,0,0.0,,0,0,8,1,1,0.0,0.0,-0.718243,0.0,0
2026-05-27T21:24:19.030109+00:00,tia_only,forward_optimized_long_ms_tia_only,persist,TIAUSDT,"0-12,14-18,21-23",,True,active,0,0,0,0,0.0,,1,-1.46853,0,2,1,1.0,,5.733022,0.0,0
2026-05-27T21:24:19.072204+00:00,tia_fast_time_stop,forward_optimized_long_ms_tia_fast_ts300,persist,TIAUSDT,"0-12,14-18,21-23",300,True,active,0,0,0,0,0.0,,1,-1.46853,0,1,0,,,0.0,0.0,0
2026-05-27T21:29:20.037736+00:00,inj_tia_regime_filtered,forward_optimized_long_ms_inj_tia_regime,persist,"INJUSDT,TIAUSDT","0-12,14-18,21-23",,True,active,2,0,0,0,0.0,,2,-3.225582,2,4,2,1.0,,8.924063,0.0,0
2026-05-27T21:29:20.377714+00:00,inj_tia_fast_time_stop,forward_optimized_long_ms_inj_tia_fast_ts300,persist,"INJUSDT,TIAUSDT","0-12,14-18,21-23",300,True,active,1,0,0,0,0.0,,1,-2.211433,10,2,1,0.0,0.0,-0.718243,0.0,0
2026-05-27T21:29:20.417868+00:00,inj_only,forward_optimized_long_ms_inj_only,persist,INJUSDT,"0-12,14-18,21-23",,True,active,1,0,0,0,0.0,,1,-1.014149,1,2,1,1.0,,3.191041,0.0,0
2026-05-27T21:29:20.456221+00:00,inj_fast_time_stop,forward_optimized_long_ms_inj_fast_ts300,persist,INJUSDT,"0-12,14-18,21-23",300,True,active,0,0,0,0,0.0,,0,0,9,1,1,0.0,0.0,-0.718243,0.0,0
2026-05-27T21:29:20.494556+00:00,tia_only,forward_optimized_long_ms_tia_only,persist,TIAUSDT,"0-12,14-18,21-23",,True,active,1,0,0,0,0.0,,1,-2.211433,1,2,1,1.0,,5.733022,0.0,0
2026-05-27T21:29:20.527327+00:00,tia_fast_time_stop,forward_optimized_long_ms_tia_fast_ts300,persist,TIAUSDT,"0-12,14-18,21-23",300,True,active,1,0,0,0,0.0,,1,-2.211433,1,1,0,,,0.0,0.0,0
2026-05-27T22:07:59.782128+00:00,inj_tia_regime_filtered,forward_optimized_long_ms_inj_tia_regime,persist,"INJUSDT,TIAUSDT","0-12,14-18,21-23",,True,active,2,0,0,1,-4.966327,0.0,1,-2.070555,77,4,3,0.666667,1.796914,3.957736,0.0,0
2026-05-27T22:08:00.107292+00:00,inj_tia_fast_time_stop,forward_optimized_long_ms_inj_tia_fast_ts300,persist,"INJUSDT,TIAUSDT","0-12,14-18,21-23",300,True,active,1,0,0,1,-4.966327,0.0,0,0,86,2,2,0.0,0.0,-5.68457,0.0,0
2026-05-27T22:08:00.137028+00:00,inj_only,forward_optimized_long_ms_inj_only,persist,INJUSDT,"0-12,14-18,21-23",,True,active,1,0,0,0,0.0,,1,-2.070555,47,2,1,1.0,,3.191041,0.0,0
2026-05-27T22:08:00.157983+00:00,inj_fast_time_stop,forward_optimized_long_ms_inj_fast_ts300,persist,INJUSDT,"0-12,14-18,21-23",300,True,active,0,0,0,0,0.0,,0,0,56,1,1,0.0,0.0,-0.718243,0.0,0
2026-05-27T22:08:00.183022+00:00,tia_only,forward_optimized_long_ms_tia_only,persist,TIAUSDT,"0-12,14-18,21-23",,True,active,1,0,0,1,-4.966327,0.0,0,0,30,2,2,0.5,1.154379,0.766695,0.0,0
2026-05-27T22:08:00.205347+00:00,tia_fast_time_stop,forward_optimized_long_ms_tia_fast_ts300,persist,TIAUSDT,"0-12,14-18,21-23",300,True,active,1,0,0,1,-4.966327,0.0,0,0,30,1,1,0.0,0.0,-4.966327,0.0,0
2026-05-27T22:13:01.336806+00:00,inj_tia_regime_filtered,forward_optimized_long_ms_inj_tia_regime,persist,"INJUSDT,TIAUSDT","0-12,14-18,21-23",,True,active,1,0,0,0,0.0,,1,-2.732569,24,4,3,0.666667,1.796914,3.957736,0.0,0
2026-05-27T22:13:01.664394+00:00,inj_tia_fast_time_stop,forward_optimized_long_ms_inj_tia_fast_ts300,persist,"INJUSDT,TIAUSDT","0-12,14-18,21-23",300,True,active,0,0,0,0,0.0,,0,0,80,2,2,0.0,0.0,-5.68457,0.0,0
2026-05-27T22:13:01.709873+00:00,inj_only,forward_optimized_long_ms_inj_only,persist,INJUSDT,"0-12,14-18,21-23",,True,active,1,0,0,0,0.0,,1,-2.732569,4,2,1,1.0,,3.191041,0.0,0
2026-05-27T22:13:01.731477+00:00,inj_fast_time_stop,forward_optimized_long_ms_inj_fast_ts300,persist,INJUSDT,"0-12,14-18,21-23",300,True,active,0,0,0,0,0.0,,0,0,60,1,1,0.0,0.0,-0.718243,0.0,0
2026-05-27T22:13:01.761006+00:00,tia_only,forward_optimized_long_ms_tia_only,persist,TIAUSDT,"0-12,14-18,21-23",,True,active,0,0,0,0,0.0,,0,0,20,2,2,0.5,1.154379,0.766695,0.0,0
2026-05-27T22:13:01.780762+00:00,tia_fast_time_stop,forward_optimized_long_ms_tia_fast_ts300,persist,TIAUSDT,"0-12,14-18,21-23",300,True,active,0,0,0,0,0.0,,0,0,20,1,1,0.0,0.0,-4.966327,0.0,0
2026-05-27T22:18:03.552424+00:00,inj_tia_regime_filtered,forward_optimized_long_ms_inj_tia_regime,persist,"INJUSDT,TIAUSDT","0-12,14-18,21-23",,True,active,1,0,0,0,0.0,,1,-2.817082,27,4,3,0.666667,1.796914,3.957736,0.0,0
2026-05-27T22:18:03.874375+00:00,inj_tia_fast_time_stop,forward_optimized_long_ms_inj_tia_fast_ts300,persist,"INJUSDT,TIAUSDT","0-12,14-18,21-23",300,True,active,0,0,0,0,0.0,,0,0,87,2,2,0.0,0.0,-5.68457,0.0,0
2026-05-27T22:18:03.897080+00:00,inj_only,forward_optimized_long_ms_inj_only,persist,INJUSDT,"0-12,14-18,21-23",,True,active,1,0,0,0,0.0,,1,-2.817082,3,2,1,1.0,,3.191041,0.0,0
2026-05-27T22:18:03.916912+00:00,inj_fast_time_stop,forward_optimized_long_ms_inj_fast_ts300,persist,INJUSDT,"0-12,14-18,21-23",300,True,active,0,0,0,0,0.0,,0,0,63,1,1,0.0,0.0,-0.718243,0.0,0
2026-05-27T22:18:03.938383+00:00,tia_only,forward_optimized_long_ms_tia_only,persist,TIAUSDT,"0-12,14-18,21-23",,True,active,0,0,0,0,0.0,,0,0,24,2,2,0.5,1.154379,0.766695,0.0,0
2026-05-27T22:18:03.957802+00:00,tia_fast_time_stop,forward_optimized_long_ms_tia_fast_ts300,persist,TIAUSDT,"0-12,14-18,21-23",300,True,active,0,0,0,0,0.0,,0,0,24,1,1,0.0,0.0,-4.966327,0.0,0
2026-05-27T22:23:05.103468+00:00,inj_tia_regime_filtered,forward_optimized_long_ms_inj_tia_regime,persist,"INJUSDT,TIAUSDT","0-12,14-18,21-23",,True,active,1,0,0,0,0.0,,1,-2.676228,33,4,3,0.666667,1.796914,3.957736,0.0,0
2026-05-27T22:23:05.426312+00:00,inj_tia_fast_time_stop,forward_optimized_long_ms_inj_tia_fast_ts300,persist,"INJUSDT,TIAUSDT","0-12,14-18,21-23",300,True,active,0,0,0,0,0.0,,0,0,96,2,2,0.0,0.0,-5.68457,0.0,0
2026-05-27T22:23:05.449429+00:00,inj_only,forward_optimized_long_ms_inj_only,persist,INJUSDT,"0-12,14-18,21-23",,True,active,1,0,0,0,0.0,,1,-2.676228,6,2,1,1.0,,3.191041,0.0,0
2026-05-27T22:23:05.470979+00:00,inj_fast_time_stop,forward_optimized_long_ms_inj_fast_ts300,persist,INJUSDT,"0-12,14-18,21-23",300,True,active,0,0,0,0,0.0,,0,0,69,1,1,0.0,0.0,-0.718243,0.0,0
2026-05-27T22:23:05.492655+00:00,tia_only,forward_optimized_long_ms_tia_only,persist,TIAUSDT,"0-12,14-18,21-23",,True,active,0,0,0,0,0.0,,0,0,27,2,2,0.5,1.154379,0.766695,0.0,0
2026-05-27T22:23:05.511136+00:00,tia_fast_time_stop,forward_optimized_long_ms_tia_fast_ts300,persist,TIAUSDT,"0-12,14-18,21-23",300,True,active,0,0,0,0,0.0,,0,0,27,1,1,0.0,0.0,-4.966327,0.0,0
2026-05-27T22:28:06.695144+00:00,inj_tia_regime_filtered,forward_optimized_long_ms_inj_tia_regime,persist,"INJUSDT,TIAUSDT","0-12,14-18,21-23",,True,active,1,0,0,0,0.0,,1,-2.563544,34,4,3,0.666667,1.796914,3.957736,0.0,0
2026-05-27T22:28:07.019105+00:00,inj_tia_fast_time_stop,forward_optimized_long_ms_inj_tia_fast_ts300,persist,"INJUSDT,TIAUSDT","0-12,14-18,21-23",300,True,active,0,0,0,0,0.0,,0,0,103,2,2,0.0,0.0,-5.68457,0.0,0
2026-05-27T22:28:07.042129+00:00,inj_only,forward_optimized_long_ms_inj_only,persist,INJUSDT,"0-12,14-18,21-23",,True,active,1,0,0,0,0.0,,1,-2.563544,3,2,1,1.0,,3.191041,0.0,0
2026-05-27T22:28:07.063079+00:00,inj_fast_time_stop,forward_optimized_long_ms_inj_fast_ts300,persist,INJUSDT,"0-12,14-18,21-23",300,True,active,0,0,0,0,0.0,,0,0,72,1,1,0.0,0.0,-0.718243,0.0,0
2026-05-27T22:28:07.084803+00:00,tia_only,forward_optimized_long_ms_tia_only,persist,TIAUSDT,"0-12,14-18,21-23",,True,active,0,0,0,0,0.0,,0,0,31,2,2,0.5,1.154379,0.766695,0.0,0
2026-05-27T22:28:07.105138+00:00,tia_fast_time_stop,forward_optimized_long_ms_tia_fast_ts300,persist,TIAUSDT,"0-12,14-18,21-23",300,True,active,0,0,0,0,0.0,,0,0,31,1,1,0.0,0.0,-4.966327,0.0,0
2026-05-27T22:33:08.033627+00:00,inj_tia_regime_filtered,forward_optimized_long_ms_inj_tia_regime,persist,"INJUSDT,TIAUSDT","0-12,14-18,21-23",,True,active,1,0,0,0,0.0,,1,-2.521288,32,4,3,0.666667,1.796914,3.957736,0.0,0
2026-05-27T22:33:08.355343+00:00,inj_tia_fast_time_stop,forward_optimized_long_ms_inj_tia_fast_ts300,persist,"INJUSDT,TIAUSDT","0-12,14-18,21-23",300,True,active,0,0,0,0,0.0,,0,0,104,2,2,0.0,0.0,-5.68457,0.0,0
2026-05-27T22:33:08.376928+00:00,inj_only,forward_optimized_long_ms_inj_only,persist,INJUSDT,"0-12,14-18,21-23",,True,active,1,0,0,0,0.0,,1,-2.521288,1,2,1,1.0,,3.191041,0.0,0
2026-05-27T22:33:08.396073+00:00,inj_fast_time_stop,forward_optimized_long_ms_inj_fast_ts300,persist,INJUSDT,"0-12,14-18,21-23",300,True,active,0,0,0,0,0.0,,0,0,73,1,1,0.0,0.0,-0.718243,0.0,0
2026-05-27T22:33:08.416482+00:00,tia_only,forward_optimized_long_ms_tia_only,persist,TIAUSDT,"0-12,14-18,21-23",,True,active,0,0,0,0,0.0,,0,0,31,2,2,0.5,1.154379,0.766695,0.0,0
2026-05-27T22:33:08.434645+00:00,tia_fast_time_stop,forward_optimized_long_ms_tia_fast_ts300,persist,TIAUSDT,"0-12,14-18,21-23",300,True,active,0,0,0,0,0.0,,0,0,31,1,1,0.0,0.0,-4.966327,0.0,0
2026-05-28T18:08:10.588646+00:00,inj_tia_regime_filtered,forward_optimized_long_ms_inj_tia_regime,persist,"INJUSDT,TIAUSDT","0-12,14-18,21-23",,True,active,5,0,0,1,-3.295873,0.0,2,1.717562,764,6,4,0.5,1.080107,0.661863,0.0,0
2026-05-28T18:08:10.975647+00:00,inj_tia_fast_time_stop,forward_optimized_long_ms_inj_tia_fast_ts300,persist,"INJUSDT,TIAUSDT","0-12,14-18,21-23",300,True,active,4,0,0,0,0.0,,2,2.379525,837,4,2,0.0,0.0,-5.68457,0.0,0
2026-05-28T18:08:11.035768+00:00,inj_only,forward_optimized_long_ms_inj_only,persist,INJUSDT,"0-12,14-18,21-23",,True,active,3,0,0,1,-3.295873,0.0,1,1.659934,506,3,2,0.5,0.968193,-0.104832,0.0,0
2026-05-28T18:08:11.099314+00:00,inj_fast_time_stop,forward_optimized_long_ms_inj_fast_ts300,persist,INJUSDT,"0-12,14-18,21-23",300,True,active,2,0,0,0,0.0,,1,2.321897,579,2,1,0.0,0.0,-0.718243,0.0,0
2026-05-28T18:08:11.130670+00:00,tia_only,forward_optimized_long_ms_tia_only,persist,TIAUSDT,"0-12,14-18,21-23",,True,active,2,0,0,0,0.0,,1,0.057628,258,3,2,0.5,1.154379,0.766695,0.0,0
2026-05-28T18:08:11.160456+00:00,tia_fast_time_stop,forward_optimized_long_ms_tia_fast_ts300,persist,TIAUSDT,"0-12,14-18,21-23",300,True,active,2,0,0,0,0.0,,1,0.057628,258,2,1,0.0,0.0,-4.966327,0.0,0
2026-05-28T18:13:12.280940+00:00,inj_tia_regime_filtered,forward_optimized_long_ms_inj_tia_regime,persist,"INJUSDT,TIAUSDT","0-12,14-18,21-23",,True,active,1,0,0,0,0.0,,2,1.898899,1,6,4,0.5,1.080107,0.661863,0.0,0
2026-05-28T18:13:12.606870+00:00,inj_tia_fast_time_stop,forward_optimized_long_ms_inj_tia_fast_ts300,persist,"INJUSDT,TIAUSDT","0-12,14-18,21-23",300,True,active,1,0,0,0,0.0,,2,2.56136,1,4,2,0.0,0.0,-5.68457,0.0,0
2026-05-28T18:13:12.633797+00:00,inj_only,forward_optimized_long_ms_inj_only,persist,INJUSDT,"0-12,14-18,21-23",,True,active,1,0,0,0,0.0,,1,1.841271,1,3,2,0.5,0.968193,-0.104832,0.0,0
2026-05-28T18:13:12.660308+00:00,inj_fast_time_stop,forward_optimized_long_ms_inj_fast_ts300,persist,INJUSDT,"0-12,14-18,21-23",300,True,active,1,0,0,0,0.0,,1,2.503732,1,2,1,0.0,0.0,-0.718243,0.0,0
2026-05-28T18:13:12.689931+00:00,tia_only,forward_optimized_long_ms_tia_only,persist,TIAUSDT,"0-12,14-18,21-23",,True,active,0,0,0,0,0.0,,1,0.057628,0,3,2,0.5,1.154379,0.766695,0.0,0
2026-05-28T18:13:12.711267+00:00,tia_fast_time_stop,forward_optimized_long_ms_tia_fast_ts300,persist,TIAUSDT,"0-12,14-18,21-23",300,True,active,0,0,0,0,0.0,,1,0.057628,0,2,1,0.0,0.0,-4.966327,0.0,0
2026-05-28T18:18:14.229536+00:00,inj_tia_regime_filtered,forward_optimized_long_ms_inj_tia_regime,persist,"INJUSDT,TIAUSDT","0-12,14-18,21-23",,True,active,2,0,0,0,0.0,,2,2.512006,5,6,4,0.5,1.080107,0.661863,0.0,0
2026-05-28T18:18:14.555963+00:00,inj_tia_fast_time_stop,forward_optimized_long_ms_inj_tia_fast_ts300,persist,"INJUSDT,TIAUSDT","0-12,14-18,21-23",300,True,active,2,0,0,0,0.0,,2,3.174199,5,4,2,0.0,0.0,-5.68457,0.0,0
2026-05-28T18:18:14.586165+00:00,inj_only,forward_optimized_long_ms_inj_only,persist,INJUSDT,"0-12,14-18,21-23",,True,active,1,0,0,0,0.0,,1,1.743628,2,3,2,0.5,0.968193,-0.104832,0.0,0
2026-05-28T18:18:14.610801+00:00,inj_fast_time_stop,forward_optimized_long_ms_inj_fast_ts300,persist,INJUSDT,"0-12,14-18,21-23",300,True,active,1,0,0,0,0.0,,1,2.405821,2,2,1,0.0,0.0,-0.718243,0.0,0
2026-05-28T18:18:14.638099+00:00,tia_only,forward_optimized_long_ms_tia_only,persist,TIAUSDT,"0-12,14-18,21-23",,True,active,1,0,0,0,0.0,,1,0.768378,3,3,2,0.5,1.154379,0.766695,0.0,0
2026-05-28T18:18:14.661019+00:00,tia_fast_time_stop,forward_optimized_long_ms_tia_fast_ts300,persist,TIAUSDT,"0-12,14-18,21-23",300,True,active,1,0,0,0,0.0,,1,0.768378,3,2,1,0.0,0.0,-4.966327,0.0,0
2026-05-28T18:23:15.573401+00:00,inj_tia_regime_filtered,forward_optimized_long_ms_inj_tia_regime,persist,"INJUSDT,TIAUSDT","0-12,14-18,21-23",,True,active,0,0,0,0,0.0,,2,2.512006,0,6,4,0.5,1.080107,0.661863,0.0,0
2026-05-28T18:23:15.903175+00:00,inj_tia_fast_time_stop,forward_optimized_long_ms_inj_tia_fast_ts300,persist,"INJUSDT,TIAUSDT","0-12,14-18,21-23",300,True,active,0,0,0,0,0.0,,2,3.174199,0,4,2,0.0,0.0,-5.68457,0.0,0
2026-05-28T18:23:15.936000+00:00,inj_only,forward_optimized_long_ms_inj_only,persist,INJUSDT,"0-12,14-18,21-23",,True,active,0,0,0,0,0.0,,1,1.743628,0,3,2,0.5,0.968193,-0.104832,0.0,0
2026-05-28T18:23:15.963234+00:00,inj_fast_time_stop,forward_optimized_long_ms_inj_fast_ts300,persist,INJUSDT,"0-12,14-18,21-23",300,True,active,0,0,0,0,0.0,,1,2.405821,0,2,1,0.0,0.0,-0.718243,0.0,0
2026-05-28T18:23:15.991604+00:00,tia_only,forward_optimized_long_ms_tia_only,persist,TIAUSDT,"0-12,14-18,21-23",,True,active,0,0,0,0,0.0,,1,0.768378,0,3,2,0.5,1.154379,0.766695,0.0,0
2026-05-28T18:23:16.015933+00:00,tia_fast_time_stop,forward_optimized_long_ms_tia_fast_ts300,persist,TIAUSDT,"0-12,14-18,21-23",300,True,active,0,0,0,0,0.0,,1,0.768378,0,2,1,0.0,0.0,-4.966327,0.0,0
2026-05-28T18:28:17.379685+00:00,inj_tia_regime_filtered,forward_optimized_long_ms_inj_tia_regime,persist,"INJUSDT,TIAUSDT","0-12,14-18,21-23",,True,active,1,0,0,0,0.0,,2,2.707292,1,6,4,0.5,1.080107,0.661863,0.0,0
2026-05-28T18:28:17.702153+00:00,inj_tia_fast_time_stop,forward_optimized_long_ms_inj_tia_fast_ts300,persist,"INJUSDT,TIAUSDT","0-12,14-18,21-23",300,True,active,1,0,0,0,0.0,,2,3.370021,1,4,2,0.0,0.0,-5.68457,0.0,0
2026-05-28T18:28:17.727672+00:00,inj_only,forward_optimized_long_ms_inj_only,persist,INJUSDT,"0-12,14-18,21-23",,True,active,1,0,0,0,0.0,,1,1.938914,1,3,2,0.5,0.968193,-0.104832,0.0,0
2026-05-28T18:28:17.750132+00:00,inj_fast_time_stop,forward_optimized_long_ms_inj_fast_ts300,persist,INJUSDT,"0-12,14-18,21-23",300,True,active,1,0,0,0,0.0,,1,2.601643,1,2,1,0.0,0.0,-0.718243,0.0,0
2026-05-28T18:28:17.774844+00:00,tia_only,forward_optimized_long_ms_tia_only,persist,TIAUSDT,"0-12,14-18,21-23",,True,active,0,0,0,0,0.0,,1,0.768378,0,3,2,0.5,1.154379,0.766695,0.0,0
2026-05-28T18:28:17.796225+00:00,tia_fast_time_stop,forward_optimized_long_ms_tia_fast_ts300,persist,TIAUSDT,"0-12,14-18,21-23",300,True,active,0,0,0,0,0.0,,1,0.768378,0,2,1,0.0,0.0,-4.966327,0.0,0
2026-05-28T18:33:19.127658+00:00,inj_tia_regime_filtered,forward_optimized_long_ms_inj_tia_regime,persist,"INJUSDT,TIAUSDT","0-12,14-18,21-23",,True,active,0,0,0,0,0.0,,2,2.707292,0,6,4,0.5,1.080107,0.661863,0.0,0
2026-05-28T18:33:19.451349+00:00,inj_tia_fast_time_stop,forward_optimized_long_ms_inj_tia_fast_ts300,persist,"INJUSDT,TIAUSDT","0-12,14-18,21-23",300,True,active,0,0,0,0,0.0,,2,3.370021,0,4,2,0.0,0.0,-5.68457,0.0,0
2026-05-28T18:33:19.476325+00:00,inj_only,forward_optimized_long_ms_inj_only,persist,INJUSDT,"0-12,14-18,21-23",,True,active,0,0,0,0,0.0,,1,1.938914,0,3,2,0.5,0.968193,-0.104832,0.0,0
2026-05-28T18:33:19.497765+00:00,inj_fast_time_stop,forward_optimized_long_ms_inj_fast_ts300,persist,INJUSDT,"0-12,14-18,21-23",300,True,active,0,0,0,0,0.0,,1,2.601643,0,2,1,0.0,0.0,-0.718243,0.0,0
2026-05-28T18:33:19.521520+00:00,tia_only,forward_optimized_long_ms_tia_only,persist,TIAUSDT,"0-12,14-18,21-23",,True,active,0,0,0,0,0.0,,1,0.768378,0,3,2,0.5,1.154379,0.766695,0.0,0
2026-05-28T18:33:19.542298+00:00,tia_fast_time_stop,forward_optimized_long_ms_tia_fast_ts300,persist,TIAUSDT,"0-12,14-18,21-23",300,True,active,0,0,0,0,0.0,,1,0.768378,0,2,1,0.0,0.0,-4.966327,0.0,0
2026-05-28T18:38:20.461994+00:00,inj_tia_regime_filtered,forward_optimized_long_ms_inj_tia_regime,persist,"INJUSDT,TIAUSDT","0-12,14-18,21-23",,True,active,2,0,0,0,0.0,,2,2.845187,4,6,4,0.5,1.080107,0.661863,0.0,0
2026-05-28T18:38:20.792269+00:00,inj_tia_fast_time_stop,forward_optimized_long_ms_inj_tia_fast_ts300,persist,"INJUSDT,TIAUSDT","0-12,14-18,21-23",300,True,active,2,0,0,0,0.0,,2,3.508031,4,4,2,0.0,0.0,-5.68457,0.0,0
2026-05-28T18:38:20.825839+00:00,inj_only,forward_optimized_long_ms_inj_only,persist,INJUSDT,"0-12,14-18,21-23",,True,active,1,0,0,0,0.0,,1,1.980761,2,3,2,0.5,0.968193,-0.104832,0.0,0
2026-05-28T18:38:20.851464+00:00,inj_fast_time_stop,forward_optimized_long_ms_inj_fast_ts300,persist,INJUSDT,"0-12,14-18,21-23",300,True,active,1,0,0,0,0.0,,1,2.643605,2,2,1,0.0,0.0,-0.718243,0.0,0
2026-05-28T18:38:20.875289+00:00,tia_only,forward_optimized_long_ms_tia_only,persist,TIAUSDT,"0-12,14-18,21-23",,True,active,1,0,0,0,0.0,,1,0.864426,2,3,2,0.5,1.154379,0.766695,0.0,0
2026-05-28T18:38:20.896153+00:00,tia_fast_time_stop,forward_optimized_long_ms_tia_fast_ts300,persist,TIAUSDT,"0-12,14-18,21-23",300,True,active,1,0,0,0,0.0,,1,0.864426,2,2,1,0.0,0.0,-4.966327,0.0,0
2026-05-28T18:43:21.798834+00:00,inj_tia_regime_filtered,forward_optimized_long_ms_inj_tia_regime,persist,"INJUSDT,TIAUSDT","0-12,14-18,21-23",,True,active,1,0,0,0,0.0,,2,3.417097,1,6,4,0.5,1.080107,0.661863,0.0,0
2026-05-28T18:43:22.128304+00:00,inj_tia_fast_time_stop,forward_optimized_long_ms_inj_tia_fast_ts300,persist,"INJUSDT,TIAUSDT","0-12,14-18,21-23",300,True,active,1,0,0,0,0.0,,2,4.081512,1,4,2,0.0,0.0,-5.68457,0.0,0
2026-05-28T18:43:22.152232+00:00,inj_only,forward_optimized_long_ms_inj_only,persist,INJUSDT,"0-12,14-18,21-23",,True,active,1,0,0,0,0.0,,1,2.552671,1,3,2,0.5,0.968193,-0.104832,0.0,0
2026-05-28T18:43:22.173670+00:00,inj_fast_time_stop,forward_optimized_long_ms_inj_fast_ts300,persist,INJUSDT,"0-12,14-18,21-23",300,True,active,1,0,0,0,0.0,,1,3.217086,1,2,1,0.0,0.0,-0.718243,0.0,0
2026-05-28T18:43:22.195600+00:00,tia_only,forward_optimized_long_ms_tia_only,persist,TIAUSDT,"0-12,14-18,21-23",,True,active,0,0,0,0,0.0,,1,0.864426,0,3,2,0.5,1.154379,0.766695,0.0,0
2026-05-28T18:43:22.215395+00:00,tia_fast_time_stop,forward_optimized_long_ms_tia_fast_ts300,persist,TIAUSDT,"0-12,14-18,21-23",300,True,active,0,0,0,0,0.0,,1,0.864426,0,2,1,0.0,0.0,-4.966327,0.0,0
2026-05-28T18:48:23.966855+00:00,inj_tia_regime_filtered,forward_optimized_long_ms_inj_tia_regime,persist,"INJUSDT,TIAUSDT","0-12,14-18,21-23",,True,active,0,0,0,0,0.0,,2,3.417097,0,6,4,0.5,1.080107,0.661863,0.0,0
2026-05-28T18:48:24.287638+00:00,inj_tia_fast_time_stop,forward_optimized_long_ms_inj_tia_fast_ts300,persist,"INJUSDT,TIAUSDT","0-12,14-18,21-23",300,True,active,0,0,0,0,0.0,,2,4.081512,0,4,2,0.0,0.0,-5.68457,0.0,0
2026-05-28T18:48:24.309922+00:00,inj_only,forward_optimized_long_ms_inj_only,persist,INJUSDT,"0-12,14-18,21-23",,True,active,0,0,0,0,0.0,,1,2.552671,0,3,2,0.5,0.968193,-0.104832,0.0,0
2026-05-28T18:48:24.329817+00:00,inj_fast_time_stop,forward_optimized_long_ms_inj_fast_ts300,persist,INJUSDT,"0-12,14-18,21-23",300,True,active,0,0,0,0,0.0,,1,3.217086,0,2,1,0.0,0.0,-0.718243,0.0,0
2026-05-28T18:48:24.351487+00:00,tia_only,forward_optimized_long_ms_tia_only,persist,TIAUSDT,"0-12,14-18,21-23",,True,active,0,0,0,0,0.0,,1,0.864426,0,3,2,0.5,1.154379,0.766695,0.0,0
2026-05-28T18:48:24.370653+00:00,tia_fast_time_stop,forward_optimized_long_ms_tia_fast_ts300,persist,TIAUSDT,"0-12,14-18,21-23",300,True,active,0,0,0,0,0.0,,1,0.864426,0,2,1,0.0,0.0,-4.966327,0.0,0
2026-05-28T18:53:25.310773+00:00,inj_tia_regime_filtered,forward_optimized_long_ms_inj_tia_regime,persist,"INJUSDT,TIAUSDT","0-12,14-18,21-23",,True,active,1,0,0,0,0.0,,2,3.556587,1,6,4,0.5,1.080107,0.661863,0.0,0
2026-05-28T18:53:25.651470+00:00,inj_tia_fast_time_stop,forward_optimized_long_ms_inj_tia_fast_ts300,persist,"INJUSDT,TIAUSDT","0-12,14-18,21-23",300,True,active,1,0,0,0,0.0,,2,4.221385,1,4,2,0.0,0.0,-5.68457,0.0,0
2026-05-28T18:53:25.675187+00:00,inj_only,forward_optimized_long_ms_inj_only,persist,INJUSDT,"0-12,14-18,21-23",,True,active,1,0,0,0,0.0,,1,2.692161,1,3,2,0.5,0.968193,-0.104832,0.0,0
2026-05-28T18:53:25.696411+00:00,inj_fast_time_stop,forward_optimized_long_ms_inj_fast_ts300,persist,INJUSDT,"0-12,14-18,21-23",300,True,active,1,0,0,0,0.0,,1,3.356959,1,2,1,0.0,0.0,-0.718243,0.0,0
2026-05-28T18:53:25.718296+00:00,tia_only,forward_optimized_long_ms_tia_only,persist,TIAUSDT,"0-12,14-18,21-23",,True,active,0,0,0,0,0.0,,1,0.864426,0,3,2,0.5,1.154379,0.766695,0.0,0
2026-05-28T18:53:25.737738+00:00,tia_fast_time_stop,forward_optimized_long_ms_tia_fast_ts300,persist,TIAUSDT,"0-12,14-18,21-23",300,True,active,0,0,0,0,0.0,,1,0.864426,0,2,1,0.0,0.0,-4.966327,0.0,0
2026-05-28T18:58:26.670798+00:00,inj_tia_regime_filtered,forward_optimized_long_ms_inj_tia_regime,persist,"INJUSDT,TIAUSDT","0-12,14-18,21-23",,True,active,0,0,0,0,0.0,,2,3.556587,0,6,4,0.5,1.080107,0.661863,0.0,0
2026-05-28T18:58:26.993901+00:00,inj_tia_fast_time_stop,forward_optimized_long_ms_inj_tia_fast_ts300,persist,"INJUSDT,TIAUSDT","0-12,14-18,21-23",300,True,active,0,0,0,0,0.0,,2,4.221385,0,4,2,0.0,0.0,-5.68457,0.0,0
2026-05-28T18:58:27.017664+00:00,inj_only,forward_optimized_long_ms_inj_only,persist,INJUSDT,"0-12,14-18,21-23",,True,active,0,0,0,0,0.0,,1,2.692161,0,3,2,0.5,0.968193,-0.104832,0.0,0
2026-05-28T18:58:27.038316+00:00,inj_fast_time_stop,forward_optimized_long_ms_inj_fast_ts300,persist,INJUSDT,"0-12,14-18,21-23",300,True,active,0,0,0,0,0.0,,1,3.356959,0,2,1,0.0,0.0,-0.718243,0.0,0
2026-05-28T18:58:27.060950+00:00,tia_only,forward_optimized_long_ms_tia_only,persist,TIAUSDT,"0-12,14-18,21-23",,True,active,0,0,0,0,0.0,,1,0.864426,0,3,2,0.5,1.154379,0.766695,0.0,0
2026-05-28T18:58:27.081193+00:00,tia_fast_time_stop,forward_optimized_long_ms_tia_fast_ts300,persist,TIAUSDT,"0-12,14-18,21-23",300,True,active,0,0,0,0,0.0,,1,0.864426,0,2,1,0.0,0.0,-4.966327,0.0,0
2026-05-28T19:03:28.001286+00:00,inj_tia_regime_filtered,forward_optimized_long_ms_inj_tia_regime,persist,"INJUSDT,TIAUSDT","0-12,14-18,21-23",,True,active,1,0,0,0,0.0,,2,2.050093,2,6,4,0.5,1.080107,0.661863,0.0,0
2026-05-28T19:03:28.324517+00:00,inj_tia_fast_time_stop,forward_optimized_long_ms_inj_tia_fast_ts300,persist,"INJUSDT,TIAUSDT","0-12,14-18,21-23",300,True,active,1,0,0,1,1.726216,1.0,1,0.864426,2,4,3,0.333333,0.303667,-3.958354,0.0,0
2026-05-28T19:03:28.354050+00:00,inj_only,forward_optimized_long_ms_inj_only,persist,INJUSDT,"0-12,14-18,21-23",,True,active,1,0,0,0,0.0,,1,1.185667,2,3,2,0.5,0.968193,-0.104832,0.0,0
2026-05-28T19:03:28.393423+00:00,inj_fast_time_stop,forward_optimized_long_ms_inj_fast_ts300,persist,INJUSDT,"0-12,14-18,21-23",300,True,active,1,0,0,1,1.726216,1.0,0,0,2,2,2,0.5,2.403387,1.007973,0.0,0
2026-05-28T19:03:28.416780+00:00,tia_only,forward_optimized_long_ms_tia_only,persist,TIAUSDT,"0-12,14-18,21-23",,True,active,0,0,0,0,0.0,,1,0.864426,0,3,2,0.5,1.154379,0.766695,0.0,0
2026-05-28T19:03:28.436702+00:00,tia_fast_time_stop,forward_optimized_long_ms_tia_fast_ts300,persist,TIAUSDT,"0-12,14-18,21-23",300,True,active,0,0,0,0,0.0,,1,0.864426,0,2,1,0.0,0.0,-4.966327,0.0,0
2026-05-28T19:08:29.792587+00:00,inj_tia_regime_filtered,forward_optimized_long_ms_inj_tia_regime,persist,"INJUSDT,TIAUSDT","0-12,14-18,21-23",,True,active,1,0,0,0,0.0,,2,1.646694,1,6,4,0.5,1.080107,0.661863,0.0,0
2026-05-28T19:08:30.118418+00:00,inj_tia_fast_time_stop,forward_optimized_long_ms_inj_tia_fast_ts300,persist,"INJUSDT,TIAUSDT","0-12,14-18,21-23",300,True,active,1,0,0,0,0.0,,1,0.461027,1,4,3,0.333333,0.303667,-3.958354,0.0,0
2026-05-28T19:08:30.143704+00:00,inj_only,forward_optimized_long_ms_inj_only,persist,INJUSDT,"0-12,14-18,21-23",,True,active,0,0,0,0,0.0,,1,1.185667,0,3,2,0.5,0.968193,-0.104832,0.0,0
2026-05-28T19:08:30.165259+00:00,inj_fast_time_stop,forward_optimized_long_ms_inj_fast_ts300,persist,INJUSDT,"0-12,14-18,21-23",300,True,active,0,0,0,0,0.0,,0,0,0,2,2,0.5,2.403387,1.007973,0.0,0
2026-05-28T19:08:30.206865+00:00,tia_only,forward_optimized_long_ms_tia_only,persist,TIAUSDT,"0-12,14-18,21-23",,True,active,1,0,0,0,0.0,,1,0.461027,1,3,2,0.5,1.154379,0.766695,0.0,0
2026-05-28T19:08:30.228133+00:00,tia_fast_time_stop,forward_optimized_long_ms_tia_fast_ts300,persist,TIAUSDT,"0-12,14-18,21-23",300,True,active,1,0,0,0,0.0,,1,0.461027,1,2,1,0.0,0.0,-4.966327,0.0,0
2026-05-28T19:13:31.844959+00:00,inj_tia_regime_filtered,forward_optimized_long_ms_inj_tia_regime,persist,"INJUSDT,TIAUSDT","0-12,14-18,21-23",,True,active,0,0,0,0,0.0,,2,1.646694,0,6,4,0.5,1.080107,0.661863,0.0,0
2026-05-28T19:13:32.164872+00:00,inj_tia_fast_time_stop,forward_optimized_long_ms_inj_tia_fast_ts300,persist,"INJUSDT,TIAUSDT","0-12,14-18,21-23",300,True,active,0,0,0,0,0.0,,1,0.461027,0,4,3,0.333333,0.303667,-3.958354,0.0,0
2026-05-28T19:13:32.186172+00:00,inj_only,forward_optimized_long_ms_inj_only,persist,INJUSDT,"0-12,14-18,21-23",,True,active,0,0,0,0,0.0,,1,1.185667,0,3,2,0.5,0.968193,-0.104832,0.0,0
2026-05-28T19:13:32.204406+00:00,inj_fast_time_stop,forward_optimized_long_ms_inj_fast_ts300,persist,INJUSDT,"0-12,14-18,21-23",300,True,active,0,0,0,0,0.0,,0,0,0,2,2,0.5,2.403387,1.007973,0.0,0
2026-05-28T19:13:32.224375+00:00,tia_only,forward_optimized_long_ms_tia_only,persist,TIAUSDT,"0-12,14-18,21-23",,True,active,0,0,0,0,0.0,,1,0.461027,0,3,2,0.5,1.154379,0.766695,0.0,0
2026-05-28T19:13:32.242369+00:00,tia_fast_time_stop,forward_optimized_long_ms_tia_fast_ts300,persist,TIAUSDT,"0-12,14-18,21-23",300,True,active,0,0,0,0,0.0,,1,0.461027,0,2,1,0.0,0.0,-4.966327,0.0,0
2026-05-28T19:18:33.493112+00:00,inj_tia_regime_filtered,forward_optimized_long_ms_inj_tia_regime,persist,"INJUSDT,TIAUSDT","0-12,14-18,21-23",,True,active,0,0,0,0,0.0,,2,1.646694,0,6,4,0.5,1.080107,0.661863,0.0,0
2026-05-28T19:18:33.814523+00:00,inj_tia_fast_time_stop,forward_optimized_long_ms_inj_tia_fast_ts300,persist,"INJUSDT,TIAUSDT","0-12,14-18,21-23",300,True,active,0,0,0,0,0.0,,1,0.461027,0,4,3,0.333333,0.303667,-3.958354,0.0,0
2026-05-28T19:18:33.837410+00:00,inj_only,forward_optimized_long_ms_inj_only,persist,INJUSDT,"0-12,14-18,21-23",,True,active,0,0,0,0,0.0,,1,1.185667,0,3,2,0.5,0.968193,-0.104832,0.0,0
2026-05-28T19:18:33.857977+00:00,inj_fast_time_stop,forward_optimized_long_ms_inj_fast_ts300,persist,INJUSDT,"0-12,14-18,21-23",300,True,active,0,0,0,0,0.0,,0,0,0,2,2,0.5,2.403387,1.007973,0.0,0
2026-05-28T19:18:33.879468+00:00,tia_only,forward_optimized_long_ms_tia_only,persist,TIAUSDT,"0-12,14-18,21-23",,True,active,0,0,0,0,0.0,,1,0.461027,0,3,2,0.5,1.154379,0.766695,0.0,0
2026-05-28T19:18:33.898724+00:00,tia_fast_time_stop,forward_optimized_long_ms_tia_fast_ts300,persist,TIAUSDT,"0-12,14-18,21-23",300,True,active,0,0,0,0,0.0,,1,0.461027,0,2,1,0.0,0.0,-4.966327,0.0,0
2026-05-28T19:23:35.027534+00:00,inj_tia_regime_filtered,forward_optimized_long_ms_inj_tia_regime,persist,"INJUSDT,TIAUSDT","0-12,14-18,21-23",,True,active,0,0,0,0,0.0,,2,1.646694,0,6,4,0.5,1.080107,0.661863,0.0,0
2026-05-28T19:23:35.349206+00:00,inj_tia_fast_time_stop,forward_optimized_long_ms_inj_tia_fast_ts300,persist,"INJUSDT,TIAUSDT","0-12,14-18,21-23",300,True,active,0,0,0,0,0.0,,1,0.461027,0,4,3,0.333333,0.303667,-3.958354,0.0,0
2026-05-28T19:23:35.371900+00:00,inj_only,forward_optimized_long_ms_inj_only,persist,INJUSDT,"0-12,14-18,21-23",,True,active,0,0,0,0,0.0,,1,1.185667,0,3,2,0.5,0.968193,-0.104832,0.0,0
2026-05-28T19:23:35.391960+00:00,inj_fast_time_stop,forward_optimized_long_ms_inj_fast_ts300,persist,INJUSDT,"0-12,14-18,21-23",300,True,active,0,0,0,0,0.0,,0,0,0,2,2,0.5,2.403387,1.007973,0.0,0
2026-05-28T19:23:35.413725+00:00,tia_only,forward_optimized_long_ms_tia_only,persist,TIAUSDT,"0-12,14-18,21-23",,True,active,0,0,0,0,0.0,,1,0.461027,0,3,2,0.5,1.154379,0.766695,0.0,0
2026-05-28T19:23:35.432863+00:00,tia_fast_time_stop,forward_optimized_long_ms_tia_fast_ts300,persist,TIAUSDT,"0-12,14-18,21-23",300,True,active,0,0,0,0,0.0,,1,0.461027,0,2,1,0.0,0.0,-4.966327,0.0,0
2026-05-28T19:28:36.913932+00:00,inj_tia_regime_filtered,forward_optimized_long_ms_inj_tia_regime,persist,"INJUSDT,TIAUSDT","0-12,14-18,21-23",,True,active,0,0,0,0,0.0,,2,1.646694,0,6,4,0.5,1.080107,0.661863,0.0,0
2026-05-28T19:28:37.236329+00:00,inj_tia_fast_time_stop,forward_optimized_long_ms_inj_tia_fast_ts300,persist,"INJUSDT,TIAUSDT","0-12,14-18,21-23",300,True,active,0,0,0,0,0.0,,1,0.461027,0,4,3,0.333333,0.303667,-3.958354,0.0,0
2026-05-28T19:28:37.259690+00:00,inj_only,forward_optimized_long_ms_inj_only,persist,INJUSDT,"0-12,14-18,21-23",,True,active,0,0,0,0,0.0,,1,1.185667,0,3,2,0.5,0.968193,-0.104832,0.0,0
2026-05-28T19:28:37.280201+00:00,inj_fast_time_stop,forward_optimized_long_ms_inj_fast_ts300,persist,INJUSDT,"0-12,14-18,21-23",300,True,active,0,0,0,0,0.0,,0,0,0,2,2,0.5,2.403387,1.007973,0.0,0
2026-05-28T19:28:37.302770+00:00,tia_only,forward_optimized_long_ms_tia_only,persist,TIAUSDT,"0-12,14-18,21-23",,True,active,0,0,0,0,0.0,,1,0.461027,0,3,2,0.5,1.154379,0.766695,0.0,0
2026-05-28T19:28:37.330849+00:00,tia_fast_time_stop,forward_optimized_long_ms_tia_fast_ts300,persist,TIAUSDT,"0-12,14-18,21-23",300,True,active,0,0,0,0,0.0,,1,0.461027,0,2,1,0.0,0.0,-4.966327,0.0,0
2026-05-28T19:33:38.466416+00:00,inj_tia_regime_filtered,forward_optimized_long_ms_inj_tia_regime,persist,"INJUSDT,TIAUSDT","0-12,14-18,21-23",,True,active,0,0,0,0,0.0,,2,1.646694,0,6,4,0.5,1.080107,0.661863,0.0,0
2026-05-28T19:33:38.787586+00:00,inj_tia_fast_time_stop,forward_optimized_long_ms_inj_tia_fast_ts300,persist,"INJUSDT,TIAUSDT","0-12,14-18,21-23",300,True,active,0,0,0,0,0.0,,1,0.461027,0,4,3,0.333333,0.303667,-3.958354,0.0,0
2026-05-28T19:33:38.811530+00:00,inj_only,forward_optimized_long_ms_inj_only,persist,INJUSDT,"0-12,14-18,21-23",,True,active,0,0,0,0,0.0,,1,1.185667,0,3,2,0.5,0.968193,-0.104832,0.0,0
2026-05-28T19:33:38.830933+00:00,inj_fast_time_stop,forward_optimized_long_ms_inj_fast_ts300,persist,INJUSDT,"0-12,14-18,21-23",300,True,active,0,0,0,0,0.0,,0,0,0,2,2,0.5,2.403387,1.007973,0.0,0
2026-05-28T19:33:38.852594+00:00,tia_only,forward_optimized_long_ms_tia_only,persist,TIAUSDT,"0-12,14-18,21-23",,True,active,0,0,0,0,0.0,,1,0.461027,0,3,2,0.5,1.154379,0.766695,0.0,0
2026-05-28T19:33:38.872182+00:00,tia_fast_time_stop,forward_optimized_long_ms_tia_fast_ts300,persist,TIAUSDT,"0-12,14-18,21-23",300,True,active,0,0,0,0,0.0,,1,0.461027,0,2,1,0.0,0.0,-4.966327,0.0,0
2026-05-28T19:38:39.847261+00:00,inj_tia_regime_filtered,forward_optimized_long_ms_inj_tia_regime,persist,"INJUSDT,TIAUSDT","0-12,14-18,21-23",,True,active,1,0,0,0,0.0,,2,1.576949,1,6,4,0.5,1.080107,0.661863,0.0,0
2026-05-28T19:38:40.171747+00:00,inj_tia_fast_time_stop,forward_optimized_long_ms_inj_tia_fast_ts300,persist,"INJUSDT,TIAUSDT","0-12,14-18,21-23",300,True,active,0,0,0,0,0.0,,1,0.461027,1,4,3,0.333333,0.303667,-3.958354,0.0,0
2026-05-28T19:38:40.198187+00:00,inj_only,forward_optimized_long_ms_inj_only,persist,INJUSDT,"0-12,14-18,21-23",,True,active,1,0,0,0,0.0,,1,1.115922,1,3,2,0.5,0.968193,-0.104832,0.0,0
2026-05-28T19:38:40.219660+00:00,inj_fast_time_stop,forward_optimized_long_ms_inj_fast_ts300,persist,INJUSDT,"0-12,14-18,21-23",300,True,active,0,0,0,0,0.0,,0,0,1,2,2,0.5,2.403387,1.007973,0.0,0
2026-05-28T19:38:40.242711+00:00,tia_only,forward_optimized_long_ms_tia_only,persist,TIAUSDT,"0-12,14-18,21-23",,True,active,0,0,0,0,0.0,,1,0.461027,0,3,2,0.5,1.154379,0.766695,0.0,0
2026-05-28T19:38:40.262935+00:00,tia_fast_time_stop,forward_optimized_long_ms_tia_fast_ts300,persist,TIAUSDT,"0-12,14-18,21-23",300,True,active,0,0,0,0,0.0,,1,0.461027,0,2,1,0.0,0.0,-4.966327,0.0,0
2026-05-28T19:43:41.605275+00:00,inj_tia_regime_filtered,forward_optimized_long_ms_inj_tia_regime,persist,"INJUSDT,TIAUSDT","0-12,14-18,21-23",,True,active,1,0,0,0,0.0,,2,1.284019,5,6,4,0.5,1.080107,0.661863,0.0,0
2026-05-28T19:43:41.931068+00:00,inj_tia_fast_time_stop,forward_optimized_long_ms_inj_tia_fast_ts300,persist,"INJUSDT,TIAUSDT","0-12,14-18,21-23",300,True,active,0,0,0,0,0.0,,1,0.461027,6,4,3,0.333333,0.303667,-3.958354,0.0,0
2026-05-28T19:43:41.959474+00:00,inj_only,forward_optimized_long_ms_inj_only,persist,INJUSDT,"0-12,14-18,21-23",,True,active,1,0,0,0,0.0,,1,0.822992,5,3,2,0.5,0.968193,-0.104832,0.0,0
2026-05-28T19:43:41.979839+00:00,inj_fast_time_stop,forward_optimized_long_ms_inj_fast_ts300,persist,INJUSDT,"0-12,14-18,21-23",300,True,active,0,0,0,0,0.0,,0,0,6,2,2,0.5,2.403387,1.007973,0.0,0
2026-05-28T19:43:42.002112+00:00,tia_only,forward_optimized_long_ms_tia_only,persist,TIAUSDT,"0-12,14-18,21-23",,True,active,0,0,0,0,0.0,,1,0.461027,0,3,2,0.5,1.154379,0.766695,0.0,0
2026-05-28T19:43:42.021181+00:00,tia_fast_time_stop,forward_optimized_long_ms_tia_fast_ts300,persist,TIAUSDT,"0-12,14-18,21-23",300,True,active,0,0,0,0,0.0,,1,0.461027,0,2,1,0.0,0.0,-4.966327,0.0,0
2026-05-28T19:48:43.372445+00:00,inj_tia_regime_filtered,forward_optimized_long_ms_inj_tia_regime,persist,"INJUSDT,TIAUSDT","0-12,14-18,21-23",,True,active,0,0,0,0,0.0,,2,1.284019,0,6,4,0.5,1.080107,0.661863,0.0,0
2026-05-28T19:48:43.695070+00:00,inj_tia_fast_time_stop,forward_optimized_long_ms_inj_tia_fast_ts300,persist,"INJUSDT,TIAUSDT","0-12,14-18,21-23",300,True,active,0,0,0,0,0.0,,1,0.461027,6,4,3,0.333333,0.303667,-3.958354,0.0,0
2026-05-28T19:48:43.717473+00:00,inj_only,forward_optimized_long_ms_inj_only,persist,INJUSDT,"0-12,14-18,21-23",,True,active,0,0,0,0,0.0,,1,0.822992,0,3,2,0.5,0.968193,-0.104832,0.0,0
2026-05-28T19:48:43.737962+00:00,inj_fast_time_stop,forward_optimized_long_ms_inj_fast_ts300,persist,INJUSDT,"0-12,14-18,21-23",300,True,active,0,0,0,0,0.0,,0,0,6,2,2,0.5,2.403387,1.007973,0.0,0
2026-05-28T19:48:43.760149+00:00,tia_only,forward_optimized_long_ms_tia_only,persist,TIAUSDT,"0-12,14-18,21-23",,True,active,0,0,0,0,0.0,,1,0.461027,0,3,2,0.5,1.154379,0.766695,0.0,0
2026-05-28T19:48:43.780740+00:00,tia_fast_time_stop,forward_optimized_long_ms_tia_fast_ts300,persist,TIAUSDT,"0-12,14-18,21-23",300,True,active,0,0,0,0,0.0,,1,0.461027,0,2,1,0.0,0.0,-4.966327,0.0,0
2026-05-28T19:53:44.672234+00:00,inj_tia_regime_filtered,forward_optimized_long_ms_inj_tia_regime,persist,"INJUSDT,TIAUSDT","0-12,14-18,21-23",,True,active,0,0,0,0,0.0,,2,1.284019,0,6,4,0.5,1.080107,0.661863,0.0,0
2026-05-28T19:53:44.993841+00:00,inj_tia_fast_time_stop,forward_optimized_long_ms_inj_tia_fast_ts300,persist,"INJUSDT,TIAUSDT","0-12,14-18,21-23",300,True,active,0,0,0,0,0.0,,1,0.461027,6,4,3,0.333333,0.303667,-3.958354,0.0,0
2026-05-28T19:53:45.016898+00:00,inj_only,forward_optimized_long_ms_inj_only,persist,INJUSDT,"0-12,14-18,21-23",,True,active,0,0,0,0,0.0,,1,0.822992,0,3,2,0.5,0.968193,-0.104832,0.0,0
2026-05-28T19:53:45.036523+00:00,inj_fast_time_stop,forward_optimized_long_ms_inj_fast_ts300,persist,INJUSDT,"0-12,14-18,21-23",300,True,active,0,0,0,0,0.0,,0,0,6,2,2,0.5,2.403387,1.007973,0.0,0
2026-05-28T19:53:45.058798+00:00,tia_only,forward_optimized_long_ms_tia_only,persist,TIAUSDT,"0-12,14-18,21-23",,True,active,0,0,0,0,0.0,,1,0.461027,0,3,2,0.5,1.154379,0.766695,0.0,0
2026-05-28T19:53:45.078227+00:00,tia_fast_time_stop,forward_optimized_long_ms_tia_fast_ts300,persist,TIAUSDT,"0-12,14-18,21-23",300,True,active,0,0,0,0,0.0,,1,0.461027,0,2,1,0.0,0.0,-4.966327,0.0,0
2026-05-28T19:58:46.190295+00:00,inj_tia_regime_filtered,forward_optimized_long_ms_inj_tia_regime,persist,"INJUSDT,TIAUSDT","0-12,14-18,21-23",,True,active,1,0,0,0,0.0,,2,0.919039,1,6,4,0.5,1.080107,0.661863,0.0,0
2026-05-28T19:58:46.513325+00:00,inj_tia_fast_time_stop,forward_optimized_long_ms_inj_tia_fast_ts300,persist,"INJUSDT,TIAUSDT","0-12,14-18,21-23",300,True,active,1,0,0,0,0.0,,1,0.096047,7,4,3,0.333333,0.303667,-3.958354,0.0,0
2026-05-28T19:58:46.537000+00:00,inj_only,forward_optimized_long_ms_inj_only,persist,INJUSDT,"0-12,14-18,21-23",,True,active,0,0,0,0,0.0,,1,0.822992,0,3,2,0.5,0.968193,-0.104832,0.0,0
2026-05-28T19:58:46.557142+00:00,inj_fast_time_stop,forward_optimized_long_ms_inj_fast_ts300,persist,INJUSDT,"0-12,14-18,21-23",300,True,active,0,0,0,0,0.0,,0,0,6,2,2,0.5,2.403387,1.007973,0.0,0
2026-05-28T19:58:46.581575+00:00,tia_only,forward_optimized_long_ms_tia_only,persist,TIAUSDT,"0-12,14-18,21-23",,True,active,1,0,0,0,0.0,,1,0.096047,1,3,2,0.5,1.154379,0.766695,0.0,0
2026-05-28T19:58:46.602609+00:00,tia_fast_time_stop,forward_optimized_long_ms_tia_fast_ts300,persist,TIAUSDT,"0-12,14-18,21-23",300,True,active,1,0,0,0,0.0,,1,0.096047,1,2,1,0.0,0.0,-4.966327,0.0,0
2026-05-28T20:03:47.920592+00:00,inj_tia_regime_filtered,forward_optimized_long_ms_inj_tia_regime,persist,"INJUSDT,TIAUSDT","0-12,14-18,21-23",,True,active,2,0,0,0,0.0,,2,0.491881,4,6,4,0.5,1.080107,0.661863,0.0,0
2026-05-28T20:03:48.257802+00:00,inj_tia_fast_time_stop,forward_optimized_long_ms_inj_tia_fast_ts300,persist,"INJUSDT,TIAUSDT","0-12,14-18,21-23",300,True,active,1,0,0,0,0.0,,1,0.115257,10,4,3,0.333333,0.303667,-3.958354,0.0,0
2026-05-28T20:03:48.282815+00:00,inj_only,forward_optimized_long_ms_inj_only,persist,INJUSDT,"0-12,14-18,21-23",,True,active,1,0,0,0,0.0,,1,0.376624,2,3,2,0.5,0.968193,-0.104832,0.0,0
2026-05-28T20:03:48.304161+00:00,inj_fast_time_stop,forward_optimized_long_ms_inj_fast_ts300,persist,INJUSDT,"0-12,14-18,21-23",300,True,active,0,0,0,0,0.0,,0,0,8,2,2,0.5,2.403387,1.007973,0.0,0
2026-05-28T20:03:48.328601+00:00,tia_only,forward_optimized_long_ms_tia_only,persist,TIAUSDT,"0-12,14-18,21-23",,True,active,1,0,0,0,0.0,,1,0.115257,2,3,2,0.5,1.154379,0.766695,0.0,0
2026-05-28T20:03:48.352234+00:00,tia_fast_time_stop,forward_optimized_long_ms_tia_fast_ts300,persist,TIAUSDT,"0-12,14-18,21-23",300,True,active,1,0,0,0,0.0,,1,0.115257,2,2,1,0.0,0.0,-4.966327,0.0,0
2026-05-28T20:08:49.397746+00:00,inj_tia_regime_filtered,forward_optimized_long_ms_inj_tia_regime,persist,"INJUSDT,TIAUSDT","0-12,14-18,21-23",,True,active,1,0,0,0,0.0,,2,-0.334126,1,6,4,0.5,1.080107,0.661863,0.0,0
2026-05-28T20:08:49.721325+00:00,inj_tia_fast_time_stop,forward_optimized_long_ms_inj_tia_fast_ts300,persist,"INJUSDT,TIAUSDT","0-12,14-18,21-23",300,True,active,1,0,0,0,0.0,,1,-0.71075,9,4,3,0.333333,0.303667,-3.958354,0.0,0
2026-05-28T20:08:49.743841+00:00,inj_only,forward_optimized_long_ms_inj_only,persist,INJUSDT,"0-12,14-18,21-23",,True,active,0,0,0,0,0.0,,1,0.376624,0,3,2,0.5,0.968193,-0.104832,0.0,0
2026-05-28T20:08:49.764267+00:00,inj_fast_time_stop,forward_optimized_long_ms_inj_fast_ts300,persist,INJUSDT,"0-12,14-18,21-23",300,True,active,0,0,0,0,0.0,,0,0,8,2,2,0.5,2.403387,1.007973,0.0,0
2026-05-28T20:08:49.794315+00:00,tia_only,forward_optimized_long_ms_tia_only,persist,TIAUSDT,"0-12,14-18,21-23",,True,active,1,0,0,0,0.0,,1,-0.71075,1,3,2,0.5,1.154379,0.766695,0.0,0
2026-05-28T20:08:49.814409+00:00,tia_fast_time_stop,forward_optimized_long_ms_tia_fast_ts300,persist,TIAUSDT,"0-12,14-18,21-23",300,True,active,1,0,0,0,0.0,,1,-0.71075,1,2,1,0.0,0.0,-4.966327,0.0,0
2026-05-28T20:13:50.733827+00:00,inj_tia_regime_filtered,forward_optimized_long_ms_inj_tia_regime,persist,"INJUSDT,TIAUSDT","0-12,14-18,21-23",,True,active,1,0,0,0,0.0,,2,0.098293,1,6,4,0.5,1.080107,0.661863,0.0,0
2026-05-28T20:13:51.060407+00:00,inj_tia_fast_time_stop,forward_optimized_long_ms_inj_tia_fast_ts300,persist,"INJUSDT,TIAUSDT","0-12,14-18,21-23",300,True,active,0,0,0,0,0.0,,1,-0.71075,9,4,3,0.333333,0.303667,-3.958354,0.0,0
2026-05-28T20:13:51.101972+00:00,inj_only,forward_optimized_long_ms_inj_only,persist,INJUSDT,"0-12,14-18,21-23",,True,active,1,0,0,0,0.0,,1,0.809043,1,3,2,0.5,0.968193,-0.104832,0.0,0
2026-05-28T20:13:51.127029+00:00,inj_fast_time_stop,forward_optimized_long_ms_inj_fast_ts300,persist,INJUSDT,"0-12,14-18,21-23",300,True,active,0,0,0,0,0.0,,0,0,9,2,2,0.5,2.403387,1.007973,0.0,0
2026-05-28T20:13:51.150753+00:00,tia_only,forward_optimized_long_ms_tia_only,persist,TIAUSDT,"0-12,14-18,21-23",,True,active,0,0,0,0,0.0,,1,-0.71075,0,3,2,0.5,1.154379,0.766695,0.0,0
2026-05-28T20:13:51.171209+00:00,tia_fast_time_stop,forward_optimized_long_ms_tia_fast_ts300,persist,TIAUSDT,"0-12,14-18,21-23",300,True,active,0,0,0,0,0.0,,1,-0.71075,0,2,1,0.0,0.0,-4.966327,0.0,0
2026-05-28T20:18:52.291018+00:00,inj_tia_regime_filtered,forward_optimized_long_ms_inj_tia_regime,persist,"INJUSDT,TIAUSDT","0-12,14-18,21-23",,True,active,0,0,0,0,0.0,,2,0.098293,0,6,4,0.5,1.080107,0.661863,0.0,0
2026-05-28T20:18:52.616483+00:00,inj_tia_fast_time_stop,forward_optimized_long_ms_inj_tia_fast_ts300,persist,"INJUSDT,TIAUSDT","0-12,14-18,21-23",300,True,active,0,0,0,0,0.0,,1,-0.71075,9,4,3,0.333333,0.303667,-3.958354,0.0,0
2026-05-28T20:18:52.640534+00:00,inj_only,forward_optimized_long_ms_inj_only,persist,INJUSDT,"0-12,14-18,21-23",,True,active,0,0,0,0,0.0,,1,0.809043,0,3,2,0.5,0.968193,-0.104832,0.0,0
2026-05-28T20:18:52.661303+00:00,inj_fast_time_stop,forward_optimized_long_ms_inj_fast_ts300,persist,INJUSDT,"0-12,14-18,21-23",300,True,active,0,0,0,0,0.0,,0,0,9,2,2,0.5,2.403387,1.007973,0.0,0
2026-05-28T20:18:52.686774+00:00,tia_only,forward_optimized_long_ms_tia_only,persist,TIAUSDT,"0-12,14-18,21-23",,True,active,0,0,0,0,0.0,,1,-0.71075,0,3,2,0.5,1.154379,0.766695,0.0,0
2026-05-28T20:18:52.707724+00:00,tia_fast_time_stop,forward_optimized_long_ms_tia_fast_ts300,persist,TIAUSDT,"0-12,14-18,21-23",300,True,active,0,0,0,0,0.0,,1,-0.71075,0,2,1,0.0,0.0,-4.966327,0.0,0
2026-05-28T20:23:53.655155+00:00,inj_tia_regime_filtered,forward_optimized_long_ms_inj_tia_regime,persist,"INJUSDT,TIAUSDT","0-12,14-18,21-23",,True,active,0,0,0,0,0.0,,2,0.098293,0,6,4,0.5,1.080107,0.661863,0.0,0
2026-05-28T20:23:53.978144+00:00,inj_tia_fast_time_stop,forward_optimized_long_ms_inj_tia_fast_ts300,persist,"INJUSDT,TIAUSDT","0-12,14-18,21-23",300,True,active,0,0,0,0,0.0,,1,-0.71075,9,4,3,0.333333,0.303667,-3.958354,0.0,0
2026-05-28T20:23:54.004127+00:00,inj_only,forward_optimized_long_ms_inj_only,persist,INJUSDT,"0-12,14-18,21-23",,True,active,0,0,0,0,0.0,,1,0.809043,0,3,2,0.5,0.968193,-0.104832,0.0,0
2026-05-28T20:23:54.027079+00:00,inj_fast_time_stop,forward_optimized_long_ms_inj_fast_ts300,persist,INJUSDT,"0-12,14-18,21-23",300,True,active,0,0,0,0,0.0,,0,0,9,2,2,0.5,2.403387,1.007973,0.0,0
2026-05-28T20:23:54.050947+00:00,tia_only,forward_optimized_long_ms_tia_only,persist,TIAUSDT,"0-12,14-18,21-23",,True,active,0,0,0,0,0.0,,1,-0.71075,0,3,2,0.5,1.154379,0.766695,0.0,0
2026-05-28T20:23:54.071927+00:00,tia_fast_time_stop,forward_optimized_long_ms_tia_fast_ts300,persist,TIAUSDT,"0-12,14-18,21-23",300,True,active,0,0,0,0,0.0,,1,-0.71075,0,2,1,0.0,0.0,-4.966327,0.0,0
2026-05-28T20:28:55.011572+00:00,inj_tia_regime_filtered,forward_optimized_long_ms_inj_tia_regime,persist,"INJUSDT,TIAUSDT","0-12,14-18,21-23",,True,active,0,0,0,0,0.0,,2,0.098293,0,6,4,0.5,1.080107,0.661863,0.0,0
2026-05-28T20:28:55.334966+00:00,inj_tia_fast_time_stop,forward_optimized_long_ms_inj_tia_fast_ts300,persist,"INJUSDT,TIAUSDT","0-12,14-18,21-23",300,True,active,0,0,0,0,0.0,,1,-0.71075,9,4,3,0.333333,0.303667,-3.958354,0.0,0
2026-05-28T20:28:55.359221+00:00,inj_only,forward_optimized_long_ms_inj_only,persist,INJUSDT,"0-12,14-18,21-23",,True,active,0,0,0,0,0.0,,1,0.809043,0,3,2,0.5,0.968193,-0.104832,0.0,0
2026-05-28T20:28:55.379435+00:00,inj_fast_time_stop,forward_optimized_long_ms_inj_fast_ts300,persist,INJUSDT,"0-12,14-18,21-23",300,True,active,0,0,0,0,0.0,,0,0,9,2,2,0.5,2.403387,1.007973,0.0,0
2026-05-28T20:28:55.401660+00:00,tia_only,forward_optimized_long_ms_tia_only,persist,TIAUSDT,"0-12,14-18,21-23",,True,active,0,0,0,0,0.0,,1,-0.71075,0,3,2,0.5,1.154379,0.766695,0.0,0
2026-05-28T20:28:55.421803+00:00,tia_fast_time_stop,forward_optimized_long_ms_tia_fast_ts300,persist,TIAUSDT,"0-12,14-18,21-23",300,True,active,0,0,0,0,0.0,,1,-0.71075,0,2,1,0.0,0.0,-4.966327,0.0,0
2026-05-28T20:33:56.963516+00:00,inj_tia_regime_filtered,forward_optimized_long_ms_inj_tia_regime,persist,"INJUSDT,TIAUSDT","0-12,14-18,21-23",,True,active,1,0,0,0,0.0,,2,0.670203,4,6,4,0.5,1.080107,0.661863,0.0,0
2026-05-28T20:33:57.288937+00:00,inj_tia_fast_time_stop,forward_optimized_long_ms_inj_tia_fast_ts300,persist,"INJUSDT,TIAUSDT","0-12,14-18,21-23",300,True,active,0,0,0,0,0.0,,1,-0.71075,13,4,3,0.333333,0.303667,-3.958354,0.0,0
2026-05-28T20:33:57.314858+00:00,inj_only,forward_optimized_long_ms_inj_only,persist,INJUSDT,"0-12,14-18,21-23",,True,active,1,0,0,0,0.0,,1,1.380953,4,3,2,0.5,0.968193,-0.104832,0.0,0
2026-05-28T20:33:57.336981+00:00,inj_fast_time_stop,forward_optimized_long_ms_inj_fast_ts300,persist,INJUSDT,"0-12,14-18,21-23",300,True,active,0,0,0,0,0.0,,0,0,13,2,2,0.5,2.403387,1.007973,0.0,0
2026-05-28T20:33:57.359905+00:00,tia_only,forward_optimized_long_ms_tia_only,persist,TIAUSDT,"0-12,14-18,21-23",,True,active,0,0,0,0,0.0,,1,-0.71075,0,3,2,0.5,1.154379,0.766695,0.0,0
2026-05-28T20:33:57.381090+00:00,tia_fast_time_stop,forward_optimized_long_ms_tia_fast_ts300,persist,TIAUSDT,"0-12,14-18,21-23",300,True,active,0,0,0,0,0.0,,1,-0.71075,0,2,1,0.0,0.0,-4.966327,0.0,0
2026-05-28T20:38:58.325384+00:00,inj_tia_regime_filtered,forward_optimized_long_ms_inj_tia_regime,persist,"INJUSDT,TIAUSDT","0-12,14-18,21-23",,True,active,1,0,0,0,0.0,,2,1.726723,6,6,4,0.5,1.080107,0.661863,0.0,0
2026-05-28T20:38:58.652295+00:00,inj_tia_fast_time_stop,forward_optimized_long_ms_inj_tia_fast_ts300,persist,"INJUSDT,TIAUSDT","0-12,14-18,21-23",300,True,active,1,0,0,0,0.0,,1,0.34577,19,4,3,0.333333,0.303667,-3.958354,0.0,0
2026-05-28T20:38:58.677136+00:00,inj_only,forward_optimized_long_ms_inj_only,persist,INJUSDT,"0-12,14-18,21-23",,True,active,0,0,0,0,0.0,,1,1.380953,0,3,2,0.5,0.968193,-0.104832,0.0,0
2026-05-28T20:38:58.703179+00:00,inj_fast_time_stop,forward_optimized_long_ms_inj_fast_ts300,persist,INJUSDT,"0-12,14-18,21-23",300,True,active,0,0,0,0,0.0,,0,0,13,2,2,0.5,2.403387,1.007973,0.0,0
2026-05-28T20:38:58.732095+00:00,tia_only,forward_optimized_long_ms_tia_only,persist,TIAUSDT,"0-12,14-18,21-23",,True,active,1,0,0,0,0.0,,1,0.34577,6,3,2,0.5,1.154379,0.766695,0.0,0
2026-05-28T20:38:58.756934+00:00,tia_fast_time_stop,forward_optimized_long_ms_tia_fast_ts300,persist,TIAUSDT,"0-12,14-18,21-23",300,True,active,1,0,0,0,0.0,,1,0.34577,6,2,1,0.0,0.0,-4.966327,0.0,0
2026-05-28T20:44:00.121373+00:00,inj_tia_regime_filtered,forward_optimized_long_ms_inj_tia_regime,persist,"INJUSDT,TIAUSDT","0-12,14-18,21-23",,True,active,1,0,0,0,0.0,,2,2.312582,1,6,4,0.5,1.080107,0.661863,0.0,0
2026-05-28T20:44:00.443711+00:00,inj_tia_fast_time_stop,forward_optimized_long_ms_inj_tia_fast_ts300,persist,"INJUSDT,TIAUSDT","0-12,14-18,21-23",300,True,active,0,0,0,0,0.0,,1,0.34577,14,4,3,0.333333,0.303667,-3.958354,0.0,0
2026-05-28T20:44:00.468833+00:00,inj_only,forward_optimized_long_ms_inj_only,persist,INJUSDT,"0-12,14-18,21-23",,True,active,1,0,0,0,0.0,,1,1.966812,1,3,2,0.5,0.968193,-0.104832,0.0,0
2026-05-28T20:44:00.489195+00:00,inj_fast_time_stop,forward_optimized_long_ms_inj_fast_ts300,persist,INJUSDT,"0-12,14-18,21-23",300,True,active,0,0,0,0,0.0,,0,0,14,2,2,0.5,2.403387,1.007973,0.0,0
2026-05-28T20:44:00.512679+00:00,tia_only,forward_optimized_long_ms_tia_only,persist,TIAUSDT,"0-12,14-18,21-23",,True,active,0,0,0,0,0.0,,1,0.34577,0,3,2,0.5,1.154379,0.766695,0.0,0
2026-05-28T20:44:00.532377+00:00,tia_fast_time_stop,forward_optimized_long_ms_tia_fast_ts300,persist,TIAUSDT,"0-12,14-18,21-23",300,True,active,0,0,0,0,0.0,,1,0.34577,0,2,1,0.0,0.0,-4.966327,0.0,0
2026-05-28T20:49:01.879054+00:00,inj_tia_regime_filtered,forward_optimized_long_ms_inj_tia_regime,persist,"INJUSDT,TIAUSDT","0-12,14-18,21-23",,True,active,0,0,0,0,0.0,,2,2.312582,0,6,4,0.5,1.080107,0.661863,0.0,0
2026-05-28T20:49:02.211558+00:00,inj_tia_fast_time_stop,forward_optimized_long_ms_inj_tia_fast_ts300,persist,"INJUSDT,TIAUSDT","0-12,14-18,21-23",300,True,active,0,0,0,0,0.0,,1,0.34577,14,4,3,0.333333,0.303667,-3.958354,0.0,0
2026-05-28T20:49:02.246791+00:00,inj_only,forward_optimized_long_ms_inj_only,persist,INJUSDT,"0-12,14-18,21-23",,True,active,0,0,0,0,0.0,,1,1.966812,0,3,2,0.5,0.968193,-0.104832,0.0,0
2026-05-28T20:49:02.274309+00:00,inj_fast_time_stop,forward_optimized_long_ms_inj_fast_ts300,persist,INJUSDT,"0-12,14-18,21-23",300,True,active,0,0,0,0,0.0,,0,0,14,2,2,0.5,2.403387,1.007973,0.0,0
2026-05-28T20:49:02.298754+00:00,tia_only,forward_optimized_long_ms_tia_only,persist,TIAUSDT,"0-12,14-18,21-23",,True,active,0,0,0,0,0.0,,1,0.34577,0,3,2,0.5,1.154379,0.766695,0.0,0
2026-05-28T20:49:02.321724+00:00,tia_fast_time_stop,forward_optimized_long_ms_tia_fast_ts300,persist,TIAUSDT,"0-12,14-18,21-23",300,True,active,0,0,0,0,0.0,,1,0.34577,0,2,1,0.0,0.0,-4.966327,0.0,0
2026-05-28T20:54:03.227550+00:00,inj_tia_regime_filtered,forward_optimized_long_ms_inj_tia_regime,persist,"INJUSDT,TIAUSDT","0-12,14-18,21-23",,True,active,0,0,0,0,0.0,,2,2.312582,0,6,4,0.5,1.080107,0.661863,0.0,0
2026-05-28T20:54:03.551179+00:00,inj_tia_fast_time_stop,forward_optimized_long_ms_inj_tia_fast_ts300,persist,"INJUSDT,TIAUSDT","0-12,14-18,21-23",300,True,active,0,0,0,0,0.0,,1,0.34577,14,4,3,0.333333,0.303667,-3.958354,0.0,0
2026-05-28T20:54:03.575505+00:00,inj_only,forward_optimized_long_ms_inj_only,persist,INJUSDT,"0-12,14-18,21-23",,True,active,0,0,0,0,0.0,,1,1.966812,0,3,2,0.5,0.968193,-0.104832,0.0,0
2026-05-28T20:54:03.596329+00:00,inj_fast_time_stop,forward_optimized_long_ms_inj_fast_ts300,persist,INJUSDT,"0-12,14-18,21-23",300,True,active,0,0,0,0,0.0,,0,0,14,2,2,0.5,2.403387,1.007973,0.0,0
2026-05-28T20:54:03.619918+00:00,tia_only,forward_optimized_long_ms_tia_only,persist,TIAUSDT,"0-12,14-18,21-23",,True,active,0,0,0,0,0.0,,1,0.34577,0,3,2,0.5,1.154379,0.766695,0.0,0
2026-05-28T20:54:03.640568+00:00,tia_fast_time_stop,forward_optimized_long_ms_tia_fast_ts300,persist,TIAUSDT,"0-12,14-18,21-23",300,True,active,0,0,0,0,0.0,,1,0.34577,0,2,1,0.0,0.0,-4.966327,0.0,0
2026-05-28T20:59:05.220218+00:00,inj_tia_regime_filtered,forward_optimized_long_ms_inj_tia_regime,persist,"INJUSDT,TIAUSDT","0-12,14-18,21-23",,True,active,1,0,0,0,0.0,,2,2.103347,3,6,4,0.5,1.080107,0.661863,0.0,0
2026-05-28T20:59:05.555533+00:00,inj_tia_fast_time_stop,forward_optimized_long_ms_inj_tia_fast_ts300,persist,"INJUSDT,TIAUSDT","0-12,14-18,21-23",300,True,active,0,0,0,0,0.0,,1,0.34577,17,4,3,0.333333,0.303667,-3.958354,0.0,0
2026-05-28T20:59:05.597054+00:00,inj_only,forward_optimized_long_ms_inj_only,persist,INJUSDT,"0-12,14-18,21-23",,True,active,1,0,0,0,0.0,,1,1.757577,3,3,2,0.5,0.968193,-0.104832,0.0,0
2026-05-28T20:59:05.620387+00:00,inj_fast_time_stop,forward_optimized_long_ms_inj_fast_ts300,persist,INJUSDT,"0-12,14-18,21-23",300,True,active,0,0,0,0,0.0,,0,0,17,2,2,0.5,2.403387,1.007973,0.0,0
2026-05-28T20:59:05.644803+00:00,tia_only,forward_optimized_long_ms_tia_only,persist,TIAUSDT,"0-12,14-18,21-23",,True,active,0,0,0,0,0.0,,1,0.34577,0,3,2,0.5,1.154379,0.766695,0.0,0
2026-05-28T20:59:05.676534+00:00,tia_fast_time_stop,forward_optimized_long_ms_tia_fast_ts300,persist,TIAUSDT,"0-12,14-18,21-23",300,True,active,0,0,0,0,0.0,,1,0.34577,0,2,1,0.0,0.0,-4.966327,0.0,0
2026-05-28T20:59:22.137244+00:00,inj_fast_tia_standard,forward_optimized_long_ms_inj_fast_tia_standard,dry_run,"INJUSDT,TIAUSDT","0-12,14-18,21-23","{'INJUSDT': 300, 'TIAUSDT': 600}",True,active,0,0,4,0,0.0,,2,2.103347,200,0,0,,,0.0,0.0,0
2026-05-28T21:02:38.636732+00:00,inj_tia_regime_filtered,forward_optimized_long_ms_inj_tia_regime,persist,"INJUSDT,TIAUSDT","0-12,14-18,21-23",,True,active,1,0,0,0,0.0,,2,1.977805,2,6,4,0.5,1.080107,0.661863,0.0,0
2026-05-28T21:02:39.037825+00:00,inj_fast_tia_standard,forward_optimized_long_ms_inj_fast_tia_standard,persist,"INJUSDT,TIAUSDT","0-12,14-18,21-23","{'INJUSDT': 300, 'TIAUSDT': 600}",True,active,6,0,0,2,-3.240111,0.5,1,0.34577,1600,3,2,0.5,0.347584,-3.240111,0.0,0
2026-05-28T21:02:39.057589+00:00,inj_fast_time_stop,forward_optimized_long_ms_inj_fast_ts300,persist,INJUSDT,"0-12,14-18,21-23",300,True,active,0,0,0,0,0.0,,0,0,19,2,2,0.5,2.403387,1.007973,0.0,0
2026-05-28T21:02:39.079073+00:00,tia_only,forward_optimized_long_ms_tia_only,persist,TIAUSDT,"0-12,14-18,21-23",,True,active,0,0,0,0,0.0,,1,0.34577,0,3,2,0.5,1.154379,0.766695,0.0,0
2026-05-28T21:07:40.214725+00:00,inj_tia_regime_filtered,forward_optimized_long_ms_inj_tia_regime,persist,"INJUSDT,TIAUSDT","0-12,14-18,21-23",,True,active,1,0,0,0,0.0,,2,1.382312,6,6,4,0.5,1.080107,0.661863,0.0,0
2026-05-28T21:07:40.536269+00:00,inj_fast_tia_standard,forward_optimized_long_ms_inj_fast_tia_standard,persist,"INJUSDT,TIAUSDT","0-12,14-18,21-23","{'INJUSDT': 300, 'TIAUSDT': 600}",True,active,1,0,0,0,0.0,,1,-0.249723,25,3,2,0.5,0.347584,-3.240111,0.0,0
2026-05-28T21:07:40.554894+00:00,inj_fast_time_stop,forward_optimized_long_ms_inj_fast_ts300,persist,INJUSDT,"0-12,14-18,21-23",300,True,active,0,0,0,0,0.0,,0,0,19,2,2,0.5,2.403387,1.007973,0.0,0
2026-05-28T21:07:40.577119+00:00,tia_only,forward_optimized_long_ms_tia_only,persist,TIAUSDT,"0-12,14-18,21-23",,True,active,1,0,0,0,0.0,,1,-0.249723,6,3,2,0.5,1.154379,0.766695,0.0,0
2026-05-28T21:12:41.500043+00:00,inj_tia_regime_filtered,forward_optimized_long_ms_inj_tia_regime,persist,"INJUSDT,TIAUSDT","0-12,14-18,21-23",,True,active,1,0,0,0,0.0,,2,1.689663,2,6,4,0.5,1.080107,0.661863,0.0,0
2026-05-28T21:12:41.826323+00:00,inj_fast_tia_standard,forward_optimized_long_ms_inj_fast_tia_standard,persist,"INJUSDT,TIAUSDT","0-12,14-18,21-23","{'INJUSDT': 300, 'TIAUSDT': 600}",True,active,1,0,0,0,0.0,,1,0.057628,21,3,2,0.5,0.347584,-3.240111,0.0,0
2026-05-28T21:12:41.863423+00:00,inj_fast_time_stop,forward_optimized_long_ms_inj_fast_ts300,persist,INJUSDT,"0-12,14-18,21-23",300,True,active,0,0,0,0,0.0,,0,0,19,2,2,0.5,2.403387,1.007973,0.0,0
2026-05-28T21:12:41.899375+00:00,tia_only,forward_optimized_long_ms_tia_only,persist,TIAUSDT,"0-12,14-18,21-23",,True,active,1,0,0,0,0.0,,1,0.057628,2,3,2,0.5,1.154379,0.766695,0.0,0
2026-05-28T21:14:08.770966+00:00,inj_tia_regime_filtered,forward_optimized_long_ms_inj_tia_regime,persist,"INJUSDT,TIAUSDT","0-12,14-18,21-23",,True,active,1,0,0,0,0.0,,2,2.233675,1,6,4,0.5,1.080107,0.661863,0.0,0
2026-05-28T21:14:09.092875+00:00,inj_fast_tia_standard,forward_optimized_long_ms_inj_fast_tia_standard,persist,"INJUSDT,TIAUSDT","0-12,14-18,21-23","{'INJUSDT': 300, 'TIAUSDT': 600}",True,active,0,0,0,0,0.0,,1,0.057628,20,3,2,0.5,0.347584,-3.240111,0.0,0
2026-05-28T21:14:09.115235+00:00,inj_fast_time_stop,forward_optimized_long_ms_inj_fast_ts300,persist,INJUSDT,"0-12,14-18,21-23",300,True,active,0,0,0,0,0.0,,0,0,20,2,2,0.5,2.403387,1.007973,0.0,0
2026-05-28T21:14:09.138395+00:00,tia_only,forward_optimized_long_ms_tia_only,persist,TIAUSDT,"0-12,14-18,21-23",,True,active,0,0,0,0,0.0,,1,0.057628,0,3,2,0.5,1.154379,0.766695,0.0,0
2026-05-28T21:19:10.046025+00:00,inj_tia_regime_filtered,forward_optimized_long_ms_inj_tia_regime,persist,"INJUSDT,TIAUSDT","0-12,14-18,21-23",,True,active,0,0,0,0,0.0,,2,2.233675,0,6,4,0.5,1.080107,0.661863,0.0,0
2026-05-28T21:19:10.368533+00:00,inj_fast_tia_standard,forward_optimized_long_ms_inj_fast_tia_standard,persist,"INJUSDT,TIAUSDT","0-12,14-18,21-23","{'INJUSDT': 300, 'TIAUSDT': 600}",True,active,0,0,0,0,0.0,,1,0.057628,20,3,2,0.5,0.347584,-3.240111,0.0,0
2026-05-28T21:19:10.388223+00:00,inj_fast_time_stop,forward_optimized_long_ms_inj_fast_ts300,persist,INJUSDT,"0-12,14-18,21-23",300,True,active,0,0,0,0,0.0,,0,0,20,2,2,0.5,2.403387,1.007973,0.0,0
2026-05-28T21:19:10.409225+00:00,tia_only,forward_optimized_long_ms_tia_only,persist,TIAUSDT,"0-12,14-18,21-23",,True,active,0,0,0,0,0.0,,1,0.057628,0,3,2,0.5,1.154379,0.766695,0.0,0
2026-05-28T21:24:11.957631+00:00,inj_tia_regime_filtered,forward_optimized_long_ms_inj_tia_regime,persist,"INJUSDT,TIAUSDT","0-12,14-18,21-23",,True,active,1,0,0,0,0.0,,2,1.410683,2,6,4,0.5,1.080107,0.661863,0.0,0
2026-05-28T21:24:12.278315+00:00,inj_fast_tia_standard,forward_optimized_long_ms_inj_fast_tia_standard,persist,"INJUSDT,TIAUSDT","0-12,14-18,21-23","{'INJUSDT': 300, 'TIAUSDT': 600}",True,active,0,0,0,0,0.0,,1,0.057628,22,3,2,0.5,0.347584,-3.240111,0.0,0
2026-05-28T21:24:12.297930+00:00,inj_fast_time_stop,forward_optimized_long_ms_inj_fast_ts300,persist,INJUSDT,"0-12,14-18,21-23",300,True,active,0,0,0,0,0.0,,0,0,22,2,2,0.5,2.403387,1.007973,0.0,0
2026-05-28T21:24:12.319394+00:00,tia_only,forward_optimized_long_ms_tia_only,persist,TIAUSDT,"0-12,14-18,21-23",,True,active,0,0,0,0,0.0,,1,0.057628,0,3,2,0.5,1.154379,0.766695,0.0,0
2026-05-28T21:29:13.904549+00:00,inj_tia_regime_filtered,forward_optimized_long_ms_inj_tia_regime,persist,"INJUSDT,TIAUSDT","0-12,14-18,21-23",,True,active,1,0,0,0,0.0,,2,1.396734,3,6,4,0.5,1.080107,0.661863,0.0,0
2026-05-28T21:29:14.236135+00:00,inj_fast_tia_standard,forward_optimized_long_ms_inj_fast_tia_standard,persist,"INJUSDT,TIAUSDT","0-12,14-18,21-23","{'INJUSDT': 300, 'TIAUSDT': 600}",True,active,0,0,0,0,0.0,,1,0.057628,25,3,2,0.5,0.347584,-3.240111,0.0,0
2026-05-28T21:29:14.259532+00:00,inj_fast_time_stop,forward_optimized_long_ms_inj_fast_ts300,persist,INJUSDT,"0-12,14-18,21-23",300,True,active,0,0,0,0,0.0,,0,0,25,2,2,0.5,2.403387,1.007973,0.0,0
2026-05-28T21:29:14.288227+00:00,tia_only,forward_optimized_long_ms_tia_only,persist,TIAUSDT,"0-12,14-18,21-23",,True,active,0,0,0,0,0.0,,1,0.057628,0,3,2,0.5,1.154379,0.766695,0.0,0
2026-05-28T21:34:15.196726+00:00,inj_tia_regime_filtered,forward_optimized_long_ms_inj_tia_regime,persist,"INJUSDT,TIAUSDT","0-12,14-18,21-23",,True,active,0,0,0,0,0.0,,2,1.396734,0,6,4,0.5,1.080107,0.661863,0.0,0
2026-05-28T21:34:15.518952+00:00,inj_fast_tia_standard,forward_optimized_long_ms_inj_fast_tia_standard,persist,"INJUSDT,TIAUSDT","0-12,14-18,21-23","{'INJUSDT': 300, 'TIAUSDT': 600}",True,active,0,0,0,0,0.0,,1,0.057628,25,3,2,0.5,0.347584,-3.240111,0.0,0
2026-05-28T21:34:15.539980+00:00,inj_fast_time_stop,forward_optimized_long_ms_inj_fast_ts300,persist,INJUSDT,"0-12,14-18,21-23",300,True,active,0,0,0,0,0.0,,0,0,25,2,2,0.5,2.403387,1.007973,0.0,0
2026-05-28T21:34:15.566699+00:00,tia_only,forward_optimized_long_ms_tia_only,persist,TIAUSDT,"0-12,14-18,21-23",,True,active,0,0,0,0,0.0,,1,0.057628,0,3,2,0.5,1.154379,0.766695,0.0,0
2026-05-28T21:39:17.139370+00:00,inj_tia_regime_filtered,forward_optimized_long_ms_inj_tia_regime,persist,"INJUSDT,TIAUSDT","0-12,14-18,21-23",,True,active,0,0,0,0,0.0,,2,1.396734,0,6,4,0.5,1.080107,0.661863,0.0,0
2026-05-28T21:39:17.460510+00:00,inj_fast_tia_standard,forward_optimized_long_ms_inj_fast_tia_standard,persist,"INJUSDT,TIAUSDT","0-12,14-18,21-23","{'INJUSDT': 300, 'TIAUSDT': 600}",True,active,0,0,0,0,0.0,,1,0.057628,25,3,2,0.5,0.347584,-3.240111,0.0,0
2026-05-28T21:39:17.480796+00:00,inj_fast_time_stop,forward_optimized_long_ms_inj_fast_ts300,persist,INJUSDT,"0-12,14-18,21-23",300,True,active,0,0,0,0,0.0,,0,0,25,2,2,0.5,2.403387,1.007973,0.0,0
2026-05-28T21:39:17.502675+00:00,tia_only,forward_optimized_long_ms_tia_only,persist,TIAUSDT,"0-12,14-18,21-23",,True,active,0,0,0,0,0.0,,1,0.057628,0,3,2,0.5,1.154379,0.766695,0.0,0
2026-05-28T21:44:19.082123+00:00,inj_tia_regime_filtered,forward_optimized_long_ms_inj_tia_regime,persist,"INJUSDT,TIAUSDT","0-12,14-18,21-23",,True,active,0,0,0,0,0.0,,2,1.396734,0,6,4,0.5,1.080107,0.661863,0.0,0
2026-05-28T21:44:19.402001+00:00,inj_fast_tia_standard,forward_optimized_long_ms_inj_fast_tia_standard,persist,"INJUSDT,TIAUSDT","0-12,14-18,21-23","{'INJUSDT': 300, 'TIAUSDT': 600}",True,active,0,0,0,0,0.0,,1,0.057628,25,3,2,0.5,0.347584,-3.240111,0.0,0
2026-05-28T21:44:19.421438+00:00,inj_fast_time_stop,forward_optimized_long_ms_inj_fast_ts300,persist,INJUSDT,"0-12,14-18,21-23",300,True,active,0,0,0,0,0.0,,0,0,25,2,2,0.5,2.403387,1.007973,0.0,0
2026-05-28T21:44:19.443278+00:00,tia_only,forward_optimized_long_ms_tia_only,persist,TIAUSDT,"0-12,14-18,21-23",,True,active,0,0,0,0,0.0,,1,0.057628,0,3,2,0.5,1.154379,0.766695,0.0,0
2026-05-28T21:49:20.763853+00:00,inj_tia_regime_filtered,forward_optimized_long_ms_inj_tia_regime,persist,"INJUSDT,TIAUSDT","0-12,14-18,21-23",,True,active,1,0,0,0,0.0,,2,1.661765,1,6,4,0.5,1.080107,0.661863,0.0,0
2026-05-28T21:49:21.083940+00:00,inj_fast_tia_standard,forward_optimized_long_ms_inj_fast_tia_standard,persist,"INJUSDT,TIAUSDT","0-12,14-18,21-23","{'INJUSDT': 300, 'TIAUSDT': 600}",True,active,0,0,0,0,0.0,,1,0.057628,26,3,2,0.5,0.347584,-3.240111,0.0,0
2026-05-28T21:49:21.103687+00:00,inj_fast_time_stop,forward_optimized_long_ms_inj_fast_ts300,persist,INJUSDT,"0-12,14-18,21-23",300,True,active,0,0,0,0,0.0,,0,0,26,2,2,0.5,2.403387,1.007973,0.0,0
2026-05-28T21:49:21.124858+00:00,tia_only,forward_optimized_long_ms_tia_only,persist,TIAUSDT,"0-12,14-18,21-23",,True,active,0,0,0,0,0.0,,1,0.057628,0,3,2,0.5,1.154379,0.766695,0.0,0
2026-05-28T21:54:22.062187+00:00,inj_tia_regime_filtered,forward_optimized_long_ms_inj_tia_regime,persist,"INJUSDT,TIAUSDT","0-12,14-18,21-23",,True,active,1,0,0,0,0.0,,2,1.647816,1,6,4,0.5,1.080107,0.661863,0.0,0
2026-05-28T21:54:22.382621+00:00,inj_fast_tia_standard,forward_optimized_long_ms_inj_fast_tia_standard,persist,"INJUSDT,TIAUSDT","0-12,14-18,21-23","{'INJUSDT': 300, 'TIAUSDT': 600}",True,active,0,0,0,0,0.0,,1,0.057628,27,3,2,0.5,0.347584,-3.240111,0.0,0
2026-05-28T21:54:22.401889+00:00,inj_fast_time_stop,forward_optimized_long_ms_inj_fast_ts300,persist,INJUSDT,"0-12,14-18,21-23",300,True,active,0,0,0,0,0.0,,0,0,27,2,2,0.5,2.403387,1.007973,0.0,0
2026-05-28T21:54:22.422664+00:00,tia_only,forward_optimized_long_ms_tia_only,persist,TIAUSDT,"0-12,14-18,21-23",,True,active,0,0,0,0,0.0,,1,0.057628,0,3,2,0.5,1.154379,0.766695,0.0,0
2026-05-28T21:59:23.984491+00:00,inj_tia_regime_filtered,forward_optimized_long_ms_inj_tia_regime,persist,"INJUSDT,TIAUSDT","0-12,14-18,21-23",,True,active,0,0,0,0,0.0,,2,1.647816,0,6,4,0.5,1.080107,0.661863,0.0,0
2026-05-28T21:59:24.303738+00:00,inj_fast_tia_standard,forward_optimized_long_ms_inj_fast_tia_standard,persist,"INJUSDT,TIAUSDT","0-12,14-18,21-23","{'INJUSDT': 300, 'TIAUSDT': 600}",True,active,0,0,0,0,0.0,,1,0.057628,27,3,2,0.5,0.347584,-3.240111,0.0,0
2026-05-28T21:59:24.324233+00:00,inj_fast_time_stop,forward_optimized_long_ms_inj_fast_ts300,persist,INJUSDT,"0-12,14-18,21-23",300,True,active,0,0,0,0,0.0,,0,0,27,2,2,0.5,2.403387,1.007973,0.0,0
2026-05-28T21:59:24.345238+00:00,tia_only,forward_optimized_long_ms_tia_only,persist,TIAUSDT,"0-12,14-18,21-23",,True,active,0,0,0,0,0.0,,1,0.057628,0,3,2,0.5,1.154379,0.766695,0.0,0
2026-05-28T22:04:25.676878+00:00,inj_tia_regime_filtered,forward_optimized_long_ms_inj_tia_regime,persist,"INJUSDT,TIAUSDT","0-12,14-18,21-23",,True,active,0,0,0,0,0.0,,2,1.647816,0,6,4,0.5,1.080107,0.661863,0.0,0
2026-05-28T22:04:25.998414+00:00,inj_fast_tia_standard,forward_optimized_long_ms_inj_fast_tia_standard,persist,"INJUSDT,TIAUSDT","0-12,14-18,21-23","{'INJUSDT': 300, 'TIAUSDT': 600}",True,active,0,0,0,0,0.0,,1,0.057628,27,3,2,0.5,0.347584,-3.240111,0.0,0
2026-05-28T22:04:26.019581+00:00,inj_fast_time_stop,forward_optimized_long_ms_inj_fast_ts300,persist,INJUSDT,"0-12,14-18,21-23",300,True,active,0,0,0,0,0.0,,0,0,27,2,2,0.5,2.403387,1.007973,0.0,0
2026-05-28T22:04:26.041579+00:00,tia_only,forward_optimized_long_ms_tia_only,persist,TIAUSDT,"0-12,14-18,21-23",,True,active,0,0,0,0,0.0,,1,0.057628,0,3,2,0.5,1.154379,0.766695,0.0,0
2026-05-28T22:09:26.929934+00:00,inj_tia_regime_filtered,forward_optimized_long_ms_inj_tia_regime,persist,"INJUSDT,TIAUSDT","0-12,14-18,21-23",,True,active,0,0,0,0,0.0,,2,1.647816,0,6,4,0.5,1.080107,0.661863,0.0,0
2026-05-28T22:09:27.249148+00:00,inj_fast_tia_standard,forward_optimized_long_ms_inj_fast_tia_standard,persist,"INJUSDT,TIAUSDT","0-12,14-18,21-23","{'INJUSDT': 300, 'TIAUSDT': 600}",True,active,0,0,0,0,0.0,,1,0.057628,27,3,2,0.5,0.347584,-3.240111,0.0,0
2026-05-28T22:09:27.267571+00:00,inj_fast_time_stop,forward_optimized_long_ms_inj_fast_ts300,persist,INJUSDT,"0-12,14-18,21-23",300,True,active,0,0,0,0,0.0,,0,0,27,2,2,0.5,2.403387,1.007973,0.0,0
2026-05-28T22:09:27.287300+00:00,tia_only,forward_optimized_long_ms_tia_only,persist,TIAUSDT,"0-12,14-18,21-23",,True,active,0,0,0,0,0.0,,1,0.057628,0,3,2,0.5,1.154379,0.766695,0.0,0
2026-05-28T22:14:28.403654+00:00,inj_tia_regime_filtered,forward_optimized_long_ms_inj_tia_regime,persist,"INJUSDT,TIAUSDT","0-12,14-18,21-23",,True,active,0,0,0,0,0.0,,2,1.647816,0,6,4,0.5,1.080107,0.661863,0.0,0
2026-05-28T22:14:28.722750+00:00,inj_fast_tia_standard,forward_optimized_long_ms_inj_fast_tia_standard,persist,"INJUSDT,TIAUSDT","0-12,14-18,21-23","{'INJUSDT': 300, 'TIAUSDT': 600}",True,active,0,0,0,0,0.0,,1,0.057628,27,3,2,0.5,0.347584,-3.240111,0.0,0
2026-05-28T22:14:28.740958+00:00,inj_fast_time_stop,forward_optimized_long_ms_inj_fast_ts300,persist,INJUSDT,"0-12,14-18,21-23",300,True,active,0,0,0,0,0.0,,0,0,27,2,2,0.5,2.403387,1.007973,0.0,0
2026-05-28T22:14:28.760097+00:00,tia_only,forward_optimized_long_ms_tia_only,persist,TIAUSDT,"0-12,14-18,21-23",,True,active,0,0,0,0,0.0,,1,0.057628,0,3,2,0.5,1.154379,0.766695,0.0,0
2026-05-28T22:19:29.894585+00:00,inj_tia_regime_filtered,forward_optimized_long_ms_inj_tia_regime,persist,"INJUSDT,TIAUSDT","0-12,14-18,21-23",,True,active,1,0,0,0,0.0,,2,1.061958,2,6,4,0.5,1.080107,0.661863,0.0,0
2026-05-28T22:19:30.213998+00:00,inj_fast_tia_standard,forward_optimized_long_ms_inj_fast_tia_standard,persist,"INJUSDT,TIAUSDT","0-12,14-18,21-23","{'INJUSDT': 300, 'TIAUSDT': 600}",True,active,0,0,0,0,0.0,,1,0.057628,29,3,2,0.5,0.347584,-3.240111,0.0,0
2026-05-28T22:19:30.232558+00:00,inj_fast_time_stop,forward_optimized_long_ms_inj_fast_ts300,persist,INJUSDT,"0-12,14-18,21-23",300,True,active,0,0,0,0,0.0,,0,0,29,2,2,0.5,2.403387,1.007973,0.0,0
2026-05-28T22:19:30.252264+00:00,tia_only,forward_optimized_long_ms_tia_only,persist,TIAUSDT,"0-12,14-18,21-23",,True,active,0,0,0,0,0.0,,1,0.057628,0,3,2,0.5,1.154379,0.766695,0.0,0
2026-05-28T22:24:31.781044+00:00,inj_tia_regime_filtered,forward_optimized_long_ms_inj_tia_regime,persist,"INJUSDT,TIAUSDT","0-12,14-18,21-23",,True,active,1,0,0,0,0.0,,2,0.29358,1,6,4,0.5,1.080107,0.661863,0.0,0
2026-05-28T22:24:32.101489+00:00,inj_fast_tia_standard,forward_optimized_long_ms_inj_fast_tia_standard,persist,"INJUSDT,TIAUSDT","0-12,14-18,21-23","{'INJUSDT': 300, 'TIAUSDT': 600}",True,active,1,0,0,0,0.0,,1,-0.71075,30,3,2,0.5,0.347584,-3.240111,0.0,0
2026-05-28T22:24:32.120110+00:00,inj_fast_time_stop,forward_optimized_long_ms_inj_fast_ts300,persist,INJUSDT,"0-12,14-18,21-23",300,True,active,0,0,0,0,0.0,,0,0,29,2,2,0.5,2.403387,1.007973,0.0,0
2026-05-28T22:24:32.140209+00:00,tia_only,forward_optimized_long_ms_tia_only,persist,TIAUSDT,"0-12,14-18,21-23",,True,active,1,0,0,0,0.0,,1,-0.71075,1,3,2,0.5,1.154379,0.766695,0.0,0
2026-05-28T22:29:33.472398+00:00,inj_tia_regime_filtered,forward_optimized_long_ms_inj_tia_regime,persist,"INJUSDT,TIAUSDT","0-12,14-18,21-23",,True,active,0,0,0,0,0.0,,2,0.29358,0,6,4,0.5,1.080107,0.661863,0.0,0
2026-05-28T22:29:33.791949+00:00,inj_fast_tia_standard,forward_optimized_long_ms_inj_fast_tia_standard,persist,"INJUSDT,TIAUSDT","0-12,14-18,21-23","{'INJUSDT': 300, 'TIAUSDT': 600}",True,active,0,0,0,0,0.0,,1,-0.71075,29,3,2,0.5,0.347584,-3.240111,0.0,0
2026-05-28T22:29:33.810416+00:00,inj_fast_time_stop,forward_optimized_long_ms_inj_fast_ts300,persist,INJUSDT,"0-12,14-18,21-23",300,True,active,0,0,0,0,0.0,,0,0,29,2,2,0.5,2.403387,1.007973,0.0,0
2026-05-28T22:29:33.829939+00:00,tia_only,forward_optimized_long_ms_tia_only,persist,TIAUSDT,"0-12,14-18,21-23",,True,active,0,0,0,0,0.0,,1,-0.71075,0,3,2,0.5,1.154379,0.766695,0.0,0
2026-05-28T22:34:34.728744+00:00,inj_tia_regime_filtered,forward_optimized_long_ms_inj_tia_regime,persist,"INJUSDT,TIAUSDT","0-12,14-18,21-23",,True,active,0,0,0,0,0.0,,2,0.29358,0,6,4,0.5,1.080107,0.661863,0.0,0
2026-05-28T22:34:35.048219+00:00,inj_fast_tia_standard,forward_optimized_long_ms_inj_fast_tia_standard,persist,"INJUSDT,TIAUSDT","0-12,14-18,21-23","{'INJUSDT': 300, 'TIAUSDT': 600}",True,active,0,0,0,0,0.0,,1,-0.71075,29,3,2,0.5,0.347584,-3.240111,0.0,0
2026-05-28T22:34:35.066672+00:00,inj_fast_time_stop,forward_optimized_long_ms_inj_fast_ts300,persist,INJUSDT,"0-12,14-18,21-23",300,True,active,0,0,0,0,0.0,,0,0,29,2,2,0.5,2.403387,1.007973,0.0,0
2026-05-28T22:34:35.086092+00:00,tia_only,forward_optimized_long_ms_tia_only,persist,TIAUSDT,"0-12,14-18,21-23",,True,active,0,0,0,0,0.0,,1,-0.71075,0,3,2,0.5,1.154379,0.766695,0.0,0
2026-05-28T22:39:35.979384+00:00,inj_tia_regime_filtered,forward_optimized_long_ms_inj_tia_regime,persist,"INJUSDT,TIAUSDT","0-12,14-18,21-23",,True,active,0,0,0,0,0.0,,2,0.29358,0,6,4,0.5,1.080107,0.661863,0.0,0
2026-05-28T22:39:36.298967+00:00,inj_fast_tia_standard,forward_optimized_long_ms_inj_fast_tia_standard,persist,"INJUSDT,TIAUSDT","0-12,14-18,21-23","{'INJUSDT': 300, 'TIAUSDT': 600}",True,active,0,0,0,0,0.0,,1,-0.71075,29,3,2,0.5,0.347584,-3.240111,0.0,0
2026-05-28T22:39:36.317541+00:00,inj_fast_time_stop,forward_optimized_long_ms_inj_fast_ts300,persist,INJUSDT,"0-12,14-18,21-23",300,True,active,0,0,0,0,0.0,,0,0,29,2,2,0.5,2.403387,1.007973,0.0,0
2026-05-28T22:39:36.336849+00:00,tia_only,forward_optimized_long_ms_tia_only,persist,TIAUSDT,"0-12,14-18,21-23",,True,active,0,0,0,0,0.0,,1,-0.71075,0,3,2,0.5,1.154379,0.766695,0.0,0
2026-05-28T22:44:37.694724+00:00,inj_tia_regime_filtered,forward_optimized_long_ms_inj_tia_regime,persist,"INJUSDT,TIAUSDT","0-12,14-18,21-23",,True,active,1,0,0,0,0.0,,2,-0.532427,1,6,4,0.5,1.080107,0.661863,0.0,0
2026-05-28T22:44:38.015347+00:00,inj_fast_tia_standard,forward_optimized_long_ms_inj_fast_tia_standard,persist,"INJUSDT,TIAUSDT","0-12,14-18,21-23","{'INJUSDT': 300, 'TIAUSDT': 600}",True,active,1,0,0,0,0.0,,1,-1.536757,30,3,2,0.5,0.347584,-3.240111,0.0,0
2026-05-28T22:44:38.034050+00:00,inj_fast_time_stop,forward_optimized_long_ms_inj_fast_ts300,persist,INJUSDT,"0-12,14-18,21-23",300,True,active,0,0,0,0,0.0,,0,0,29,2,2,0.5,2.403387,1.007973,0.0,0
2026-05-28T22:44:38.054938+00:00,tia_only,forward_optimized_long_ms_tia_only,persist,TIAUSDT,"0-12,14-18,21-23",,True,active,1,0,0,0,0.0,,1,-1.536757,1,3,2,0.5,1.154379,0.766695,0.0,0
2026-05-28T22:49:38.948535+00:00,inj_tia_regime_filtered,forward_optimized_long_ms_inj_tia_regime,persist,"INJUSDT,TIAUSDT","0-12,14-18,21-23",,True,active,0,0,0,0,0.0,,2,-0.532427,0,6,4,0.5,1.080107,0.661863,0.0,0
2026-05-28T22:49:39.268782+00:00,inj_fast_tia_standard,forward_optimized_long_ms_inj_fast_tia_standard,persist,"INJUSDT,TIAUSDT","0-12,14-18,21-23","{'INJUSDT': 300, 'TIAUSDT': 600}",True,active,0,0,0,0,0.0,,1,-1.536757,29,3,2,0.5,0.347584,-3.240111,0.0,0
2026-05-28T22:49:39.288006+00:00,inj_fast_time_stop,forward_optimized_long_ms_inj_fast_ts300,persist,INJUSDT,"0-12,14-18,21-23",300,True,active,0,0,0,0,0.0,,0,0,29,2,2,0.5,2.403387,1.007973,0.0,0
2026-05-28T22:49:39.309282+00:00,tia_only,forward_optimized_long_ms_tia_only,persist,TIAUSDT,"0-12,14-18,21-23",,True,active,0,0,0,0,0.0,,1,-1.536757,0,3,2,0.5,1.154379,0.766695,0.0,0
2026-05-28T22:54:40.524216+00:00,inj_tia_regime_filtered,forward_optimized_long_ms_inj_tia_regime,persist,"INJUSDT,TIAUSDT","0-12,14-18,21-23",,True,active,0,0,0,0,0.0,,2,-0.532427,0,6,4,0.5,1.080107,0.661863,0.0,0
2026-05-28T22:54:40.844081+00:00,inj_fast_tia_standard,forward_optimized_long_ms_inj_fast_tia_standard,persist,"INJUSDT,TIAUSDT","0-12,14-18,21-23","{'INJUSDT': 300, 'TIAUSDT': 600}",True,active,0,0,0,0,0.0,,1,-1.536757,29,3,2,0.5,0.347584,-3.240111,0.0,0
2026-05-28T22:54:40.865305+00:00,inj_fast_time_stop,forward_optimized_long_ms_inj_fast_ts300,persist,INJUSDT,"0-12,14-18,21-23",300,True,active,0,0,0,0,0.0,,0,0,29,2,2,0.5,2.403387,1.007973,0.0,0
2026-05-28T22:54:40.886965+00:00,tia_only,forward_optimized_long_ms_tia_only,persist,TIAUSDT,"0-12,14-18,21-23",,True,active,0,0,0,0,0.0,,1,-1.536757,0,3,2,0.5,1.154379,0.766695,0.0,0
2026-05-28T22:59:42.020592+00:00,inj_tia_regime_filtered,forward_optimized_long_ms_inj_tia_regime,persist,"INJUSDT,TIAUSDT","0-12,14-18,21-23",,True,active,0,0,0,0,0.0,,2,-0.532427,0,6,4,0.5,1.080107,0.661863,0.0,0
2026-05-28T22:59:42.340540+00:00,inj_fast_tia_standard,forward_optimized_long_ms_inj_fast_tia_standard,persist,"INJUSDT,TIAUSDT","0-12,14-18,21-23","{'INJUSDT': 300, 'TIAUSDT': 600}",True,active,0,0,0,0,0.0,,1,-1.536757,29,3,2,0.5,0.347584,-3.240111,0.0,0
2026-05-28T22:59:42.360492+00:00,inj_fast_time_stop,forward_optimized_long_ms_inj_fast_ts300,persist,INJUSDT,"0-12,14-18,21-23",300,True,active,0,0,0,0,0.0,,0,0,29,2,2,0.5,2.403387,1.007973,0.0,0
2026-05-28T22:59:42.381707+00:00,tia_only,forward_optimized_long_ms_tia_only,persist,TIAUSDT,"0-12,14-18,21-23",,True,active,0,0,0,0,0.0,,1,-1.536757,0,3,2,0.5,1.154379,0.766695,0.0,0
2026-05-28T23:04:43.533707+00:00,inj_tia_regime_filtered,forward_optimized_long_ms_inj_tia_regime,persist,"INJUSDT,TIAUSDT","0-12,14-18,21-23",,True,active,2,0,0,0,0.0,,2,-1.317001,4,6,4,0.5,1.080107,0.661863,0.0,0
2026-05-28T23:04:43.854564+00:00,inj_fast_tia_standard,forward_optimized_long_ms_inj_fast_tia_standard,persist,"INJUSDT,TIAUSDT","0-12,14-18,21-23","{'INJUSDT': 300, 'TIAUSDT': 600}",True,active,1,0,0,0,0.0,,1,-1.498338,33,3,2,0.5,0.347584,-3.240111,0.0,0
2026-05-28T23:04:43.873981+00:00,inj_fast_time_stop,forward_optimized_long_ms_inj_fast_ts300,persist,INJUSDT,"0-12,14-18,21-23",300,True,active,0,0,0,0,0.0,,0,0,30,2,2,0.5,2.403387,1.007973,0.0,0
2026-05-28T23:04:43.895829+00:00,tia_only,forward_optimized_long_ms_tia_only,persist,TIAUSDT,"0-12,14-18,21-23",,True,active,1,0,0,0,0.0,,1,-1.498338,3,3,2,0.5,1.154379,0.766695,0.0,0
2026-05-28T23:09:45.021179+00:00,inj_tia_regime_filtered,forward_optimized_long_ms_inj_tia_regime,persist,"INJUSDT,TIAUSDT","0-12,14-18,21-23",,True,active,0,0,0,0,0.0,,2,-1.317001,0,6,4,0.5,1.080107,0.661863,0.0,0
2026-05-28T23:09:45.340461+00:00,inj_fast_tia_standard,forward_optimized_long_ms_inj_fast_tia_standard,persist,"INJUSDT,TIAUSDT","0-12,14-18,21-23","{'INJUSDT': 300, 'TIAUSDT': 600}",True,active,0,0,0,0,0.0,,1,-1.498338,30,3,2,0.5,0.347584,-3.240111,0.0,0
2026-05-28T23:09:45.359776+00:00,inj_fast_time_stop,forward_optimized_long_ms_inj_fast_ts300,persist,INJUSDT,"0-12,14-18,21-23",300,True,active,0,0,0,0,0.0,,0,0,30,2,2,0.5,2.403387,1.007973,0.0,0
2026-05-28T23:09:45.380195+00:00,tia_only,forward_optimized_long_ms_tia_only,persist,TIAUSDT,"0-12,14-18,21-23",,True,active,0,0,0,0,0.0,,1,-1.498338,0,3,2,0.5,1.154379,0.766695,0.0,0
2026-05-28T23:14:46.541487+00:00,inj_tia_regime_filtered,forward_optimized_long_ms_inj_tia_regime,persist,"INJUSDT,TIAUSDT","0-12,14-18,21-23",,True,active,1,0,0,0,0.0,,2,-0.89853,1,6,4,0.5,1.080107,0.661863,0.0,0
2026-05-28T23:14:46.861751+00:00,inj_fast_tia_standard,forward_optimized_long_ms_inj_fast_tia_standard,persist,"INJUSDT,TIAUSDT","0-12,14-18,21-23","{'INJUSDT': 300, 'TIAUSDT': 600}",True,active,0,0,0,0,0.0,,1,-1.498338,31,3,2,0.5,0.347584,-3.240111,0.0,0
2026-05-28T23:14:46.880804+00:00,inj_fast_time_stop,forward_optimized_long_ms_inj_fast_ts300,persist,INJUSDT,"0-12,14-18,21-23",300,True,active,0,0,0,0,0.0,,0,0,31,2,2,0.5,2.403387,1.007973,0.0,0
2026-05-28T23:14:46.901444+00:00,tia_only,forward_optimized_long_ms_tia_only,persist,TIAUSDT,"0-12,14-18,21-23",,True,active,0,0,0,0,0.0,,1,-1.498338,0,3,2,0.5,1.154379,0.766695,0.0,0
2026-05-28T23:19:48.663004+00:00,inj_tia_regime_filtered,forward_optimized_long_ms_inj_tia_regime,persist,"INJUSDT,TIAUSDT","0-12,14-18,21-23",,True,active,0,0,0,0,0.0,,2,-0.89853,0,6,4,0.5,1.080107,0.661863,0.0,0
2026-05-28T23:19:48.983093+00:00,inj_fast_tia_standard,forward_optimized_long_ms_inj_fast_tia_standard,persist,"INJUSDT,TIAUSDT","0-12,14-18,21-23","{'INJUSDT': 300, 'TIAUSDT': 600}",True,active,0,0,0,0,0.0,,1,-1.498338,31,3,2,0.5,0.347584,-3.240111,0.0,0
2026-05-28T23:19:49.003439+00:00,inj_fast_time_stop,forward_optimized_long_ms_inj_fast_ts300,persist,INJUSDT,"0-12,14-18,21-23",300,True,active,0,0,0,0,0.0,,0,0,31,2,2,0.5,2.403387,1.007973,0.0,0
2026-05-28T23:19:49.026237+00:00,tia_only,forward_optimized_long_ms_tia_only,persist,TIAUSDT,"0-12,14-18,21-23",,True,active,0,0,0,0,0.0,,1,-1.498338,0,3,2,0.5,1.154379,0.766695,0.0,0
2026-05-28T23:24:50.150943+00:00,inj_tia_regime_filtered,forward_optimized_long_ms_inj_tia_regime,persist,"INJUSDT,TIAUSDT","0-12,14-18,21-23",,True,active,1,0,0,0,0.0,,2,-1.177511,3,6,4,0.5,1.080107,0.661863,0.0,0
2026-05-28T23:24:50.471324+00:00,inj_fast_tia_standard,forward_optimized_long_ms_inj_fast_tia_standard,persist,"INJUSDT,TIAUSDT","0-12,14-18,21-23","{'INJUSDT': 300, 'TIAUSDT': 600}",True,active,0,0,0,0,0.0,,1,-1.498338,34,3,2,0.5,0.347584,-3.240111,0.0,0
2026-05-28T23:24:50.490532+00:00,inj_fast_time_stop,forward_optimized_long_ms_inj_fast_ts300,persist,INJUSDT,"0-12,14-18,21-23",300,True,active,0,0,0,0,0.0,,0,0,34,2,2,0.5,2.403387,1.007973,0.0,0
2026-05-28T23:24:50.511032+00:00,tia_only,forward_optimized_long_ms_tia_only,persist,TIAUSDT,"0-12,14-18,21-23",,True,active,0,0,0,0,0.0,,1,-1.498338,0,3,2,0.5,1.154379,0.766695,0.0,0
2026-05-28T23:29:51.460096+00:00,inj_tia_regime_filtered,forward_optimized_long_ms_inj_tia_regime,persist,"INJUSDT,TIAUSDT","0-12,14-18,21-23",,True,active,1,0,0,0,0.0,,2,-0.800887,4,6,4,0.5,1.080107,0.661863,0.0,0
2026-05-28T23:29:51.781045+00:00,inj_fast_tia_standard,forward_optimized_long_ms_inj_fast_tia_standard,persist,"INJUSDT,TIAUSDT","0-12,14-18,21-23","{'INJUSDT': 300, 'TIAUSDT': 600}",True,active,0,0,0,0,0.0,,1,-1.498338,38,3,2,0.5,0.347584,-3.240111,0.0,0
2026-05-28T23:29:51.800570+00:00,inj_fast_time_stop,forward_optimized_long_ms_inj_fast_ts300,persist,INJUSDT,"0-12,14-18,21-23",300,True,active,0,0,0,0,0.0,,0,0,38,2,2,0.5,2.403387,1.007973,0.0,0
2026-05-28T23:29:51.821549+00:00,tia_only,forward_optimized_long_ms_tia_only,persist,TIAUSDT,"0-12,14-18,21-23",,True,active,0,0,0,0,0.0,,1,-1.498338,0,3,2,0.5,1.154379,0.766695,0.0,0
2026-05-28T23:34:52.929532+00:00,inj_tia_regime_filtered,forward_optimized_long_ms_inj_tia_regime,persist,"INJUSDT,TIAUSDT","0-12,14-18,21-23",,True,active,0,0,0,0,0.0,,2,-0.800887,0,6,4,0.5,1.080107,0.661863,0.0,0
2026-05-28T23:34:53.249234+00:00,inj_fast_tia_standard,forward_optimized_long_ms_inj_fast_tia_standard,persist,"INJUSDT,TIAUSDT","0-12,14-18,21-23","{'INJUSDT': 300, 'TIAUSDT': 600}",True,active,0,0,0,0,0.0,,1,-1.498338,38,3,2,0.5,0.347584,-3.240111,0.0,0
2026-05-28T23:34:53.268668+00:00,inj_fast_time_stop,forward_optimized_long_ms_inj_fast_ts300,persist,INJUSDT,"0-12,14-18,21-23",300,True,active,0,0,0,0,0.0,,0,0,38,2,2,0.5,2.403387,1.007973,0.0,0
2026-05-28T23:34:53.289476+00:00,tia_only,forward_optimized_long_ms_tia_only,persist,TIAUSDT,"0-12,14-18,21-23",,True,active,0,0,0,0,0.0,,1,-1.498338,0,3,2,0.5,1.154379,0.766695,0.0,0
2026-05-28T23:39:54.830294+00:00,inj_tia_regime_filtered,forward_optimized_long_ms_inj_tia_regime,persist,"INJUSDT,TIAUSDT","0-12,14-18,21-23",,True,active,0,0,0,0,0.0,,2,-0.800887,0,6,4,0.5,1.080107,0.661863,0.0,0
2026-05-28T23:39:55.150221+00:00,inj_fast_tia_standard,forward_optimized_long_ms_inj_fast_tia_standard,persist,"INJUSDT,TIAUSDT","0-12,14-18,21-23","{'INJUSDT': 300, 'TIAUSDT': 600}",True,active,0,0,0,0,0.0,,1,-1.498338,38,3,2,0.5,0.347584,-3.240111,0.0,0
2026-05-28T23:39:55.170529+00:00,inj_fast_time_stop,forward_optimized_long_ms_inj_fast_ts300,persist,INJUSDT,"0-12,14-18,21-23",300,True,active,0,0,0,0,0.0,,0,0,38,2,2,0.5,2.403387,1.007973,0.0,0
2026-05-28T23:39:55.192396+00:00,tia_only,forward_optimized_long_ms_tia_only,persist,TIAUSDT,"0-12,14-18,21-23",,True,active,0,0,0,0,0.0,,1,-1.498338,0,3,2,0.5,1.154379,0.766695,0.0,0
2026-05-28T23:44:56.521592+00:00,inj_tia_regime_filtered,forward_optimized_long_ms_inj_tia_regime,persist,"INJUSDT,TIAUSDT","0-12,14-18,21-23",,True,active,0,0,0,0,0.0,,2,-0.800887,0,6,4,0.5,1.080107,0.661863,0.0,0
2026-05-28T23:44:56.841546+00:00,inj_fast_tia_standard,forward_optimized_long_ms_inj_fast_tia_standard,persist,"INJUSDT,TIAUSDT","0-12,14-18,21-23","{'INJUSDT': 300, 'TIAUSDT': 600}",True,active,0,0,0,0,0.0,,1,-1.498338,38,3,2,0.5,0.347584,-3.240111,0.0,0
2026-05-28T23:44:56.860934+00:00,inj_fast_time_stop,forward_optimized_long_ms_inj_fast_ts300,persist,INJUSDT,"0-12,14-18,21-23",300,True,active,0,0,0,0,0.0,,0,0,38,2,2,0.5,2.403387,1.007973,0.0,0
2026-05-28T23:44:56.881468+00:00,tia_only,forward_optimized_long_ms_tia_only,persist,TIAUSDT,"0-12,14-18,21-23",,True,active,0,0,0,0,0.0,,1,-1.498338,0,3,2,0.5,1.154379,0.766695,0.0,0
2026-05-28T23:49:58.436421+00:00,inj_tia_regime_filtered,forward_optimized_long_ms_inj_tia_regime,persist,"INJUSDT,TIAUSDT","0-12,14-18,21-23",,True,active,1,0,0,0,0.0,,2,-1.261205,1,6,4,0.5,1.080107,0.661863,0.0,0
2026-05-28T23:49:58.756257+00:00,inj_fast_tia_standard,forward_optimized_long_ms_inj_fast_tia_standard,persist,"INJUSDT,TIAUSDT","0-12,14-18,21-23","{'INJUSDT': 300, 'TIAUSDT': 600}",True,active,0,0,0,0,0.0,,1,-1.498338,39,3,2,0.5,0.347584,-3.240111,0.0,0
2026-05-28T23:49:58.775451+00:00,inj_fast_time_stop,forward_optimized_long_ms_inj_fast_ts300,persist,INJUSDT,"0-12,14-18,21-23",300,True,active,0,0,0,0,0.0,,0,0,39,2,2,0.5,2.403387,1.007973,0.0,0
2026-05-28T23:49:58.795967+00:00,tia_only,forward_optimized_long_ms_tia_only,persist,TIAUSDT,"0-12,14-18,21-23",,True,active,0,0,0,0,0.0,,1,-1.498338,0,3,2,0.5,1.154379,0.766695,0.0,0
2026-05-28T23:54:59.719531+00:00,inj_tia_regime_filtered,forward_optimized_long_ms_inj_tia_regime,persist,"INJUSDT,TIAUSDT","0-12,14-18,21-23",,True,active,0,0,0,0,0.0,,2,-1.261205,0,6,4,0.5,1.080107,0.661863,0.0,0
2026-05-28T23:55:00.039600+00:00,inj_fast_tia_standard,forward_optimized_long_ms_inj_fast_tia_standard,persist,"INJUSDT,TIAUSDT","0-12,14-18,21-23","{'INJUSDT': 300, 'TIAUSDT': 600}",True,active,0,0,0,0,0.0,,1,-1.498338,39,3,2,0.5,0.347584,-3.240111,0.0,0
2026-05-28T23:55:00.059182+00:00,inj_fast_time_stop,forward_optimized_long_ms_inj_fast_ts300,persist,INJUSDT,"0-12,14-18,21-23",300,True,active,0,0,0,0,0.0,,0,0,39,2,2,0.5,2.403387,1.007973,0.0,0
2026-05-28T23:55:00.079878+00:00,tia_only,forward_optimized_long_ms_tia_only,persist,TIAUSDT,"0-12,14-18,21-23",,True,active,0,0,0,0,0.0,,1,-1.498338,0,3,2,0.5,1.154379,0.766695,0.0,0
2026-05-29T00:00:01.641516+00:00,inj_tia_regime_filtered,forward_optimized_long_ms_inj_tia_regime,persist,"INJUSDT,TIAUSDT","0-12,14-18,21-23",,True,active,0,0,0,0,0.0,,2,-1.261205,0,6,4,0.5,1.080107,0.661863,0.0,0
2026-05-29T00:00:01.961323+00:00,inj_fast_tia_standard,forward_optimized_long_ms_inj_fast_tia_standard,persist,"INJUSDT,TIAUSDT","0-12,14-18,21-23","{'INJUSDT': 300, 'TIAUSDT': 600}",True,active,0,0,0,0,0.0,,1,-1.498338,39,3,2,0.5,0.347584,-3.240111,0.0,0
2026-05-29T00:00:01.982275+00:00,inj_fast_time_stop,forward_optimized_long_ms_inj_fast_ts300,persist,INJUSDT,"0-12,14-18,21-23",300,True,active,0,0,0,0,0.0,,0,0,39,2,2,0.5,2.403387,1.007973,0.0,0
2026-05-29T00:00:02.004788+00:00,tia_only,forward_optimized_long_ms_tia_only,persist,TIAUSDT,"0-12,14-18,21-23",,True,active,0,0,0,0,0.0,,1,-1.498338,0,3,2,0.5,1.154379,0.766695,0.0,0
2026-05-29T00:05:03.494109+00:00,inj_tia_regime_filtered,forward_optimized_long_ms_inj_tia_regime,persist,"INJUSDT,TIAUSDT","0-12,14-18,21-23",,True,active,0,0,0,0,0.0,,2,-1.261205,0,6,4,0.5,1.080107,0.661863,0.0,0
2026-05-29T00:05:03.813743+00:00,inj_fast_tia_standard,forward_optimized_long_ms_inj_fast_tia_standard,persist,"INJUSDT,TIAUSDT","0-12,14-18,21-23","{'INJUSDT': 300, 'TIAUSDT': 600}",True,active,0,0,0,0,0.0,,1,-1.498338,39,3,2,0.5,0.347584,-3.240111,0.0,0
2026-05-29T00:05:03.833530+00:00,inj_fast_time_stop,forward_optimized_long_ms_inj_fast_ts300,persist,INJUSDT,"0-12,14-18,21-23",300,True,active,0,0,0,0,0.0,,0,0,39,2,2,0.5,2.403387,1.007973,0.0,0
2026-05-29T00:05:03.855122+00:00,tia_only,forward_optimized_long_ms_tia_only,persist,TIAUSDT,"0-12,14-18,21-23",,True,active,0,0,0,0,0.0,,1,-1.498338,0,3,2,0.5,1.154379,0.766695,0.0,0
2026-05-29T00:10:04.988032+00:00,inj_tia_regime_filtered,forward_optimized_long_ms_inj_tia_regime,persist,"INJUSDT,TIAUSDT","0-12,14-18,21-23",,True,active,1,0,0,0,0.0,,2,-0.368467,1,6,4,0.5,1.080107,0.661863,0.0,0
2026-05-29T00:10:05.308066+00:00,inj_fast_tia_standard,forward_optimized_long_ms_inj_fast_tia_standard,persist,"INJUSDT,TIAUSDT","0-12,14-18,21-23","{'INJUSDT': 300, 'TIAUSDT': 600}",True,active,0,0,0,0,0.0,,1,-1.498338,40,3,2,0.5,0.347584,-3.240111,0.0,0
2026-05-29T00:10:05.327502+00:00,inj_fast_time_stop,forward_optimized_long_ms_inj_fast_ts300,persist,INJUSDT,"0-12,14-18,21-23",300,True,active,0,0,0,0,0.0,,0,0,40,2,2,0.5,2.403387,1.007973,0.0,0
2026-05-29T00:10:05.348247+00:00,tia_only,forward_optimized_long_ms_tia_only,persist,TIAUSDT,"0-12,14-18,21-23",,True,active,0,0,0,0,0.0,,1,-1.498338,0,3,2,0.5,1.154379,0.766695,0.0,0
2026-05-29T00:15:07.145350+00:00,inj_tia_regime_filtered,forward_optimized_long_ms_inj_tia_regime,persist,"INJUSDT,TIAUSDT","0-12,14-18,21-23",,True,active,0,0,0,0,0.0,,2,-0.368467,0,6,4,0.5,1.080107,0.661863,0.0,0
2026-05-29T00:15:07.465416+00:00,inj_fast_tia_standard,forward_optimized_long_ms_inj_fast_tia_standard,persist,"INJUSDT,TIAUSDT","0-12,14-18,21-23","{'INJUSDT': 300, 'TIAUSDT': 600}",True,active,0,0,0,0,0.0,,1,-1.498338,40,3,2,0.5,0.347584,-3.240111,0.0,0
2026-05-29T00:15:07.485179+00:00,inj_fast_time_stop,forward_optimized_long_ms_inj_fast_ts300,persist,INJUSDT,"0-12,14-18,21-23",300,True,active,0,0,0,0,0.0,,0,0,40,2,2,0.5,2.403387,1.007973,0.0,0
2026-05-29T00:15:07.505739+00:00,tia_only,forward_optimized_long_ms_tia_only,persist,TIAUSDT,"0-12,14-18,21-23",,True,active,0,0,0,0,0.0,,1,-1.498338,0,3,2,0.5,1.154379,0.766695,0.0,0
2026-05-29T00:20:08.616256+00:00,inj_tia_regime_filtered,forward_optimized_long_ms_inj_tia_regime,persist,"INJUSDT,TIAUSDT","0-12,14-18,21-23",,True,active,1,0,0,0,0.0,,2,0.419121,1,6,4,0.5,1.080107,0.661863,0.0,0
2026-05-29T00:20:08.937512+00:00,inj_fast_tia_standard,forward_optimized_long_ms_inj_fast_tia_standard,persist,"INJUSDT,TIAUSDT","0-12,14-18,21-23","{'INJUSDT': 300, 'TIAUSDT': 600}",True,active,1,0,0,0,0.0,,1,-0.71075,41,3,2,0.5,0.347584,-3.240111,0.0,0
2026-05-29T00:20:08.957115+00:00,inj_fast_time_stop,forward_optimized_long_ms_inj_fast_ts300,persist,INJUSDT,"0-12,14-18,21-23",300,True,active,0,0,0,0,0.0,,0,0,40,2,2,0.5,2.403387,1.007973,0.0,0
2026-05-29T00:20:08.982781+00:00,tia_only,forward_optimized_long_ms_tia_only,persist,TIAUSDT,"0-12,14-18,21-23",,True,active,1,0,0,0,0.0,,1,-0.71075,1,3,2,0.5,1.154379,0.766695,0.0,0
2026-05-29T00:25:10.764451+00:00,inj_tia_regime_filtered,forward_optimized_long_ms_inj_tia_regime,persist,"INJUSDT,TIAUSDT","0-12,14-18,21-23",,True,active,1,0,0,0,0.0,,2,0.935234,3,6,4,0.5,1.080107,0.661863,0.0,0
2026-05-29T00:25:11.083884+00:00,inj_fast_tia_standard,forward_optimized_long_ms_inj_fast_tia_standard,persist,"INJUSDT,TIAUSDT","0-12,14-18,21-23","{'INJUSDT': 300, 'TIAUSDT': 600}",True,active,0,0,0,0,0.0,,1,-0.71075,43,3,2,0.5,0.347584,-3.240111,0.0,0
2026-05-29T00:25:11.103304+00:00,inj_fast_time_stop,forward_optimized_long_ms_inj_fast_ts300,persist,INJUSDT,"0-12,14-18,21-23",300,True,active,0,0,0,0,0.0,,0,0,43,2,2,0.5,2.403387,1.007973,0.0,0
2026-05-29T00:25:11.123856+00:00,tia_only,forward_optimized_long_ms_tia_only,persist,TIAUSDT,"0-12,14-18,21-23",,True,active,0,0,0,0,0.0,,1,-0.71075,0,3,2,0.5,1.154379,0.766695,0.0,0
2026-05-29T00:30:12.435314+00:00,inj_tia_regime_filtered,forward_optimized_long_ms_inj_tia_regime,persist,"INJUSDT,TIAUSDT","0-12,14-18,21-23",,True,active,1,0,0,0,0.0,,2,1.060776,1,6,4,0.5,1.080107,0.661863,0.0,0
2026-05-29T00:30:12.755146+00:00,inj_fast_tia_standard,forward_optimized_long_ms_inj_fast_tia_standard,persist,"INJUSDT,TIAUSDT","0-12,14-18,21-23","{'INJUSDT': 300, 'TIAUSDT': 600}",True,active,0,0,0,0,0.0,,1,-0.71075,44,3,2,0.5,0.347584,-3.240111,0.0,0
2026-05-29T00:30:12.774445+00:00,inj_fast_time_stop,forward_optimized_long_ms_inj_fast_ts300,persist,INJUSDT,"0-12,14-18,21-23",300,True,active,0,0,0,0,0.0,,0,0,44,2,2,0.5,2.403387,1.007973,0.0,0
2026-05-29T00:30:12.794991+00:00,tia_only,forward_optimized_long_ms_tia_only,persist,TIAUSDT,"0-12,14-18,21-23",,True,active,0,0,0,0,0.0,,1,-0.71075,0,3,2,0.5,1.154379,0.766695,0.0,0
2026-05-29T00:35:14.532802+00:00,inj_tia_regime_filtered,forward_optimized_long_ms_inj_tia_regime,persist,"INJUSDT,TIAUSDT","0-12,14-18,21-23",,True,active,1,0,0,0,0.0,,2,1.479246,5,6,4,0.5,1.080107,0.661863,0.0,0
2026-05-29T00:35:14.853332+00:00,inj_fast_tia_standard,forward_optimized_long_ms_inj_fast_tia_standard,persist,"INJUSDT,TIAUSDT","0-12,14-18,21-23","{'INJUSDT': 300, 'TIAUSDT': 600}",True,active,0,0,0,0,0.0,,1,-0.71075,49,3,2,0.5,0.347584,-3.240111,0.0,0
2026-05-29T00:35:14.872691+00:00,inj_fast_time_stop,forward_optimized_long_ms_inj_fast_ts300,persist,INJUSDT,"0-12,14-18,21-23",300,True,active,0,0,0,0,0.0,,0,0,49,2,2,0.5,2.403387,1.007973,0.0,0
2026-05-29T00:35:14.892773+00:00,tia_only,forward_optimized_long_ms_tia_only,persist,TIAUSDT,"0-12,14-18,21-23",,True,active,0,0,0,0,0.0,,1,-0.71075,0,3,2,0.5,1.154379,0.766695,0.0,0
2026-05-29T00:40:16.234262+00:00,inj_tia_regime_filtered,forward_optimized_long_ms_inj_tia_regime,persist,"INJUSDT,TIAUSDT","0-12,14-18,21-23",,True,active,1,0,0,0,0.0,,2,2.286043,1,6,4,0.5,1.080107,0.661863,0.0,0
2026-05-29T00:40:16.555022+00:00,inj_fast_tia_standard,forward_optimized_long_ms_inj_fast_tia_standard,persist,"INJUSDT,TIAUSDT","0-12,14-18,21-23","{'INJUSDT': 300, 'TIAUSDT': 600}",True,active,1,0,0,0,0.0,,1,0.096047,50,3,2,0.5,0.347584,-3.240111,0.0,0
2026-05-29T00:40:16.574477+00:00,inj_fast_time_stop,forward_optimized_long_ms_inj_fast_ts300,persist,INJUSDT,"0-12,14-18,21-23",300,True,active,0,0,0,0,0.0,,0,0,49,2,2,0.5,2.403387,1.007973,0.0,0
2026-05-29T00:40:16.596346+00:00,tia_only,forward_optimized_long_ms_tia_only,persist,TIAUSDT,"0-12,14-18,21-23",,True,active,1,0,0,0,0.0,,1,0.096047,1,3,2,0.5,1.154379,0.766695,0.0,0
2026-05-29T00:45:17.940030+00:00,inj_tia_regime_filtered,forward_optimized_long_ms_inj_tia_regime,persist,"INJUSDT,TIAUSDT","0-12,14-18,21-23",,True,active,1,0,0,0,0.0,,2,2.439483,1,6,4,0.5,1.080107,0.661863,0.0,0
2026-05-29T00:45:18.260932+00:00,inj_fast_tia_standard,forward_optimized_long_ms_inj_fast_tia_standard,persist,"INJUSDT,TIAUSDT","0-12,14-18,21-23","{'INJUSDT': 300, 'TIAUSDT': 600}",True,active,0,0,0,0,0.0,,1,0.096047,50,3,2,0.5,0.347584,-3.240111,0.0,0
2026-05-29T00:45:18.281824+00:00,inj_fast_time_stop,forward_optimized_long_ms_inj_fast_ts300,persist,INJUSDT,"0-12,14-18,21-23",300,True,active,0,0,0,0,0.0,,0,0,50,2,2,0.5,2.403387,1.007973,0.0,0
2026-05-29T00:45:18.304213+00:00,tia_only,forward_optimized_long_ms_tia_only,persist,TIAUSDT,"0-12,14-18,21-23",,True,active,0,0,0,0,0.0,,1,0.096047,0,3,2,0.5,1.154379,0.766695,0.0,0
2026-05-29T00:50:19.637101+00:00,inj_tia_regime_filtered,forward_optimized_long_ms_inj_tia_regime,persist,"INJUSDT,TIAUSDT","0-12,14-18,21-23",,True,active,0,0,0,0,0.0,,2,2.439483,0,6,4,0.5,1.080107,0.661863,0.0,0
2026-05-29T00:50:19.957409+00:00,inj_fast_tia_standard,forward_optimized_long_ms_inj_fast_tia_standard,persist,"INJUSDT,TIAUSDT","0-12,14-18,21-23","{'INJUSDT': 300, 'TIAUSDT': 600}",True,active,0,0,0,0,0.0,,1,0.096047,50,3,2,0.5,0.347584,-3.240111,0.0,0
2026-05-29T00:50:19.976734+00:00,inj_fast_time_stop,forward_optimized_long_ms_inj_fast_ts300,persist,INJUSDT,"0-12,14-18,21-23",300,True,active,0,0,0,0,0.0,,0,0,50,2,2,0.5,2.403387,1.007973,0.0,0
2026-05-29T00:50:19.997256+00:00,tia_only,forward_optimized_long_ms_tia_only,persist,TIAUSDT,"0-12,14-18,21-23",,True,active,0,0,0,0,0.0,,1,0.096047,0,3,2,0.5,1.154379,0.766695,0.0,0
2026-05-29T00:55:21.575946+00:00,inj_tia_regime_filtered,forward_optimized_long_ms_inj_tia_regime,persist,"INJUSDT,TIAUSDT","0-12,14-18,21-23",,True,active,1,0,0,0,0.0,,2,2.802157,9,6,4,0.5,1.080107,0.661863,0.0,0
2026-05-29T00:55:21.895557+00:00,inj_fast_tia_standard,forward_optimized_long_ms_inj_fast_tia_standard,persist,"INJUSDT,TIAUSDT","0-12,14-18,21-23","{'INJUSDT': 300, 'TIAUSDT': 600}",True,active,0,0,0,0,0.0,,1,0.096047,59,3,2,0.5,0.347584,-3.240111,0.0,0
2026-05-29T00:55:21.915563+00:00,inj_fast_time_stop,forward_optimized_long_ms_inj_fast_ts300,persist,INJUSDT,"0-12,14-18,21-23",300,True,active,0,0,0,0,0.0,,0,0,59,2,2,0.5,2.403387,1.007973,0.0,0
2026-05-29T00:55:21.936154+00:00,tia_only,forward_optimized_long_ms_tia_only,persist,TIAUSDT,"0-12,14-18,21-23",,True,active,0,0,0,0,0.0,,1,0.096047,0,3,2,0.5,1.154379,0.766695,0.0,0
2026-05-29T01:00:23.286877+00:00,inj_tia_regime_filtered,forward_optimized_long_ms_inj_tia_regime,persist,"INJUSDT,TIAUSDT","0-12,14-18,21-23",,True,active,1,0,0,0,0.0,,2,2.983494,2,6,4,0.5,1.080107,0.661863,0.0,0
2026-05-29T01:00:23.607658+00:00,inj_fast_tia_standard,forward_optimized_long_ms_inj_fast_tia_standard,persist,"INJUSDT,TIAUSDT","0-12,14-18,21-23","{'INJUSDT': 300, 'TIAUSDT': 600}",True,active,0,0,0,0,0.0,,1,0.096047,61,3,2,0.5,0.347584,-3.240111,0.0,0
2026-05-29T01:00:23.627930+00:00,inj_fast_time_stop,forward_optimized_long_ms_inj_fast_ts300,persist,INJUSDT,"0-12,14-18,21-23",300,True,active,0,0,0,0,0.0,,0,0,61,2,2,0.5,2.403387,1.007973,0.0,0
2026-05-29T01:00:23.648659+00:00,tia_only,forward_optimized_long_ms_tia_only,persist,TIAUSDT,"0-12,14-18,21-23",,True,active,0,0,0,0,0.0,,1,0.096047,0,3,2,0.5,1.154379,0.766695,0.0,0
2026-05-29T01:05:25.202133+00:00,inj_tia_regime_filtered,forward_optimized_long_ms_inj_tia_regime,persist,"INJUSDT,TIAUSDT","0-12,14-18,21-23",,True,active,1,0,0,0,0.0,,2,2.718463,2,6,4,0.5,1.080107,0.661863,0.0,0
2026-05-29T01:05:25.522453+00:00,inj_fast_tia_standard,forward_optimized_long_ms_inj_fast_tia_standard,persist,"INJUSDT,TIAUSDT","0-12,14-18,21-23","{'INJUSDT': 300, 'TIAUSDT': 600}",True,active,0,0,0,0,0.0,,1,0.096047,63,3,2,0.5,0.347584,-3.240111,0.0,0
2026-05-29T01:05:25.542688+00:00,inj_fast_time_stop,forward_optimized_long_ms_inj_fast_ts300,persist,INJUSDT,"0-12,14-18,21-23",300,True,active,0,0,0,0,0.0,,0,0,63,2,2,0.5,2.403387,1.007973,0.0,0
2026-05-29T01:05:25.563309+00:00,tia_only,forward_optimized_long_ms_tia_only,persist,TIAUSDT,"0-12,14-18,21-23",,True,active,0,0,0,0,0.0,,1,0.096047,0,3,2,0.5,1.154379,0.766695,0.0,0
2026-05-29T01:10:27.301969+00:00,inj_tia_regime_filtered,forward_optimized_long_ms_inj_tia_regime,persist,"INJUSDT,TIAUSDT","0-12,14-18,21-23",,True,active,2,0,0,0,0.0,,2,4.046635,3,6,4,0.5,1.080107,0.661863,0.0,0
2026-05-29T01:10:27.623090+00:00,inj_fast_tia_standard,forward_optimized_long_ms_inj_fast_tia_standard,persist,"INJUSDT,TIAUSDT","0-12,14-18,21-23","{'INJUSDT': 300, 'TIAUSDT': 600}",True,active,1,0,0,0,0.0,,1,0.922054,66,3,2,0.5,0.347584,-3.240111,0.0,0
2026-05-29T01:10:27.643255+00:00,inj_fast_time_stop,forward_optimized_long_ms_inj_fast_ts300,persist,INJUSDT,"0-12,14-18,21-23",300,True,active,0,0,0,0,0.0,,0,0,65,2,2,0.5,2.403387,1.007973,0.0,0
2026-05-29T01:10:27.665356+00:00,tia_only,forward_optimized_long_ms_tia_only,persist,TIAUSDT,"0-12,14-18,21-23",,True,active,1,0,0,0,0.0,,1,0.922054,1,3,2,0.5,1.154379,0.766695,0.0,0
2026-05-29T01:15:29.311410+00:00,inj_tia_regime_filtered,forward_optimized_long_ms_inj_tia_regime,persist,"INJUSDT,TIAUSDT","0-12,14-18,21-23",,True,active,0,0,0,0,0.0,,2,4.046635,0,6,4,0.5,1.080107,0.661863,0.0,0
2026-05-29T01:15:29.631753+00:00,inj_fast_tia_standard,forward_optimized_long_ms_inj_fast_tia_standard,persist,"INJUSDT,TIAUSDT","0-12,14-18,21-23","{'INJUSDT': 300, 'TIAUSDT': 600}",True,active,0,0,0,0,0.0,,1,0.922054,65,3,2,0.5,0.347584,-3.240111,0.0,0
2026-05-29T01:15:29.651492+00:00,inj_fast_time_stop,forward_optimized_long_ms_inj_fast_ts300,persist,INJUSDT,"0-12,14-18,21-23",300,True,active,0,0,0,0,0.0,,0,0,65,2,2,0.5,2.403387,1.007973,0.0,0
2026-05-29T01:15:29.671824+00:00,tia_only,forward_optimized_long_ms_tia_only,persist,TIAUSDT,"0-12,14-18,21-23",,True,active,0,0,0,0,0.0,,1,0.922054,0,3,2,0.5,1.154379,0.766695,0.0,0
2026-05-29T01:20:31.018733+00:00,inj_tia_regime_filtered,forward_optimized_long_ms_inj_tia_regime,persist,"INJUSDT,TIAUSDT","0-12,14-18,21-23",,True,active,0,0,0,0,0.0,,2,4.046635,0,6,4,0.5,1.080107,0.661863,0.0,0
2026-05-29T01:20:31.339625+00:00,inj_fast_tia_standard,forward_optimized_long_ms_inj_fast_tia_standard,persist,"INJUSDT,TIAUSDT","0-12,14-18,21-23","{'INJUSDT': 300, 'TIAUSDT': 600}",True,active,0,0,0,0,0.0,,1,0.922054,65,3,2,0.5,0.347584,-3.240111,0.0,0
2026-05-29T01:20:31.361373+00:00,inj_fast_time_stop,forward_optimized_long_ms_inj_fast_ts300,persist,INJUSDT,"0-12,14-18,21-23",300,True,active,0,0,0,0,0.0,,0,0,65,2,2,0.5,2.403387,1.007973,0.0,0
2026-05-29T01:20:31.383325+00:00,tia_only,forward_optimized_long_ms_tia_only,persist,TIAUSDT,"0-12,14-18,21-23",,True,active,0,0,0,0,0.0,,1,0.922054,0,3,2,0.5,1.154379,0.766695,0.0,0
2026-05-29T01:25:32.307661+00:00,inj_tia_regime_filtered,forward_optimized_long_ms_inj_tia_regime,persist,"INJUSDT,TIAUSDT","0-12,14-18,21-23",,True,active,2,0,0,0,0.0,,2,2.045482,5,6,4,0.5,1.080107,0.661863,0.0,0
2026-05-29T01:25:32.636235+00:00,inj_fast_tia_standard,forward_optimized_long_ms_inj_fast_tia_standard,persist,"INJUSDT,TIAUSDT","0-12,14-18,21-23","{'INJUSDT': 300, 'TIAUSDT': 600}",True,active,1,0,0,0,0.0,,1,0.134466,70,3,2,0.5,0.347584,-3.240111,0.0,0
2026-05-29T01:25:32.667165+00:00,inj_fast_time_stop,forward_optimized_long_ms_inj_fast_ts300,persist,INJUSDT,"0-12,14-18,21-23",300,True,active,0,0,0,0,0.0,,0,0,67,2,2,0.5,2.403387,1.007973,0.0,0
2026-05-29T01:25:32.696574+00:00,tia_only,forward_optimized_long_ms_tia_only,persist,TIAUSDT,"0-12,14-18,21-23",,True,active,1,0,0,0,0.0,,1,0.134466,3,3,2,0.5,1.154379,0.766695,0.0,0
2026-05-29T01:30:34.263324+00:00,inj_tia_regime_filtered,forward_optimized_long_ms_inj_tia_regime,persist,"INJUSDT,TIAUSDT","0-12,14-18,21-23",,True,active,0,0,0,0,0.0,,2,2.045482,0,6,4,0.5,1.080107,0.661863,0.0,0
2026-05-29T01:30:34.584836+00:00,inj_fast_tia_standard,forward_optimized_long_ms_inj_fast_tia_standard,persist,"INJUSDT,TIAUSDT","0-12,14-18,21-23","{'INJUSDT': 300, 'TIAUSDT': 600}",True,active,0,0,0,0,0.0,,1,0.134466,67,3,2,0.5,0.347584,-3.240111,0.0,0
2026-05-29T01:30:34.604860+00:00,inj_fast_time_stop,forward_optimized_long_ms_inj_fast_ts300,persist,INJUSDT,"0-12,14-18,21-23",300,True,active,0,0,0,0,0.0,,0,0,67,2,2,0.5,2.403387,1.007973,0.0,0
2026-05-29T01:30:34.625413+00:00,tia_only,forward_optimized_long_ms_tia_only,persist,TIAUSDT,"0-12,14-18,21-23",,True,active,0,0,0,0,0.0,,1,0.134466,0,3,2,0.5,1.154379,0.766695,0.0,0
2026-05-29T01:35:36.167190+00:00,inj_tia_regime_filtered,forward_optimized_long_ms_inj_tia_regime,persist,"INJUSDT,TIAUSDT","0-12,14-18,21-23",,True,active,0,0,0,0,0.0,,2,2.045482,0,6,4,0.5,1.080107,0.661863,0.0,0
2026-05-29T01:35:36.487837+00:00,inj_fast_tia_standard,forward_optimized_long_ms_inj_fast_tia_standard,persist,"INJUSDT,TIAUSDT","0-12,14-18,21-23","{'INJUSDT': 300, 'TIAUSDT': 600}",True,active,0,0,0,0,0.0,,1,0.134466,67,3,2,0.5,0.347584,-3.240111,0.0,0
2026-05-29T01:35:36.508933+00:00,inj_fast_time_stop,forward_optimized_long_ms_inj_fast_ts300,persist,INJUSDT,"0-12,14-18,21-23",300,True,active,0,0,0,0,0.0,,0,0,67,2,2,0.5,2.403387,1.007973,0.0,0
2026-05-29T01:35:36.530893+00:00,tia_only,forward_optimized_long_ms_tia_only,persist,TIAUSDT,"0-12,14-18,21-23",,True,active,0,0,0,0,0.0,,1,0.134466,0,3,2,0.5,1.154379,0.766695,0.0,0
2026-05-29T01:40:37.845657+00:00,inj_tia_regime_filtered,forward_optimized_long_ms_inj_tia_regime,persist,"INJUSDT,TIAUSDT","0-12,14-18,21-23",,True,active,1,0,0,0,0.0,,2,2.198921,1,6,4,0.5,1.080107,0.661863,0.0,0
2026-05-29T01:40:38.166173+00:00,inj_fast_tia_standard,forward_optimized_long_ms_inj_fast_tia_standard,persist,"INJUSDT,TIAUSDT","0-12,14-18,21-23","{'INJUSDT': 300, 'TIAUSDT': 600}",True,active,0,0,0,0,0.0,,1,0.134466,68,3,2,0.5,0.347584,-3.240111,0.0,0
2026-05-29T01:40:38.186264+00:00,inj_fast_time_stop,forward_optimized_long_ms_inj_fast_ts300,persist,INJUSDT,"0-12,14-18,21-23",300,True,active,0,0,0,0,0.0,,0,0,68,2,2,0.5,2.403387,1.007973,0.0,0
2026-05-29T01:40:38.206677+00:00,tia_only,forward_optimized_long_ms_tia_only,persist,TIAUSDT,"0-12,14-18,21-23",,True,active,0,0,0,0,0.0,,1,0.134466,0,3,2,0.5,1.154379,0.766695,0.0,0
2026-05-29T01:45:39.558631+00:00,inj_tia_regime_filtered,forward_optimized_long_ms_inj_tia_regime,persist,"INJUSDT,TIAUSDT","0-12,14-18,21-23",,True,active,0,0,0,0,0.0,,2,2.198921,0,6,4,0.5,1.080107,0.661863,0.0,0
2026-05-29T01:45:39.879778+00:00,inj_fast_tia_standard,forward_optimized_long_ms_inj_fast_tia_standard,persist,"INJUSDT,TIAUSDT","0-12,14-18,21-23","{'INJUSDT': 300, 'TIAUSDT': 600}",True,active,0,0,0,0,0.0,,1,0.134466,68,3,2,0.5,0.347584,-3.240111,0.0,0
2026-05-29T01:45:39.899977+00:00,inj_fast_time_stop,forward_optimized_long_ms_inj_fast_ts300,persist,INJUSDT,"0-12,14-18,21-23",300,True,active,0,0,0,0,0.0,,0,0,68,2,2,0.5,2.403387,1.007973,0.0,0
2026-05-29T01:45:39.920843+00:00,tia_only,forward_optimized_long_ms_tia_only,persist,TIAUSDT,"0-12,14-18,21-23",,True,active,0,0,0,0,0.0,,1,0.134466,0,3,2,0.5,1.154379,0.766695,0.0,0
2026-05-29T01:50:41.038466+00:00,inj_tia_regime_filtered,forward_optimized_long_ms_inj_tia_regime,persist,"INJUSDT,TIAUSDT","0-12,14-18,21-23",,True,active,1,0,0,0,0.0,,2,3.147455,9,6,4,0.5,1.080107,0.661863,0.0,0
2026-05-29T01:50:41.359665+00:00,inj_fast_tia_standard,forward_optimized_long_ms_inj_fast_tia_standard,persist,"INJUSDT,TIAUSDT","0-12,14-18,21-23","{'INJUSDT': 300, 'TIAUSDT': 600}",True,active,0,0,0,0,0.0,,1,0.134466,77,3,2,0.5,0.347584,-3.240111,0.0,0
2026-05-29T01:50:41.380066+00:00,inj_fast_time_stop,forward_optimized_long_ms_inj_fast_ts300,persist,INJUSDT,"0-12,14-18,21-23",300,True,active,0,0,0,0,0.0,,0,0,77,2,2,0.5,2.403387,1.007973,0.0,0
2026-05-29T01:50:41.400733+00:00,tia_only,forward_optimized_long_ms_tia_only,persist,TIAUSDT,"0-12,14-18,21-23",,True,active,0,0,0,0,0.0,,1,0.134466,0,3,2,0.5,1.154379,0.766695,0.0,0
2026-05-29T01:55:42.545797+00:00,inj_tia_regime_filtered,forward_optimized_long_ms_inj_tia_regime,persist,"INJUSDT,TIAUSDT","0-12,14-18,21-23",,True,active,2,0,0,0,0.0,,2,4.911474,10,6,4,0.5,1.080107,0.661863,0.0,0
2026-05-29T01:55:42.867592+00:00,inj_fast_tia_standard,forward_optimized_long_ms_inj_fast_tia_standard,persist,"INJUSDT,TIAUSDT","0-12,14-18,21-23","{'INJUSDT': 300, 'TIAUSDT': 600}",True,active,1,0,0,0,0.0,,1,0.922054,87,3,2,0.5,0.347584,-3.240111,0.0,0
2026-05-29T01:55:42.888139+00:00,inj_fast_time_stop,forward_optimized_long_ms_inj_fast_ts300,persist,INJUSDT,"0-12,14-18,21-23",300,True,active,0,0,0,0,0.0,,0,0,86,2,2,0.5,2.403387,1.007973,0.0,0
2026-05-29T01:55:42.909889+00:00,tia_only,forward_optimized_long_ms_tia_only,persist,TIAUSDT,"0-12,14-18,21-23",,True,active,1,0,0,0,0.0,,1,0.922054,1,3,2,0.5,1.154379,0.766695,0.0,0
2026-05-29T02:00:44.022747+00:00,inj_tia_regime_filtered,forward_optimized_long_ms_inj_tia_regime,persist,"INJUSDT,TIAUSDT","0-12,14-18,21-23",,True,active,1,0,0,0,0.0,,2,4.604596,3,6,4,0.5,1.080107,0.661863,0.0,0
2026-05-29T02:00:44.343827+00:00,inj_fast_tia_standard,forward_optimized_long_ms_inj_fast_tia_standard,persist,"INJUSDT,TIAUSDT","0-12,14-18,21-23","{'INJUSDT': 300, 'TIAUSDT': 600}",True,active,0,0,0,0,0.0,,1,0.922054,89,3,2,0.5,0.347584,-3.240111,0.0,0
2026-05-29T02:00:44.364590+00:00,inj_fast_time_stop,forward_optimized_long_ms_inj_fast_ts300,persist,INJUSDT,"0-12,14-18,21-23",300,True,active,0,0,0,0,0.0,,0,0,89,2,2,0.5,2.403387,1.007973,0.0,0
2026-05-29T02:00:44.385197+00:00,tia_only,forward_optimized_long_ms_tia_only,persist,TIAUSDT,"0-12,14-18,21-23",,True,active,0,0,0,0,0.0,,1,0.922054,0,3,2,0.5,1.154379,0.766695,0.0,0
2026-05-29T02:05:45.742384+00:00,inj_tia_regime_filtered,forward_optimized_long_ms_inj_tia_regime,persist,"INJUSDT,TIAUSDT","0-12,14-18,21-23",,True,active,1,0,0,0,0.0,,2,5.037015,7,6,4,0.5,1.080107,0.661863,0.0,0
2026-05-29T02:05:46.063669+00:00,inj_fast_tia_standard,forward_optimized_long_ms_inj_fast_tia_standard,persist,"INJUSDT,TIAUSDT","0-12,14-18,21-23","{'INJUSDT': 300, 'TIAUSDT': 600}",True,active,0,0,0,0,0.0,,1,0.922054,96,3,2,0.5,0.347584,-3.240111,0.0,0
2026-05-29T02:05:46.083921+00:00,inj_fast_time_stop,forward_optimized_long_ms_inj_fast_ts300,persist,INJUSDT,"0-12,14-18,21-23",300,True,active,0,0,0,0,0.0,,0,0,96,2,2,0.5,2.403387,1.007973,0.0,0
2026-05-29T02:05:46.104389+00:00,tia_only,forward_optimized_long_ms_tia_only,persist,TIAUSDT,"0-12,14-18,21-23",,True,active,0,0,0,0,0.0,,1,0.922054,0,3,2,0.5,1.154379,0.766695,0.0,0
2026-05-29T02:10:47.037496+00:00,inj_tia_regime_filtered,forward_optimized_long_ms_inj_tia_regime,persist,"INJUSDT,TIAUSDT","0-12,14-18,21-23",,True,active,1,0,0,0,0.0,,2,5.288098,3,6,4,0.5,1.080107,0.661863,0.0,0
2026-05-29T02:10:47.358856+00:00,inj_fast_tia_standard,forward_optimized_long_ms_inj_fast_tia_standard,persist,"INJUSDT,TIAUSDT","0-12,14-18,21-23","{'INJUSDT': 300, 'TIAUSDT': 600}",True,active,0,0,0,0,0.0,,1,0.922054,99,3,2,0.5,0.347584,-3.240111,0.0,0
2026-05-29T02:10:47.379621+00:00,inj_fast_time_stop,forward_optimized_long_ms_inj_fast_ts300,persist,INJUSDT,"0-12,14-18,21-23",300,True,active,0,0,0,0,0.0,,0,0,99,2,2,0.5,2.403387,1.007973,0.0,0
2026-05-29T02:10:47.400172+00:00,tia_only,forward_optimized_long_ms_tia_only,persist,TIAUSDT,"0-12,14-18,21-23",,True,active,0,0,0,0,0.0,,1,0.922054,0,3,2,0.5,1.154379,0.766695,0.0,0
2026-05-29T02:15:48.742786+00:00,inj_tia_regime_filtered,forward_optimized_long_ms_inj_tia_regime,persist,"INJUSDT,TIAUSDT","0-12,14-18,21-23",,True,active,1,0,0,0,0.0,,2,5.009117,3,6,4,0.5,1.080107,0.661863,0.0,0
2026-05-29T02:15:49.064114+00:00,inj_fast_tia_standard,forward_optimized_long_ms_inj_fast_tia_standard,persist,"INJUSDT,TIAUSDT","0-12,14-18,21-23","{'INJUSDT': 300, 'TIAUSDT': 600}",True,active,0,0,0,0,0.0,,1,0.922054,102,3,2,0.5,0.347584,-3.240111,0.0,0
2026-05-29T02:15:49.084574+00:00,inj_fast_time_stop,forward_optimized_long_ms_inj_fast_ts300,persist,INJUSDT,"0-12,14-18,21-23",300,True,active,0,0,0,0,0.0,,0,0,102,2,2,0.5,2.403387,1.007973,0.0,0
2026-05-29T02:15:49.105478+00:00,tia_only,forward_optimized_long_ms_tia_only,persist,TIAUSDT,"0-12,14-18,21-23",,True,active,0,0,0,0,0.0,,1,0.922054,0,3,2,0.5,1.154379,0.766695,0.0,0
2026-05-29T02:20:50.632041+00:00,inj_tia_regime_filtered,forward_optimized_long_ms_inj_tia_regime,persist,"INJUSDT,TIAUSDT","0-12,14-18,21-23",,True,active,1,0,0,0,0.0,,2,4.632494,5,6,4,0.5,1.080107,0.661863,0.0,0
2026-05-29T02:20:50.953892+00:00,inj_fast_tia_standard,forward_optimized_long_ms_inj_fast_tia_standard,persist,"INJUSDT,TIAUSDT","0-12,14-18,21-23","{'INJUSDT': 300, 'TIAUSDT': 600}",True,active,0,0,0,0,0.0,,1,0.922054,107,3,2,0.5,0.347584,-3.240111,0.0,0
2026-05-29T02:20:50.975792+00:00,inj_fast_time_stop,forward_optimized_long_ms_inj_fast_ts300,persist,INJUSDT,"0-12,14-18,21-23",300,True,active,0,0,0,0,0.0,,0,0,107,2,2,0.5,2.403387,1.007973,0.0,0
2026-05-29T02:20:50.998014+00:00,tia_only,forward_optimized_long_ms_tia_only,persist,TIAUSDT,"0-12,14-18,21-23",,True,active,0,0,0,0,0.0,,1,0.922054,0,3,2,0.5,1.154379,0.766695,0.0,0
2026-05-29T02:25:52.425759+00:00,inj_tia_regime_filtered,forward_optimized_long_ms_inj_tia_regime,persist,"INJUSDT,TIAUSDT","0-12,14-18,21-23",,True,active,1,0,0,0,0.0,,2,3.586317,2,6,4,0.5,1.080107,0.661863,0.0,0
2026-05-29T02:25:52.748570+00:00,inj_fast_tia_standard,forward_optimized_long_ms_inj_fast_tia_standard,persist,"INJUSDT,TIAUSDT","0-12,14-18,21-23","{'INJUSDT': 300, 'TIAUSDT': 600}",True,active,0,0,0,0,0.0,,1,0.922054,109,3,2,0.5,0.347584,-3.240111,0.0,0
2026-05-29T02:25:52.770187+00:00,inj_fast_time_stop,forward_optimized_long_ms_inj_fast_ts300,persist,INJUSDT,"0-12,14-18,21-23",300,True,active,0,0,0,0,0.0,,0,0,109,2,2,0.5,2.403387,1.007973,0.0,0
2026-05-29T02:25:52.792062+00:00,tia_only,forward_optimized_long_ms_tia_only,persist,TIAUSDT,"0-12,14-18,21-23",,True,active,0,0,0,0,0.0,,1,0.922054,0,3,2,0.5,1.154379,0.766695,0.0,0
2026-05-29T02:30:54.168614+00:00,inj_tia_regime_filtered,forward_optimized_long_ms_inj_tia_regime,persist,"INJUSDT,TIAUSDT","0-12,14-18,21-23",,True,active,2,0,0,0,0.0,,2,2.258145,4,6,4,0.5,1.080107,0.661863,0.0,0
2026-05-29T02:30:54.491055+00:00,inj_fast_tia_standard,forward_optimized_long_ms_inj_fast_tia_standard,persist,"INJUSDT,TIAUSDT","0-12,14-18,21-23","{'INJUSDT': 300, 'TIAUSDT': 600}",True,active,1,0,0,0,0.0,,1,0.096047,113,3,2,0.5,0.347584,-3.240111,0.0,0
2026-05-29T02:30:54.511966+00:00,inj_fast_time_stop,forward_optimized_long_ms_inj_fast_ts300,persist,INJUSDT,"0-12,14-18,21-23",300,True,active,0,0,0,0,0.0,,0,0,112,2,2,0.5,2.403387,1.007973,0.0,0
2026-05-29T02:30:54.533574+00:00,tia_only,forward_optimized_long_ms_tia_only,persist,TIAUSDT,"0-12,14-18,21-23",,True,active,1,0,0,0,0.0,,1,0.096047,1,3,2,0.5,1.154379,0.766695,0.0,0
2026-05-29T02:35:56.060624+00:00,inj_tia_regime_filtered,forward_optimized_long_ms_inj_tia_regime,persist,"INJUSDT,TIAUSDT","0-12,14-18,21-23",,True,active,1,0,0,0,0.0,,2,2.258145,1,6,4,0.5,1.080107,0.661863,0.0,0
2026-05-29T02:35:56.382310+00:00,inj_fast_tia_standard,forward_optimized_long_ms_inj_fast_tia_standard,persist,"INJUSDT,TIAUSDT","0-12,14-18,21-23","{'INJUSDT': 300, 'TIAUSDT': 600}",True,active,0,0,0,0,0.0,,1,0.096047,113,3,2,0.5,0.347584,-3.240111,0.0,0
2026-05-29T02:35:56.404451+00:00,inj_fast_time_stop,forward_optimized_long_ms_inj_fast_ts300,persist,INJUSDT,"0-12,14-18,21-23",300,True,active,0,0,0,0,0.0,,0,0,113,2,2,0.5,2.403387,1.007973,0.0,0
2026-05-29T02:35:56.427178+00:00,tia_only,forward_optimized_long_ms_tia_only,persist,TIAUSDT,"0-12,14-18,21-23",,True,active,0,0,0,0,0.0,,1,0.096047,0,3,2,0.5,1.154379,0.766695,0.0,0
2026-05-29T02:40:57.788208+00:00,inj_tia_regime_filtered,forward_optimized_long_ms_inj_tia_regime,persist,"INJUSDT,TIAUSDT","0-12,14-18,21-23",,True,active,0,0,0,0,0.0,,2,2.258145,0,6,4,0.5,1.080107,0.661863,0.0,0
2026-05-29T02:40:58.110249+00:00,inj_fast_tia_standard,forward_optimized_long_ms_inj_fast_tia_standard,persist,"INJUSDT,TIAUSDT","0-12,14-18,21-23","{'INJUSDT': 300, 'TIAUSDT': 600}",True,active,0,0,0,0,0.0,,1,0.096047,113,3,2,0.5,0.347584,-3.240111,0.0,0
2026-05-29T02:40:58.132406+00:00,inj_fast_time_stop,forward_optimized_long_ms_inj_fast_ts300,persist,INJUSDT,"0-12,14-18,21-23",300,True,active,0,0,0,0,0.0,,0,0,113,2,2,0.5,2.403387,1.007973,0.0,0
2026-05-29T02:40:58.154860+00:00,tia_only,forward_optimized_long_ms_tia_only,persist,TIAUSDT,"0-12,14-18,21-23",,True,active,0,0,0,0,0.0,,1,0.096047,0,3,2,0.5,1.154379,0.766695,0.0,0
2026-05-29T02:45:59.514451+00:00,inj_tia_regime_filtered,forward_optimized_long_ms_inj_tia_regime,persist,"INJUSDT,TIAUSDT","0-12,14-18,21-23",,True,active,2,0,0,0,0.0,,2,0.82181,5,6,4,0.5,1.080107,0.661863,0.0,0
2026-05-29T02:45:59.837721+00:00,inj_fast_tia_standard,forward_optimized_long_ms_inj_fast_tia_standard,persist,"INJUSDT,TIAUSDT","0-12,14-18,21-23","{'INJUSDT': 300, 'TIAUSDT': 600}",True,active,1,0,0,0,0.0,,1,-0.768378,118,3,2,0.5,0.347584,-3.240111,0.0,0
2026-05-29T02:45:59.860588+00:00,inj_fast_time_stop,forward_optimized_long_ms_inj_fast_ts300,persist,INJUSDT,"0-12,14-18,21-23",300,True,active,0,0,0,0,0.0,,0,0,115,2,2,0.5,2.403387,1.007973,0.0,0
2026-05-29T02:45:59.884774+00:00,tia_only,forward_optimized_long_ms_tia_only,persist,TIAUSDT,"0-12,14-18,21-23",,True,active,1,0,0,0,0.0,,1,-0.768378,3,3,2,0.5,1.154379,0.766695,0.0,0
2026-05-29T02:51:01.004635+00:00,inj_tia_regime_filtered,forward_optimized_long_ms_inj_tia_regime,persist,"INJUSDT,TIAUSDT","0-12,14-18,21-23",,True,active,0,0,0,0,0.0,,2,0.82181,0,6,4,0.5,1.080107,0.661863,0.0,0
2026-05-29T02:51:01.326944+00:00,inj_fast_tia_standard,forward_optimized_long_ms_inj_fast_tia_standard,persist,"INJUSDT,TIAUSDT","0-12,14-18,21-23","{'INJUSDT': 300, 'TIAUSDT': 600}",True,active,0,0,0,0,0.0,,1,-0.768378,115,3,2,0.5,0.347584,-3.240111,0.0,0
2026-05-29T02:51:01.348949+00:00,inj_fast_time_stop,forward_optimized_long_ms_inj_fast_ts300,persist,INJUSDT,"0-12,14-18,21-23",300,True,active,0,0,0,0,0.0,,0,0,115,2,2,0.5,2.403387,1.007973,0.0,0
2026-05-29T02:51:01.371391+00:00,tia_only,forward_optimized_long_ms_tia_only,persist,TIAUSDT,"0-12,14-18,21-23",,True,active,0,0,0,0,0.0,,1,-0.768378,0,3,2,0.5,1.154379,0.766695,0.0,0
2026-05-29T02:56:02.899274+00:00,inj_tia_regime_filtered,forward_optimized_long_ms_inj_tia_regime,persist,"INJUSDT,TIAUSDT","0-12,14-18,21-23",,True,active,1,0,0,0,0.0,,2,1.100791,2,6,4,0.5,1.080107,0.661863,0.0,0
2026-05-29T02:56:03.222165+00:00,inj_fast_tia_standard,forward_optimized_long_ms_inj_fast_tia_standard,persist,"INJUSDT,TIAUSDT","0-12,14-18,21-23","{'INJUSDT': 300, 'TIAUSDT': 600}",True,active,0,0,0,0,0.0,,1,-0.768378,117,3,2,0.5,0.347584,-3.240111,0.0,0
2026-05-29T02:56:03.244002+00:00,inj_fast_time_stop,forward_optimized_long_ms_inj_fast_ts300,persist,INJUSDT,"0-12,14-18,21-23",300,True,active,0,0,0,0,0.0,,0,0,117,2,2,0.5,2.403387,1.007973,0.0,0
2026-05-29T02:56:03.265717+00:00,tia_only,forward_optimized_long_ms_tia_only,persist,TIAUSDT,"0-12,14-18,21-23",,True,active,0,0,0,0,0.0,,1,-0.768378,0,3,2,0.5,1.154379,0.766695,0.0,0
2026-05-29T03:01:05.005695+00:00,inj_tia_regime_filtered,forward_optimized_long_ms_inj_tia_regime,persist,"INJUSDT,TIAUSDT","0-12,14-18,21-23",,True,active,1,0,0,0,0.0,,2,1.268179,2,6,4,0.5,1.080107,0.661863,0.0,0
2026-05-29T03:01:05.327977+00:00,inj_fast_tia_standard,forward_optimized_long_ms_inj_fast_tia_standard,persist,"INJUSDT,TIAUSDT","0-12,14-18,21-23","{'INJUSDT': 300, 'TIAUSDT': 600}",True,active,0,0,0,0,0.0,,1,-0.768378,119,3,2,0.5,0.347584,-3.240111,0.0,0
2026-05-29T03:01:05.349177+00:00,inj_fast_time_stop,forward_optimized_long_ms_inj_fast_ts300,persist,INJUSDT,"0-12,14-18,21-23",300,True,active,0,0,0,0,0.0,,0,0,119,2,2,0.5,2.403387,1.007973,0.0,0
2026-05-29T03:01:05.370362+00:00,tia_only,forward_optimized_long_ms_tia_only,persist,TIAUSDT,"0-12,14-18,21-23",,True,active,0,0,0,0,0.0,,1,-0.768378,0,3,2,0.5,1.154379,0.766695,0.0,0
2026-05-29T03:06:07.142737+00:00,inj_tia_regime_filtered,forward_optimized_long_ms_inj_tia_regime,persist,"INJUSDT,TIAUSDT","0-12,14-18,21-23",,True,active,1,0,0,0,0.0,,2,1.031046,2,6,4,0.5,1.080107,0.661863,0.0,0
2026-05-29T03:06:07.465881+00:00,inj_fast_tia_standard,forward_optimized_long_ms_inj_fast_tia_standard,persist,"INJUSDT,TIAUSDT","0-12,14-18,21-23","{'INJUSDT': 300, 'TIAUSDT': 600}",True,active,0,0,0,0,0.0,,1,-0.768378,121,3,2,0.5,0.347584,-3.240111,0.0,0
2026-05-29T03:06:07.488473+00:00,inj_fast_time_stop,forward_optimized_long_ms_inj_fast_ts300,persist,INJUSDT,"0-12,14-18,21-23",300,True,active,0,0,0,0,0.0,,0,0,121,2,2,0.5,2.403387,1.007973,0.0,0
2026-05-29T03:06:07.510711+00:00,tia_only,forward_optimized_long_ms_tia_only,persist,TIAUSDT,"0-12,14-18,21-23",,True,active,0,0,0,0,0.0,,1,-0.768378,0,3,2,0.5,1.154379,0.766695,0.0,0
2026-05-29T03:11:09.064824+00:00,inj_tia_regime_filtered,forward_optimized_long_ms_inj_tia_regime,persist,"INJUSDT,TIAUSDT","0-12,14-18,21-23",,True,active,1,0,0,0,0.0,,2,1.770344,3,6,4,0.5,1.080107,0.661863,0.0,0
2026-05-29T03:11:09.386585+00:00,inj_fast_tia_standard,forward_optimized_long_ms_inj_fast_tia_standard,persist,"INJUSDT,TIAUSDT","0-12,14-18,21-23","{'INJUSDT': 300, 'TIAUSDT': 600}",True,active,0,0,0,0,0.0,,1,-0.768378,124,3,2,0.5,0.347584,-3.240111,0.0,0
2026-05-29T03:11:09.409235+00:00,inj_fast_time_stop,forward_optimized_long_ms_inj_fast_ts300,persist,INJUSDT,"0-12,14-18,21-23",300,True,active,0,0,0,0,0.0,,0,0,124,2,2,0.5,2.403387,1.007973,0.0,0
2026-05-29T03:11:09.431855+00:00,tia_only,forward_optimized_long_ms_tia_only,persist,TIAUSDT,"0-12,14-18,21-23",,True,active,0,0,0,0,0.0,,1,-0.768378,0,3,2,0.5,1.154379,0.766695,0.0,0
2026-05-29T03:16:11.442568+00:00,inj_tia_regime_filtered,forward_optimized_long_ms_inj_tia_regime,persist,"INJUSDT,TIAUSDT","0-12,14-18,21-23",,True,active,1,0,0,0,0.0,,2,2.091171,1,6,4,0.5,1.080107,0.661863,0.0,0
2026-05-29T03:16:11.764772+00:00,inj_fast_tia_standard,forward_optimized_long_ms_inj_fast_tia_standard,persist,"INJUSDT,TIAUSDT","0-12,14-18,21-23","{'INJUSDT': 300, 'TIAUSDT': 600}",True,active,0,0,0,0,0.0,,1,-0.768378,125,3,2,0.5,0.347584,-3.240111,0.0,0
2026-05-29T03:16:11.786069+00:00,inj_fast_time_stop,forward_optimized_long_ms_inj_fast_ts300,persist,INJUSDT,"0-12,14-18,21-23",300,True,active,0,0,0,0,0.0,,0,0,125,2,2,0.5,2.403387,1.007973,0.0,0
2026-05-29T03:16:11.807227+00:00,tia_only,forward_optimized_long_ms_tia_only,persist,TIAUSDT,"0-12,14-18,21-23",,True,active,0,0,0,0,0.0,,1,-0.768378,0,3,2,0.5,1.154379,0.766695,0.0,0
2026-05-29T03:21:13.571368+00:00,inj_tia_regime_filtered,forward_optimized_long_ms_inj_tia_regime,persist,"INJUSDT,TIAUSDT","0-12,14-18,21-23",,True,active,1,0,0,0,0.0,,2,1.784293,1,6,4,0.5,1.080107,0.661863,0.0,0
2026-05-29T03:21:13.893819+00:00,inj_fast_tia_standard,forward_optimized_long_ms_inj_fast_tia_standard,persist,"INJUSDT,TIAUSDT","0-12,14-18,21-23","{'INJUSDT': 300, 'TIAUSDT': 600}",True,active,0,0,0,0,0.0,,1,-0.768378,126,3,2,0.5,0.347584,-3.240111,0.0,0
2026-05-29T03:21:13.915034+00:00,inj_fast_time_stop,forward_optimized_long_ms_inj_fast_ts300,persist,INJUSDT,"0-12,14-18,21-23",300,True,active,0,0,0,0,0.0,,0,0,126,2,2,0.5,2.403387,1.007973,0.0,0
2026-05-29T03:21:13.936054+00:00,tia_only,forward_optimized_long_ms_tia_only,persist,TIAUSDT,"0-12,14-18,21-23",,True,active,0,0,0,0,0.0,,1,-0.768378,0,3,2,0.5,1.154379,0.766695,0.0,0
2026-05-29T03:26:15.289324+00:00,inj_tia_regime_filtered,forward_optimized_long_ms_inj_tia_regime,persist,"INJUSDT,TIAUSDT","0-12,14-18,21-23",,True,active,1,0,0,0,0.0,,2,1.909834,1,6,4,0.5,1.080107,0.661863,0.0,0
2026-05-29T03:26:15.618316+00:00,inj_fast_tia_standard,forward_optimized_long_ms_inj_fast_tia_standard,persist,"INJUSDT,TIAUSDT","0-12,14-18,21-23","{'INJUSDT': 300, 'TIAUSDT': 600}",True,active,0,0,0,0,0.0,,1,-0.768378,127,3,2,0.5,0.347584,-3.240111,0.0,0
2026-05-29T03:26:15.658850+00:00,inj_fast_time_stop,forward_optimized_long_ms_inj_fast_ts300,persist,INJUSDT,"0-12,14-18,21-23",300,True,active,0,0,0,0,0.0,,0,0,127,2,2,0.5,2.403387,1.007973,0.0,0
2026-05-29T03:26:15.687984+00:00,tia_only,forward_optimized_long_ms_tia_only,persist,TIAUSDT,"0-12,14-18,21-23",,True,active,0,0,0,0,0.0,,1,-0.768378,0,3,2,0.5,1.154379,0.766695,0.0,0
2026-05-29T03:31:17.242535+00:00,inj_tia_regime_filtered,forward_optimized_long_ms_inj_tia_regime,persist,"INJUSDT,TIAUSDT","0-12,14-18,21-23",,True,active,0,0,0,0,0.0,,2,1.909834,0,6,4,0.5,1.080107,0.661863,0.0,0
2026-05-29T03:31:17.566610+00:00,inj_fast_tia_standard,forward_optimized_long_ms_inj_fast_tia_standard,persist,"INJUSDT,TIAUSDT","0-12,14-18,21-23","{'INJUSDT': 300, 'TIAUSDT': 600}",True,active,0,0,0,0,0.0,,1,-0.768378,127,3,2,0.5,0.347584,-3.240111,0.0,0
2026-05-29T03:31:17.588918+00:00,inj_fast_time_stop,forward_optimized_long_ms_inj_fast_ts300,persist,INJUSDT,"0-12,14-18,21-23",300,True,active,0,0,0,0,0.0,,0,0,127,2,2,0.5,2.403387,1.007973,0.0,0
2026-05-29T03:31:17.610729+00:00,tia_only,forward_optimized_long_ms_tia_only,persist,TIAUSDT,"0-12,14-18,21-23",,True,active,0,0,0,0,0.0,,1,-0.768378,0,3,2,0.5,1.154379,0.766695,0.0,0
2026-05-29T03:36:18.821957+00:00,inj_tia_regime_filtered,forward_optimized_long_ms_inj_tia_regime,persist,"INJUSDT,TIAUSDT","0-12,14-18,21-23",,True,active,1,0,0,0,0.0,,2,1.031046,1,6,4,0.5,1.080107,0.661863,0.0,0
2026-05-29T03:36:19.143680+00:00,inj_fast_tia_standard,forward_optimized_long_ms_inj_fast_tia_standard,persist,"INJUSDT,TIAUSDT","0-12,14-18,21-23","{'INJUSDT': 300, 'TIAUSDT': 600}",True,active,0,0,0,0,0.0,,1,-0.768378,128,3,2,0.5,0.347584,-3.240111,0.0,0
2026-05-29T03:36:19.165246+00:00,inj_fast_time_stop,forward_optimized_long_ms_inj_fast_ts300,persist,INJUSDT,"0-12,14-18,21-23",300,True,active,0,0,0,0,0.0,,0,0,128,2,2,0.5,2.403387,1.007973,0.0,0
2026-05-29T03:36:19.186750+00:00,tia_only,forward_optimized_long_ms_tia_only,persist,TIAUSDT,"0-12,14-18,21-23",,True,active,0,0,0,0,0.0,,1,-0.768378,0,3,2,0.5,1.154379,0.766695,0.0,0
2026-05-29T03:41:20.534261+00:00,inj_tia_regime_filtered,forward_optimized_long_ms_inj_tia_regime,persist,"INJUSDT,TIAUSDT","0-12,14-18,21-23",,True,active,1,0,0,0,0.0,,2,1.728497,3,6,4,0.5,1.080107,0.661863,0.0,0
2026-05-29T03:41:20.859060+00:00,inj_fast_tia_standard,forward_optimized_long_ms_inj_fast_tia_standard,persist,"INJUSDT,TIAUSDT","0-12,14-18,21-23","{'INJUSDT': 300, 'TIAUSDT': 600}",True,active,0,0,0,0,0.0,,1,-0.768378,131,3,2,0.5,0.347584,-3.240111,0.0,0
2026-05-29T03:41:20.884920+00:00,inj_fast_time_stop,forward_optimized_long_ms_inj_fast_ts300,persist,INJUSDT,"0-12,14-18,21-23",300,True,active,0,0,0,0,0.0,,0,0,131,2,2,0.5,2.403387,1.007973,0.0,0
2026-05-29T03:41:20.909640+00:00,tia_only,forward_optimized_long_ms_tia_only,persist,TIAUSDT,"0-12,14-18,21-23",,True,active,0,0,0,0,0.0,,1,-0.768378,0,3,2,0.5,1.154379,0.766695,0.0,0
2026-05-29T03:46:22.264867+00:00,inj_tia_regime_filtered,forward_optimized_long_ms_inj_tia_regime,persist,"INJUSDT,TIAUSDT","0-12,14-18,21-23",,True,active,1,0,0,0,0.0,,2,1.82614,1,6,4,0.5,1.080107,0.661863,0.0,0
2026-05-29T03:46:22.589213+00:00,inj_fast_tia_standard,forward_optimized_long_ms_inj_fast_tia_standard,persist,"INJUSDT,TIAUSDT","0-12,14-18,21-23","{'INJUSDT': 300, 'TIAUSDT': 600}",True,active,0,0,0,0,0.0,,1,-0.768378,132,3,2,0.5,0.347584,-3.240111,0.0,0
2026-05-29T03:46:22.613948+00:00,inj_fast_time_stop,forward_optimized_long_ms_inj_fast_ts300,persist,INJUSDT,"0-12,14-18,21-23",300,True,active,0,0,0,0,0.0,,0,0,132,2,2,0.5,2.403387,1.007973,0.0,0
2026-05-29T03:46:22.637307+00:00,tia_only,forward_optimized_long_ms_tia_only,persist,TIAUSDT,"0-12,14-18,21-23",,True,active,0,0,0,0,0.0,,1,-0.768378,0,3,2,0.5,1.154379,0.766695,0.0,0
2026-05-29T03:51:23.976126+00:00,inj_tia_regime_filtered,forward_optimized_long_ms_inj_tia_regime,persist,"INJUSDT,TIAUSDT","0-12,14-18,21-23",,True,active,1,0,0,0,0.0,,2,2.39805,3,6,4,0.5,1.080107,0.661863,0.0,0
2026-05-29T03:51:24.298955+00:00,inj_fast_tia_standard,forward_optimized_long_ms_inj_fast_tia_standard,persist,"INJUSDT,TIAUSDT","0-12,14-18,21-23","{'INJUSDT': 300, 'TIAUSDT': 600}",True,active,0,0,0,0,0.0,,1,-0.768378,135,3,2,0.5,0.347584,-3.240111,0.0,0
2026-05-29T03:51:24.320564+00:00,inj_fast_time_stop,forward_optimized_long_ms_inj_fast_ts300,persist,INJUSDT,"0-12,14-18,21-23",300,True,active,0,0,0,0,0.0,,0,0,135,2,2,0.5,2.403387,1.007973,0.0,0
2026-05-29T03:51:24.342139+00:00,tia_only,forward_optimized_long_ms_tia_only,persist,TIAUSDT,"0-12,14-18,21-23",,True,active,0,0,0,0,0.0,,1,-0.768378,0,3,2,0.5,1.154379,0.766695,0.0,0
2026-05-29T03:56:25.453855+00:00,inj_tia_regime_filtered,forward_optimized_long_ms_inj_tia_regime,persist,"INJUSDT,TIAUSDT","0-12,14-18,21-23",,True,active,0,0,0,0,0.0,,2,2.39805,0,6,4,0.5,1.080107,0.661863,0.0,0
2026-05-29T03:56:25.778264+00:00,inj_fast_tia_standard,forward_optimized_long_ms_inj_fast_tia_standard,persist,"INJUSDT,TIAUSDT","0-12,14-18,21-23","{'INJUSDT': 300, 'TIAUSDT': 600}",True,active,0,0,0,0,0.0,,1,-0.768378,135,3,2,0.5,0.347584,-3.240111,0.0,0
2026-05-29T03:56:25.801878+00:00,inj_fast_time_stop,forward_optimized_long_ms_inj_fast_ts300,persist,INJUSDT,"0-12,14-18,21-23",300,True,active,0,0,0,0,0.0,,0,0,135,2,2,0.5,2.403387,1.007973,0.0,0
2026-05-29T03:56:25.823639+00:00,tia_only,forward_optimized_long_ms_tia_only,persist,TIAUSDT,"0-12,14-18,21-23",,True,active,0,0,0,0,0.0,,1,-0.768378,0,3,2,0.5,1.154379,0.766695,0.0,0
2026-05-29T04:01:27.406407+00:00,inj_tia_regime_filtered,forward_optimized_long_ms_inj_tia_regime,persist,"INJUSDT,TIAUSDT","0-12,14-18,21-23",,True,active,1,0,0,0,0.0,,2,2.049324,1,6,4,0.5,1.080107,0.661863,0.0,0
2026-05-29T04:01:27.729041+00:00,inj_fast_tia_standard,forward_optimized_long_ms_inj_fast_tia_standard,persist,"INJUSDT,TIAUSDT","0-12,14-18,21-23","{'INJUSDT': 300, 'TIAUSDT': 600}",True,active,0,0,0,0,0.0,,1,-0.768378,136,3,2,0.5,0.347584,-3.240111,0.0,0
2026-05-29T04:01:27.750969+00:00,inj_fast_time_stop,forward_optimized_long_ms_inj_fast_ts300,persist,INJUSDT,"0-12,14-18,21-23",300,True,active,0,0,0,0,0.0,,0,0,136,2,2,0.5,2.403387,1.007973,0.0,0
2026-05-29T04:01:27.772682+00:00,tia_only,forward_optimized_long_ms_tia_only,persist,TIAUSDT,"0-12,14-18,21-23",,True,active,0,0,0,0,0.0,,1,-0.768378,0,3,2,0.5,1.154379,0.766695,0.0,0
2026-05-29T04:06:29.345769+00:00,inj_tia_regime_filtered,forward_optimized_long_ms_inj_tia_regime,persist,"INJUSDT,TIAUSDT","0-12,14-18,21-23",,True,active,1,0,0,0,0.0,,2,2.342254,1,6,4,0.5,1.080107,0.661863,0.0,0
2026-05-29T04:06:29.668849+00:00,inj_fast_tia_standard,forward_optimized_long_ms_inj_fast_tia_standard,persist,"INJUSDT,TIAUSDT","0-12,14-18,21-23","{'INJUSDT': 300, 'TIAUSDT': 600}",True,active,0,0,0,0,0.0,,1,-0.768378,137,3,2,0.5,0.347584,-3.240111,0.0,0
2026-05-29T04:06:29.690526+00:00,inj_fast_time_stop,forward_optimized_long_ms_inj_fast_ts300,persist,INJUSDT,"0-12,14-18,21-23",300,True,active,0,0,0,0,0.0,,0,0,137,2,2,0.5,2.403387,1.007973,0.0,0
2026-05-29T04:06:29.711965+00:00,tia_only,forward_optimized_long_ms_tia_only,persist,TIAUSDT,"0-12,14-18,21-23",,True,active,0,0,0,0,0.0,,1,-0.768378,0,3,2,0.5,1.154379,0.766695,0.0,0
2026-05-29T04:11:30.831850+00:00,inj_tia_regime_filtered,forward_optimized_long_ms_inj_tia_regime,persist,"INJUSDT,TIAUSDT","0-12,14-18,21-23",,True,active,2,0,0,0,0.0,,2,0.67174,5,6,4,0.5,1.080107,0.661863,0.0,0
2026-05-29T04:11:31.165389+00:00,inj_fast_tia_standard,forward_optimized_long_ms_inj_fast_tia_standard,persist,"INJUSDT,TIAUSDT","0-12,14-18,21-23","{'INJUSDT': 300, 'TIAUSDT': 600}",True,active,1,0,0,0,0.0,,1,-1.978574,142,3,2,0.5,0.347584,-3.240111,0.0,0
2026-05-29T04:11:31.187103+00:00,inj_fast_time_stop,forward_optimized_long_ms_inj_fast_ts300,persist,INJUSDT,"0-12,14-18,21-23",300,True,active,0,0,0,0,0.0,,0,0,139,2,2,0.5,2.403387,1.007973,0.0,0
2026-05-29T04:11:31.233824+00:00,tia_only,forward_optimized_long_ms_tia_only,persist,TIAUSDT,"0-12,14-18,21-23",,True,active,1,0,0,0,0.0,,1,-1.978574,3,3,2,0.5,1.154379,0.766695,0.0,0
2026-05-29T04:16:32.742546+00:00,inj_tia_regime_filtered,forward_optimized_long_ms_inj_tia_regime,persist,"INJUSDT,TIAUSDT","0-12,14-18,21-23",,True,active,1,0,0,0,0.0,,2,0.883044,1,6,4,0.5,1.080107,0.661863,0.0,0
2026-05-29T04:16:33.067528+00:00,inj_fast_tia_standard,forward_optimized_long_ms_inj_fast_tia_standard,persist,"INJUSDT,TIAUSDT","0-12,14-18,21-23","{'INJUSDT': 300, 'TIAUSDT': 600}",True,active,1,0,0,0,0.0,,1,-1.76727,140,3,2,0.5,0.347584,-3.240111,0.0,0
2026-05-29T04:16:33.089992+00:00,inj_fast_time_stop,forward_optimized_long_ms_inj_fast_ts300,persist,INJUSDT,"0-12,14-18,21-23",300,True,active,0,0,0,0,0.0,,0,0,139,2,2,0.5,2.403387,1.007973,0.0,0
2026-05-29T04:16:33.113232+00:00,tia_only,forward_optimized_long_ms_tia_only,persist,TIAUSDT,"0-12,14-18,21-23",,True,active,1,0,0,0,0.0,,1,-1.76727,1,3,2,0.5,1.154379,0.766695,0.0,0
2026-05-29T04:21:34.239102+00:00,inj_tia_regime_filtered,forward_optimized_long_ms_inj_tia_regime,persist,"INJUSDT,TIAUSDT","0-12,14-18,21-23",,True,active,1,0,0,0,0.0,,2,1.413107,1,6,4,0.5,1.080107,0.661863,0.0,0
2026-05-29T04:21:34.562626+00:00,inj_fast_tia_standard,forward_optimized_long_ms_inj_fast_tia_standard,persist,"INJUSDT,TIAUSDT","0-12,14-18,21-23","{'INJUSDT': 300, 'TIAUSDT': 600}",True,active,0,0,0,0,0.0,,1,-1.76727,140,3,2,0.5,0.347584,-3.240111,0.0,0
2026-05-29T04:21:34.585271+00:00,inj_fast_time_stop,forward_optimized_long_ms_inj_fast_ts300,persist,INJUSDT,"0-12,14-18,21-23",300,True,active,0,0,0,0,0.0,,0,0,140,2,2,0.5,2.403387,1.007973,0.0,0
2026-05-29T04:21:34.607920+00:00,tia_only,forward_optimized_long_ms_tia_only,persist,TIAUSDT,"0-12,14-18,21-23",,True,active,0,0,0,0,0.0,,1,-1.76727,0,3,2,0.5,1.154379,0.766695,0.0,0
2026-05-29T04:26:35.919822+00:00,inj_tia_regime_filtered,forward_optimized_long_ms_inj_tia_regime,persist,"INJUSDT,TIAUSDT","0-12,14-18,21-23",,True,active,1,0,0,0,0.0,,2,1.65024,1,6,4,0.5,1.080107,0.661863,0.0,0
2026-05-29T04:26:36.243073+00:00,inj_fast_tia_standard,forward_optimized_long_ms_inj_fast_tia_standard,persist,"INJUSDT,TIAUSDT","0-12,14-18,21-23","{'INJUSDT': 300, 'TIAUSDT': 600}",True,active,0,0,0,0,0.0,,1,-1.76727,141,3,2,0.5,0.347584,-3.240111,0.0,0
2026-05-29T04:26:36.266446+00:00,inj_fast_time_stop,forward_optimized_long_ms_inj_fast_ts300,persist,INJUSDT,"0-12,14-18,21-23",300,True,active,0,0,0,0,0.0,,0,0,141,2,2,0.5,2.403387,1.007973,0.0,0
2026-05-29T04:26:36.289272+00:00,tia_only,forward_optimized_long_ms_tia_only,persist,TIAUSDT,"0-12,14-18,21-23",,True,active,0,0,0,0,0.0,,1,-1.76727,0,3,2,0.5,1.154379,0.766695,0.0,0
2026-05-29T04:31:37.377899+00:00,inj_tia_regime_filtered,forward_optimized_long_ms_inj_tia_regime,persist,"INJUSDT,TIAUSDT","0-12,14-18,21-23",,True,active,0,0,0,0,0.0,,2,1.65024,0,6,4,0.5,1.080107,0.661863,0.0,0
2026-05-29T04:31:37.700970+00:00,inj_fast_tia_standard,forward_optimized_long_ms_inj_fast_tia_standard,persist,"INJUSDT,TIAUSDT","0-12,14-18,21-23","{'INJUSDT': 300, 'TIAUSDT': 600}",True,active,0,0,0,0,0.0,,1,-1.76727,141,3,2,0.5,0.347584,-3.240111,0.0,0
2026-05-29T04:31:37.723363+00:00,inj_fast_time_stop,forward_optimized_long_ms_inj_fast_ts300,persist,INJUSDT,"0-12,14-18,21-23",300,True,active,0,0,0,0,0.0,,0,0,141,2,2,0.5,2.403387,1.007973,0.0,0
2026-05-29T04:31:37.745791+00:00,tia_only,forward_optimized_long_ms_tia_only,persist,TIAUSDT,"0-12,14-18,21-23",,True,active,0,0,0,0,0.0,,1,-1.76727,0,3,2,0.5,1.154379,0.766695,0.0,0
2026-05-29T04:36:38.884162+00:00,inj_tia_regime_filtered,forward_optimized_long_ms_inj_tia_regime,persist,"INJUSDT,TIAUSDT","0-12,14-18,21-23",,True,active,0,0,0,0,0.0,,2,1.65024,0,6,4,0.5,1.080107,0.661863,0.0,0
2026-05-29T04:36:39.207242+00:00,inj_fast_tia_standard,forward_optimized_long_ms_inj_fast_tia_standard,persist,"INJUSDT,TIAUSDT","0-12,14-18,21-23","{'INJUSDT': 300, 'TIAUSDT': 600}",True,active,0,0,0,0,0.0,,1,-1.76727,141,3,2,0.5,0.347584,-3.240111,0.0,0
2026-05-29T04:36:39.230921+00:00,inj_fast_time_stop,forward_optimized_long_ms_inj_fast_ts300,persist,INJUSDT,"0-12,14-18,21-23",300,True,active,0,0,0,0,0.0,,0,0,141,2,2,0.5,2.403387,1.007973,0.0,0
2026-05-29T04:36:39.253794+00:00,tia_only,forward_optimized_long_ms_tia_only,persist,TIAUSDT,"0-12,14-18,21-23",,True,active,0,0,0,0,0.0,,1,-1.76727,0,3,2,0.5,1.154379,0.766695,0.0,0
2026-05-29T04:41:40.861919+00:00,inj_tia_regime_filtered,forward_optimized_long_ms_inj_tia_regime,persist,"INJUSDT,TIAUSDT","0-12,14-18,21-23",,True,active,0,0,0,0,0.0,,2,1.65024,0,6,4,0.5,1.080107,0.661863,0.0,0
2026-05-29T04:41:41.184290+00:00,inj_fast_tia_standard,forward_optimized_long_ms_inj_fast_tia_standard,persist,"INJUSDT,TIAUSDT","0-12,14-18,21-23","{'INJUSDT': 300, 'TIAUSDT': 600}",True,active,0,0,0,0,0.0,,1,-1.76727,141,3,2,0.5,0.347584,-3.240111,0.0,0
2026-05-29T04:41:41.206241+00:00,inj_fast_time_stop,forward_optimized_long_ms_inj_fast_ts300,persist,INJUSDT,"0-12,14-18,21-23",300,True,active,0,0,0,0,0.0,,0,0,141,2,2,0.5,2.403387,1.007973,0.0,0
2026-05-29T04:41:41.227375+00:00,tia_only,forward_optimized_long_ms_tia_only,persist,TIAUSDT,"0-12,14-18,21-23",,True,active,0,0,0,0,0.0,,1,-1.76727,0,3,2,0.5,1.154379,0.766695,0.0,0
2026-05-29T14:34:09.856393+00:00,inj_tia_regime_filtered,forward_optimized_long_ms_inj_tia_regime,persist,"INJUSDT,TIAUSDT","0-12,14-18,21-23",,True,active,6,0,0,2,8.324367,0.5,2,-1.000246,844,8,6,0.5,2.008356,8.98623,0.0,0
2026-05-29T14:34:10.262207+00:00,inj_fast_tia_standard,forward_optimized_long_ms_inj_fast_tia_standard,persist,"INJUSDT,TIAUSDT","0-12,14-18,21-23","{'INJUSDT': 300, 'TIAUSDT': 600}",True,active,5,0,0,1,-1.427898,0.0,2,-0.799228,844,5,3,0.333333,0.269965,-4.668009,0.0,0
2026-05-29T14:34:10.401017+00:00,inj_fast_time_stop,forward_optimized_long_ms_inj_fast_ts300,persist,INJUSDT,"0-12,14-18,21-23",300,True,active,4,0,0,1,-1.427898,0.0,1,1.813258,800,4,3,0.333333,0.804335,-0.419925,0.0,0
2026-05-29T14:34:10.429739+00:00,tia_only,forward_optimized_long_ms_tia_only,persist,TIAUSDT,"0-12,14-18,21-23",,True,active,1,0,0,0,0.0,,1,-2.612486,44,3,2,0.5,1.154379,0.766695,0.0,0
2026-05-29T14:39:11.631417+00:00,inj_tia_regime_filtered,forward_optimized_long_ms_inj_tia_regime,persist,"INJUSDT,TIAUSDT","0-12,14-18,21-23",,True,active,1,0,0,0,0.0,,2,-0.060831,8,8,6,0.5,2.008356,8.98623,0.0,0
2026-05-29T14:39:11.953480+00:00,inj_fast_tia_standard,forward_optimized_long_ms_inj_fast_tia_standard,persist,"INJUSDT,TIAUSDT","0-12,14-18,21-23","{'INJUSDT': 300, 'TIAUSDT': 600}",True,active,1,0,0,0,0.0,,2,0.187398,8,5,3,0.333333,0.269965,-4.668009,0.0,0
2026-05-29T14:39:11.974696+00:00,inj_fast_time_stop,forward_optimized_long_ms_inj_fast_ts300,persist,INJUSDT,"0-12,14-18,21-23",300,True,active,1,0,0,0,0.0,,1,2.799884,8,4,3,0.333333,0.804335,-0.419925,0.0,0
2026-05-29T14:39:11.996002+00:00,tia_only,forward_optimized_long_ms_tia_only,persist,TIAUSDT,"0-12,14-18,21-23",,True,active,0,0,0,0,0.0,,1,-2.612486,0,3,2,0.5,1.154379,0.766695,0.0,0
2026-05-29T14:44:13.345934+00:00,inj_tia_regime_filtered,forward_optimized_long_ms_inj_tia_regime,persist,"INJUSDT,TIAUSDT","0-12,14-18,21-23",,True,active,2,0,0,0,0.0,,2,-1.916455,19,8,6,0.5,2.008356,8.98623,0.0,0
2026-05-29T14:44:13.669754+00:00,inj_fast_tia_standard,forward_optimized_long_ms_inj_fast_tia_standard,persist,"INJUSDT,TIAUSDT","0-12,14-18,21-23","{'INJUSDT': 300, 'TIAUSDT': 600}",True,active,2,0,0,0,0.0,,2,-1.712247,19,5,3,0.333333,0.269965,-4.668009,0.0,0
2026-05-29T14:44:13.690920+00:00,inj_fast_time_stop,forward_optimized_long_ms_inj_fast_ts300,persist,INJUSDT,"0-12,14-18,21-23",300,True,active,1,0,0,0,0.0,,1,1.879922,5,4,3,0.333333,0.804335,-0.419925,0.0,0
2026-05-29T14:44:13.716060+00:00,tia_only,forward_optimized_long_ms_tia_only,persist,TIAUSDT,"0-12,14-18,21-23",,True,active,1,0,0,0,0.0,,1,-3.592169,14,3,2,0.5,1.154379,0.766695,0.0,0
2026-05-29T14:49:14.831031+00:00,inj_tia_regime_filtered,forward_optimized_long_ms_inj_tia_regime,persist,"INJUSDT,TIAUSDT","0-12,14-18,21-23",,True,active,1,0,0,0,0.0,,2,-1.180157,9,8,6,0.5,2.008356,8.98623,0.0,0
2026-05-29T14:49:15.153954+00:00,inj_fast_tia_standard,forward_optimized_long_ms_inj_fast_tia_standard,persist,"INJUSDT,TIAUSDT","0-12,14-18,21-23","{'INJUSDT': 300, 'TIAUSDT': 600}",True,active,1,0,0,0,0.0,,2,-0.938946,9,5,3,0.333333,0.269965,-4.668009,0.0,0
2026-05-29T14:49:15.175634+00:00,inj_fast_time_stop,forward_optimized_long_ms_inj_fast_ts300,persist,INJUSDT,"0-12,14-18,21-23",300,True,active,1,0,0,0,0.0,,1,2.653223,9,4,3,0.333333,0.804335,-0.419925,0.0,0
2026-05-29T14:49:15.197093+00:00,tia_only,forward_optimized_long_ms_tia_only,persist,TIAUSDT,"0-12,14-18,21-23",,True,active,0,0,0,0,0.0,,1,-3.592169,0,3,2,0.5,1.154379,0.766695,0.0,0
2026-05-29T14:54:16.114173+00:00,inj_tia_regime_filtered,forward_optimized_long_ms_inj_tia_regime,persist,"INJUSDT,TIAUSDT","0-12,14-18,21-23",,True,active,2,0,0,0,0.0,,2,2.699802,53,8,6,0.5,2.008356,8.98623,0.0,0
2026-05-29T14:54:16.444498+00:00,inj_fast_tia_standard,forward_optimized_long_ms_inj_fast_tia_standard,persist,"INJUSDT,TIAUSDT","0-12,14-18,21-23","{'INJUSDT': 300, 'TIAUSDT': 600}",True,active,2,0,0,1,3.191654,1.0,1,-1.210196,53,5,4,0.5,0.769111,-1.476355,0.0,0
2026-05-29T14:54:16.479781+00:00,inj_fast_time_stop,forward_optimized_long_ms_inj_fast_ts300,persist,INJUSDT,"0-12,14-18,21-23",300,True,active,1,0,0,1,3.191654,1.0,0,0,44,4,4,0.5,2.291494,2.771729,0.0,0
2026-05-29T14:54:16.511159+00:00,tia_only,forward_optimized_long_ms_tia_only,persist,TIAUSDT,"0-12,14-18,21-23",,True,active,1,0,0,0,0.0,,1,-1.210196,9,3,2,0.5,1.154379,0.766695,0.0,0
2026-05-29T14:59:17.417412+00:00,inj_tia_regime_filtered,forward_optimized_long_ms_inj_tia_regime,persist,"INJUSDT,TIAUSDT","0-12,14-18,21-23",,True,active,2,0,0,0,0.0,,2,1.460554,33,8,6,0.5,2.008356,8.98623,0.0,0
2026-05-29T14:59:17.747553+00:00,inj_fast_tia_standard,forward_optimized_long_ms_inj_fast_tia_standard,persist,"INJUSDT,TIAUSDT","0-12,14-18,21-23","{'INJUSDT': 300, 'TIAUSDT': 600}",True,active,1,0,0,0,0.0,,1,-1.383081,67,5,4,0.5,0.769111,-1.476355,0.0,0
2026-05-29T14:59:17.772270+00:00,inj_fast_time_stop,forward_optimized_long_ms_inj_fast_ts300,persist,INJUSDT,"0-12,14-18,21-23",300,True,active,0,0,0,0,0.0,,0,0,48,4,4,0.5,2.291494,2.771729,0.0,0
2026-05-29T14:59:17.798842+00:00,tia_only,forward_optimized_long_ms_tia_only,persist,TIAUSDT,"0-12,14-18,21-23",,True,active,1,0,0,0,0.0,,1,-1.383081,19,3,2,0.5,1.154379,0.766695,0.0,0
2026-05-29T15:04:18.904815+00:00,inj_tia_regime_filtered,forward_optimized_long_ms_inj_tia_regime,persist,"INJUSDT,TIAUSDT","0-12,14-18,21-23",,True,active,1,0,0,0,0.0,,2,3.491722,24,8,6,0.5,2.008356,8.98623,0.0,0
2026-05-29T15:04:19.229205+00:00,inj_fast_tia_standard,forward_optimized_long_ms_inj_fast_tia_standard,persist,"INJUSDT,TIAUSDT","0-12,14-18,21-23","{'INJUSDT': 300, 'TIAUSDT': 600}",True,active,2,0,0,0,0.0,,2,-1.227264,72,6,4,0.5,0.769111,-1.476355,0.0,0
2026-05-29T15:04:19.252136+00:00,inj_fast_time_stop,forward_optimized_long_ms_inj_fast_ts300,persist,INJUSDT,"0-12,14-18,21-23",300,True,active,2,0,0,0,0.0,,1,0.155817,72,5,4,0.5,2.291494,2.771729,0.0,0
2026-05-29T15:04:19.274637+00:00,tia_only,forward_optimized_long_ms_tia_only,persist,TIAUSDT,"0-12,14-18,21-23",,True,active,0,0,0,0,0.0,,1,-1.383081,0,3,2,0.5,1.154379,0.766695,0.0,0
2026-05-29T15:09:20.810462+00:00,inj_tia_regime_filtered,forward_optimized_long_ms_inj_tia_regime,persist,"INJUSDT,TIAUSDT","0-12,14-18,21-23",,True,active,2,0,0,0,0.0,,2,5.078079,24,8,6,0.5,2.008356,8.98623,0.0,0
2026-05-29T15:09:21.136946+00:00,inj_fast_tia_standard,forward_optimized_long_ms_inj_fast_tia_standard,persist,"INJUSDT,TIAUSDT","0-12,14-18,21-23","{'INJUSDT': 300, 'TIAUSDT': 600}",True,active,2,0,0,0,0.0,,2,0.308053,24,6,4,0.5,0.769111,-1.476355,0.0,0
2026-05-29T15:09:21.168669+00:00,inj_fast_time_stop,forward_optimized_long_ms_inj_fast_ts300,persist,INJUSDT,"0-12,14-18,21-23",300,True,active,1,0,0,0,0.0,,1,1.018803,23,5,4,0.5,2.291494,2.771729,0.0,0
2026-05-29T15:09:21.192482+00:00,tia_only,forward_optimized_long_ms_tia_only,persist,TIAUSDT,"0-12,14-18,21-23",,True,active,1,0,0,0,0.0,,1,-0.71075,1,3,2,0.5,1.154379,0.766695,0.0,0
2026-05-29T15:14:22.519528+00:00,inj_tia_regime_filtered,forward_optimized_long_ms_inj_tia_regime,persist,"INJUSDT,TIAUSDT","0-12,14-18,21-23",,True,active,2,0,0,0,0.0,,2,4.730653,28,8,6,0.5,2.008356,8.98623,0.0,0
2026-05-29T15:14:22.845823+00:00,inj_fast_tia_standard,forward_optimized_long_ms_inj_fast_tia_standard,persist,"INJUSDT,TIAUSDT","0-12,14-18,21-23","{'INJUSDT': 300, 'TIAUSDT': 600}",True,active,2,0,0,0,0.0,,2,0.031515,28,6,4,0.5,0.769111,-1.476355,0.0,0
2026-05-29T15:14:22.870901+00:00,inj_fast_time_stop,forward_optimized_long_ms_inj_fast_ts300,persist,INJUSDT,"0-12,14-18,21-23",300,True,active,1,0,0,0,0.0,,1,-0.179789,26,5,4,0.5,2.291494,2.771729,0.0,0
2026-05-29T15:14:22.894423+00:00,tia_only,forward_optimized_long_ms_tia_only,persist,TIAUSDT,"0-12,14-18,21-23",,True,active,1,0,0,0,0.0,,1,0.211304,2,3,2,0.5,1.154379,0.766695,0.0,0
2026-05-29T15:19:23.831571+00:00,inj_tia_regime_filtered,forward_optimized_long_ms_inj_tia_regime,persist,"INJUSDT,TIAUSDT","0-12,14-18,21-23",,True,active,1,0,0,1,3.368814,1.0,1,0.211304,44,8,7,0.571429,2.386375,12.355044,0.0,0
2026-05-29T15:19:24.159494+00:00,inj_fast_tia_standard,forward_optimized_long_ms_inj_fast_tia_standard,persist,"INJUSDT,TIAUSDT","0-12,14-18,21-23","{'INJUSDT': 300, 'TIAUSDT': 600}",True,active,1,0,0,0,0.0,,2,-0.759555,44,6,4,0.5,0.769111,-1.476355,0.0,0
2026-05-29T15:19:24.186582+00:00,inj_fast_time_stop,forward_optimized_long_ms_inj_fast_ts300,persist,INJUSDT,"0-12,14-18,21-23",300,True,active,1,0,0,0,0.0,,1,-0.970859,44,5,4,0.5,2.291494,2.771729,0.0,0
2026-05-29T15:19:24.208811+00:00,tia_only,forward_optimized_long_ms_tia_only,persist,TIAUSDT,"0-12,14-18,21-23",,True,active,0,0,0,0,0.0,,1,0.211304,0,3,2,0.5,1.154379,0.766695,0.0,0
2026-05-29T15:24:25.092023+00:00,inj_tia_regime_filtered,forward_optimized_long_ms_inj_tia_regime,persist,"INJUSDT,TIAUSDT","0-12,14-18,21-23",,True,active,0,0,0,0,0.0,,1,0.211304,17,8,7,0.571429,2.386375,12.355044,0.0,0
2026-05-29T15:24:25.416773+00:00,inj_fast_tia_standard,forward_optimized_long_ms_inj_fast_tia_standard,persist,"INJUSDT,TIAUSDT","0-12,14-18,21-23","{'INJUSDT': 300, 'TIAUSDT': 600}",True,active,1,0,0,0,0.0,,2,-0.42395,11,6,4,0.5,0.769111,-1.476355,0.0,0
2026-05-29T15:24:25.439418+00:00,inj_fast_time_stop,forward_optimized_long_ms_inj_fast_ts300,persist,INJUSDT,"0-12,14-18,21-23",300,True,active,1,0,0,0,0.0,,1,-0.635254,11,5,4,0.5,2.291494,2.771729,0.0,0
2026-05-29T15:24:25.461563+00:00,tia_only,forward_optimized_long_ms_tia_only,persist,TIAUSDT,"0-12,14-18,21-23",,True,active,0,0,0,0,0.0,,1,0.211304,0,3,2,0.5,1.154379,0.766695,0.0,0
2026-05-29T15:29:26.788584+00:00,inj_tia_regime_filtered,forward_optimized_long_ms_inj_tia_regime,persist,"INJUSDT,TIAUSDT","0-12,14-18,21-23",,True,active,3,0,0,0,0.0,,2,1.618003,117,9,7,0.571429,2.386375,12.355044,0.0,0
2026-05-29T15:29:27.124013+00:00,inj_fast_tia_standard,forward_optimized_long_ms_inj_fast_tia_standard,persist,"INJUSDT,TIAUSDT","0-12,14-18,21-23","{'INJUSDT': 300, 'TIAUSDT': 600}",True,active,2,0,0,0,0.0,,2,3.153896,100,6,4,0.5,0.769111,-1.476355,0.0,0
2026-05-29T15:29:27.157993+00:00,inj_fast_time_stop,forward_optimized_long_ms_inj_fast_ts300,persist,INJUSDT,"0-12,14-18,21-23",300,True,active,1,0,0,0,0.0,,1,2.193423,97,5,4,0.5,2.291494,2.771729,0.0,0
2026-05-29T15:29:27.181375+00:00,tia_only,forward_optimized_long_ms_tia_only,persist,TIAUSDT,"0-12,14-18,21-23",,True,active,1,0,0,0,0.0,,1,0.960473,3,3,2,0.5,1.154379,0.766695,0.0,0
2026-05-29T15:34:28.303202+00:00,inj_tia_regime_filtered,forward_optimized_long_ms_inj_tia_regime,persist,"INJUSDT,TIAUSDT","0-12,14-18,21-23",,True,active,1,0,0,0,0.0,,2,2.0407,44,9,7,0.571429,2.386375,12.355044,0.0,0
2026-05-29T15:34:28.633234+00:00,inj_fast_tia_standard,forward_optimized_long_ms_inj_fast_tia_standard,persist,"INJUSDT,TIAUSDT","0-12,14-18,21-23","{'INJUSDT': 300, 'TIAUSDT': 600}",True,active,1,0,0,0,0.0,,2,3.585388,44,6,4,0.5,0.769111,-1.476355,0.0,0
2026-05-29T15:34:28.660544+00:00,inj_fast_time_stop,forward_optimized_long_ms_inj_fast_ts300,persist,INJUSDT,"0-12,14-18,21-23",300,True,active,1,0,0,0,0.0,,1,2.624915,44,5,4,0.5,2.291494,2.771729,0.0,0
2026-05-29T15:34:28.683046+00:00,tia_only,forward_optimized_long_ms_tia_only,persist,TIAUSDT,"0-12,14-18,21-23",,True,active,0,0,0,0,0.0,,1,0.960473,0,3,2,0.5,1.154379,0.766695,0.0,0
2026-05-29T15:39:29.783784+00:00,inj_tia_regime_filtered,forward_optimized_long_ms_inj_tia_regime,persist,"INJUSDT,TIAUSDT","0-12,14-18,21-23",,True,active,2,0,0,0,0.0,,2,3.417437,16,9,7,0.571429,2.386375,12.355044,0.0,0
2026-05-29T15:39:30.110064+00:00,inj_fast_tia_standard,forward_optimized_long_ms_inj_fast_tia_standard,persist,"INJUSDT,TIAUSDT","0-12,14-18,21-23","{'INJUSDT': 300, 'TIAUSDT': 600}",True,active,2,0,0,0,0.0,,2,4.967989,16,6,4,0.5,0.769111,-1.476355,0.0,0
2026-05-29T15:39:30.134166+00:00,inj_fast_time_stop,forward_optimized_long_ms_inj_fast_ts300,persist,INJUSDT,"0-12,14-18,21-23",300,True,active,1,0,0,0,0.0,,1,2.912577,12,5,4,0.5,2.291494,2.771729,0.0,0
2026-05-29T15:39:30.158142+00:00,tia_only,forward_optimized_long_ms_tia_only,persist,TIAUSDT,"0-12,14-18,21-23",,True,active,1,0,0,0,0.0,,1,2.055412,4,3,2,0.5,1.154379,0.766695,0.0,0
2026-05-29T15:44:31.071243+00:00,inj_tia_regime_filtered,forward_optimized_long_ms_inj_tia_regime,persist,"INJUSDT,TIAUSDT","0-12,14-18,21-23",,True,active,1,0,0,0,0.0,,2,3.229572,20,9,7,0.571429,2.386375,12.355044,0.0,0
2026-05-29T15:44:31.399614+00:00,inj_fast_tia_standard,forward_optimized_long_ms_inj_fast_tia_standard,persist,"INJUSDT,TIAUSDT","0-12,14-18,21-23","{'INJUSDT': 300, 'TIAUSDT': 600}",True,active,1,0,0,0,0.0,,2,4.776215,20,6,4,0.5,0.769111,-1.476355,0.0,0
2026-05-29T15:44:31.426034+00:00,inj_fast_time_stop,forward_optimized_long_ms_inj_fast_ts300,persist,INJUSDT,"0-12,14-18,21-23",300,True,active,1,0,0,0,0.0,,1,2.720803,20,5,4,0.5,2.291494,2.771729,0.0,0
2026-05-29T15:44:31.451336+00:00,tia_only,forward_optimized_long_ms_tia_only,persist,TIAUSDT,"0-12,14-18,21-23",,True,active,0,0,0,0,0.0,,1,2.055412,0,3,2,0.5,1.154379,0.766695,0.0,0
2026-05-29T15:49:32.570733+00:00,inj_tia_regime_filtered,forward_optimized_long_ms_inj_tia_regime,persist,"INJUSDT,TIAUSDT","0-12,14-18,21-23",,True,active,2,0,0,0,0.0,,2,1.926523,31,9,7,0.571429,2.386375,12.355044,0.0,0
2026-05-29T15:49:32.914293+00:00,inj_fast_tia_standard,forward_optimized_long_ms_inj_fast_tia_standard,persist,"INJUSDT,TIAUSDT","0-12,14-18,21-23","{'INJUSDT': 300, 'TIAUSDT': 600}",True,active,2,0,0,1,1.951019,1.0,1,0.787588,31,6,5,0.6,1.074233,0.474664,0.0,0
2026-05-29T15:49:32.953958+00:00,inj_fast_time_stop,forward_optimized_long_ms_inj_fast_ts300,persist,INJUSDT,"0-12,14-18,21-23",300,True,active,1,0,0,1,1.951019,1.0,0,0,29,5,5,0.6,3.200577,4.722748,0.0,0
2026-05-29T15:49:32.994453+00:00,tia_only,forward_optimized_long_ms_tia_only,persist,TIAUSDT,"0-12,14-18,21-23",,True,active,1,0,0,0,0.0,,1,0.787588,2,3,2,0.5,1.154379,0.766695,0.0,0
2026-05-29T15:54:34.341520+00:00,inj_tia_regime_filtered,forward_optimized_long_ms_inj_tia_regime,persist,"INJUSDT,TIAUSDT","0-12,14-18,21-23",,True,active,1,0,0,0,0.0,,2,1.351185,11,9,7,0.571429,2.386375,12.355044,0.0,0
2026-05-29T15:54:34.676883+00:00,inj_fast_tia_standard,forward_optimized_long_ms_inj_fast_tia_standard,persist,"INJUSDT,TIAUSDT","0-12,14-18,21-23","{'INJUSDT': 300, 'TIAUSDT': 600}",True,active,0,0,0,0,0.0,,1,0.787588,19,6,5,0.6,1.074233,0.474664,0.0,0
2026-05-29T15:54:34.713530+00:00,inj_fast_time_stop,forward_optimized_long_ms_inj_fast_ts300,persist,INJUSDT,"0-12,14-18,21-23",300,True,active,0,0,0,0,0.0,,0,0,19,5,5,0.6,3.200577,4.722748,0.0,0
2026-05-29T15:54:34.752783+00:00,tia_only,forward_optimized_long_ms_tia_only,persist,TIAUSDT,"0-12,14-18,21-23",,True,active,0,0,0,0,0.0,,1,0.787588,0,3,2,0.5,1.154379,0.766695,0.0,0
2026-05-29T15:59:35.685632+00:00,inj_tia_regime_filtered,forward_optimized_long_ms_inj_tia_regime,persist,"INJUSDT,TIAUSDT","0-12,14-18,21-23",,True,active,1,0,0,0,0.0,,2,2.220063,11,9,7,0.571429,2.386375,12.355044,0.0,0
2026-05-29T15:59:36.025591+00:00,inj_fast_tia_standard,forward_optimized_long_ms_inj_fast_tia_standard,persist,"INJUSDT,TIAUSDT","0-12,14-18,21-23","{'INJUSDT': 300, 'TIAUSDT': 600}",True,active,0,0,0,0,0.0,,1,0.787588,30,6,5,0.6,1.074233,0.474664,0.0,0
2026-05-29T15:59:36.062019+00:00,inj_fast_time_stop,forward_optimized_long_ms_inj_fast_ts300,persist,INJUSDT,"0-12,14-18,21-23",300,True,active,0,0,0,0,0.0,,0,0,30,5,5,0.6,3.200577,4.722748,0.0,0
2026-05-29T15:59:36.106776+00:00,tia_only,forward_optimized_long_ms_tia_only,persist,TIAUSDT,"0-12,14-18,21-23",,True,active,0,0,0,0,0.0,,1,0.787588,0,3,2,0.5,1.154379,0.766695,0.0,0
2026-05-29T16:04:37.748184+00:00,inj_tia_regime_filtered,forward_optimized_long_ms_inj_tia_regime,persist,"INJUSDT,TIAUSDT","0-12,14-18,21-23",,True,active,1,0,0,0,0.0,,2,2.231805,15,9,7,0.571429,2.386375,12.355044,0.0,0
2026-05-29T16:04:38.089090+00:00,inj_fast_tia_standard,forward_optimized_long_ms_inj_fast_tia_standard,persist,"INJUSDT,TIAUSDT","0-12,14-18,21-23","{'INJUSDT': 300, 'TIAUSDT': 600}",True,active,2,0,0,0,0.0,,2,0.420298,45,7,5,0.6,1.074233,0.474664,0.0,0
2026-05-29T16:04:38.128739+00:00,inj_fast_time_stop,forward_optimized_long_ms_inj_fast_ts300,persist,INJUSDT,"0-12,14-18,21-23",300,True,active,2,0,0,0,0.0,,1,-0.36729,45,6,5,0.6,3.200577,4.722748,0.0,0
2026-05-29T16:04:38.165725+00:00,tia_only,forward_optimized_long_ms_tia_only,persist,TIAUSDT,"0-12,14-18,21-23",,True,active,0,0,0,0,0.0,,1,0.787588,0,3,2,0.5,1.154379,0.766695,0.0,0
2026-05-29T16:09:39.829590+00:00,inj_tia_regime_filtered,forward_optimized_long_ms_inj_tia_regime,persist,"INJUSDT,TIAUSDT","0-12,14-18,21-23",,True,active,2,0,0,0,0.0,,2,0.082102,12,9,7,0.571429,2.386375,12.355044,0.0,0
2026-05-29T16:09:40.167763+00:00,inj_fast_tia_standard,forward_optimized_long_ms_inj_fast_tia_standard,persist,"INJUSDT,TIAUSDT","0-12,14-18,21-23","{'INJUSDT': 300, 'TIAUSDT': 600}",True,active,2,0,0,0,0.0,,2,-1.68931,12,7,5,0.6,1.074233,0.474664,0.0,0
2026-05-29T16:09:40.203144+00:00,inj_fast_time_stop,forward_optimized_long_ms_inj_fast_ts300,persist,INJUSDT,"0-12,14-18,21-23",300,True,active,1,0,0,0,0.0,,1,-2.111918,10,6,5,0.6,3.200577,4.722748,0.0,0
2026-05-29T16:09:40.235632+00:00,tia_only,forward_optimized_long_ms_tia_only,persist,TIAUSDT,"0-12,14-18,21-23",,True,active,1,0,0,0,0.0,,1,0.422608,2,3,2,0.5,1.154379,0.766695,0.0,0
2026-05-29T16:14:41.376836+00:00,inj_tia_regime_filtered,forward_optimized_long_ms_inj_tia_regime,persist,"INJUSDT,TIAUSDT","0-12,14-18,21-23",,True,active,1,0,0,0,0.0,,2,-0.117506,10,9,7,0.571429,2.386375,12.355044,0.0,0
2026-05-29T16:14:41.711376+00:00,inj_fast_tia_standard,forward_optimized_long_ms_inj_fast_tia_standard,persist,"INJUSDT,TIAUSDT","0-12,14-18,21-23","{'INJUSDT': 300, 'TIAUSDT': 600}",True,active,1,0,0,0,0.0,,2,-1.884433,10,7,5,0.6,1.074233,0.474664,0.0,0
2026-05-29T16:14:41.749425+00:00,inj_fast_time_stop,forward_optimized_long_ms_inj_fast_ts300,persist,INJUSDT,"0-12,14-18,21-23",300,True,active,1,0,0,0,0.0,,1,-2.307041,10,6,5,0.6,3.200577,4.722748,0.0,0
2026-05-29T16:14:41.787516+00:00,tia_only,forward_optimized_long_ms_tia_only,persist,TIAUSDT,"0-12,14-18,21-23",,True,active,0,0,0,0,0.0,,1,0.422608,0,3,2,0.5,1.154379,0.766695,0.0,0
2026-05-29T16:19:43.346782+00:00,inj_tia_regime_filtered,forward_optimized_long_ms_inj_tia_regime,persist,"INJUSDT,TIAUSDT","0-12,14-18,21-23",,True,active,1,0,0,0,0.0,,2,-0.29363,7,9,7,0.571429,2.386375,12.355044,0.0,0
2026-05-29T16:19:43.686447+00:00,inj_fast_tia_standard,forward_optimized_long_ms_inj_fast_tia_standard,persist,"INJUSDT,TIAUSDT","0-12,14-18,21-23","{'INJUSDT': 300, 'TIAUSDT': 600}",True,active,1,0,0,0,0.0,,2,-2.056601,7,7,5,0.6,1.074233,0.474664,0.0,0
2026-05-29T16:19:43.719387+00:00,inj_fast_time_stop,forward_optimized_long_ms_inj_fast_ts300,persist,INJUSDT,"0-12,14-18,21-23",300,True,active,1,0,0,0,0.0,,1,-2.479209,7,6,5,0.6,3.200577,4.722748,0.0,0
2026-05-29T16:19:43.756141+00:00,tia_only,forward_optimized_long_ms_tia_only,persist,TIAUSDT,"0-12,14-18,21-23",,True,active,0,0,0,0,0.0,,1,0.422608,0,3,2,0.5,1.154379,0.766695,0.0,0
2026-05-29T16:24:44.698354+00:00,inj_tia_regime_filtered,forward_optimized_long_ms_inj_tia_regime,persist,"INJUSDT,TIAUSDT","0-12,14-18,21-23",,True,active,1,0,0,0,0.0,,2,0.269967,3,9,7,0.571429,2.386375,12.355044,0.0,0
2026-05-29T16:24:45.037604+00:00,inj_fast_tia_standard,forward_optimized_long_ms_inj_fast_tia_standard,persist,"INJUSDT,TIAUSDT","0-12,14-18,21-23","{'INJUSDT': 300, 'TIAUSDT': 600}",True,active,1,0,0,0,0.0,,2,-1.505665,3,7,5,0.6,1.074233,0.474664,0.0,0
2026-05-29T16:24:45.072955+00:00,inj_fast_time_stop,forward_optimized_long_ms_inj_fast_ts300,persist,INJUSDT,"0-12,14-18,21-23",300,True,active,1,0,0,0,0.0,,1,-1.928273,3,6,5,0.6,3.200577,4.722748,0.0,0
2026-05-29T16:24:45.110799+00:00,tia_only,forward_optimized_long_ms_tia_only,persist,TIAUSDT,"0-12,14-18,21-23",,True,active,0,0,0,0,0.0,,1,0.422608,0,3,2,0.5,1.154379,0.766695,0.0,0
2026-05-29T16:29:46.271498+00:00,inj_tia_regime_filtered,forward_optimized_long_ms_inj_tia_regime,persist,"INJUSDT,TIAUSDT","0-12,14-18,21-23",,True,active,1,0,0,0,0.0,,2,0.258226,11,9,7,0.571429,2.386375,12.355044,0.0,0
2026-05-29T16:29:46.611024+00:00,inj_fast_tia_standard,forward_optimized_long_ms_inj_fast_tia_standard,persist,"INJUSDT,TIAUSDT","0-12,14-18,21-23","{'INJUSDT': 300, 'TIAUSDT': 600}",True,active,1,0,0,0,0.0,,2,-1.517143,11,7,5,0.6,1.074233,0.474664,0.0,0
2026-05-29T16:29:46.651525+00:00,inj_fast_time_stop,forward_optimized_long_ms_inj_fast_ts300,persist,INJUSDT,"0-12,14-18,21-23",300,True,active,1,0,0,0,0.0,,1,-1.939751,11,6,5,0.6,3.200577,4.722748,0.0,0
2026-05-29T16:29:46.691697+00:00,tia_only,forward_optimized_long_ms_tia_only,persist,TIAUSDT,"0-12,14-18,21-23",,True,active,0,0,0,0,0.0,,1,0.422608,0,3,2,0.5,1.154379,0.766695,0.0,0
2026-05-29T16:34:47.847205+00:00,inj_tia_regime_filtered,forward_optimized_long_ms_inj_tia_regime,persist,"INJUSDT,TIAUSDT","0-12,14-18,21-23",,True,active,1,0,0,0,0.0,,2,0.680923,2,9,7,0.571429,2.386375,12.355044,0.0,0
2026-05-29T16:34:48.181224+00:00,inj_fast_tia_standard,forward_optimized_long_ms_inj_fast_tia_standard,persist,"INJUSDT,TIAUSDT","0-12,14-18,21-23","{'INJUSDT': 300, 'TIAUSDT': 600}",True,active,1,0,0,0,0.0,,2,-1.103942,2,7,5,0.6,1.074233,0.474664,0.0,0
2026-05-29T16:34:48.212014+00:00,inj_fast_time_stop,forward_optimized_long_ms_inj_fast_ts300,persist,INJUSDT,"0-12,14-18,21-23",300,True,active,1,0,0,0,0.0,,1,-1.52655,2,6,5,0.6,3.200577,4.722748,0.0,0
2026-05-29T16:34:48.244762+00:00,tia_only,forward_optimized_long_ms_tia_only,persist,TIAUSDT,"0-12,14-18,21-23",,True,active,0,0,0,0,0.0,,1,0.422608,0,3,2,0.5,1.154379,0.766695,0.0,0
2026-05-29T16:39:49.184374+00:00,inj_tia_regime_filtered,forward_optimized_long_ms_inj_tia_regime,persist,"INJUSDT,TIAUSDT","0-12,14-18,21-23",,True,active,1,0,0,0,0.0,,2,1.397161,8,9,7,0.571429,2.386375,12.355044,0.0,0
2026-05-29T16:39:49.522510+00:00,inj_fast_tia_standard,forward_optimized_long_ms_inj_fast_tia_standard,persist,"INJUSDT,TIAUSDT","0-12,14-18,21-23","{'INJUSDT': 300, 'TIAUSDT': 600}",True,active,1,0,0,0,0.0,,2,-0.403795,8,7,5,0.6,1.074233,0.474664,0.0,0
2026-05-29T16:39:49.563464+00:00,inj_fast_time_stop,forward_optimized_long_ms_inj_fast_ts300,persist,INJUSDT,"0-12,14-18,21-23",300,True,active,1,0,0,0,0.0,,1,-0.826403,8,6,5,0.6,3.200577,4.722748,0.0,0
2026-05-29T16:39:49.603038+00:00,tia_only,forward_optimized_long_ms_tia_only,persist,TIAUSDT,"0-12,14-18,21-23",,True,active,0,0,0,0,0.0,,1,0.422608,0,3,2,0.5,1.154379,0.766695,0.0,0
2026-05-29T16:44:50.512380+00:00,inj_tia_regime_filtered,forward_optimized_long_ms_inj_tia_regime,persist,"INJUSDT,TIAUSDT","0-12,14-18,21-23",,True,active,1,0,0,0,0.0,,2,0.281709,7,9,7,0.571429,2.386375,12.355044,0.0,0
2026-05-29T16:44:50.847442+00:00,inj_fast_tia_standard,forward_optimized_long_ms_inj_fast_tia_standard,persist,"INJUSDT,TIAUSDT","0-12,14-18,21-23","{'INJUSDT': 300, 'TIAUSDT': 600}",True,active,1,0,0,0,0.0,,2,-1.494188,7,7,5,0.6,1.074233,0.474664,0.0,0
2026-05-29T16:44:50.876232+00:00,inj_fast_time_stop,forward_optimized_long_ms_inj_fast_ts300,persist,INJUSDT,"0-12,14-18,21-23",300,True,active,1,0,0,0,0.0,,1,-1.916796,7,6,5,0.6,3.200577,4.722748,0.0,0
2026-05-29T16:44:50.914865+00:00,tia_only,forward_optimized_long_ms_tia_only,persist,TIAUSDT,"0-12,14-18,21-23",,True,active,0,0,0,0,0.0,,1,0.422608,0,3,2,0.5,1.154379,0.766695,0.0,0
2026-05-29T16:49:52.291487+00:00,inj_tia_regime_filtered,forward_optimized_long_ms_inj_tia_regime,persist,"INJUSDT,TIAUSDT","0-12,14-18,21-23",,True,active,1,0,0,0,0.0,,2,0.281709,1,9,7,0.571429,2.386375,12.355044,0.0,0
2026-05-29T16:49:52.616458+00:00,inj_fast_tia_standard,forward_optimized_long_ms_inj_fast_tia_standard,persist,"INJUSDT,TIAUSDT","0-12,14-18,21-23","{'INJUSDT': 300, 'TIAUSDT': 600}",True,active,1,0,0,0,0.0,,2,-1.494188,1,7,5,0.6,1.074233,0.474664,0.0,0
2026-05-29T16:49:52.638846+00:00,inj_fast_time_stop,forward_optimized_long_ms_inj_fast_ts300,persist,INJUSDT,"0-12,14-18,21-23",300,True,active,1,0,0,0,0.0,,1,-1.916796,1,6,5,0.6,3.200577,4.722748,0.0,0
2026-05-29T16:49:52.662494+00:00,tia_only,forward_optimized_long_ms_tia_only,persist,TIAUSDT,"0-12,14-18,21-23",,True,active,0,0,0,0,0.0,,1,0.422608,0,3,2,0.5,1.154379,0.766695,0.0,0
2026-05-29T16:54:53.586710+00:00,inj_tia_regime_filtered,forward_optimized_long_ms_inj_tia_regime,persist,"INJUSDT,TIAUSDT","0-12,14-18,21-23",,True,active,1,0,0,0,0.0,,2,-0.270146,2,9,7,0.571429,2.386375,12.355044,0.0,0
2026-05-29T16:54:53.920490+00:00,inj_fast_tia_standard,forward_optimized_long_ms_inj_fast_tia_standard,persist,"INJUSDT,TIAUSDT","0-12,14-18,21-23","{'INJUSDT': 300, 'TIAUSDT': 600}",True,active,1,0,0,0,0.0,,2,-2.033645,2,7,5,0.6,1.074233,0.474664,0.0,0
2026-05-29T16:54:53.950032+00:00,inj_fast_time_stop,forward_optimized_long_ms_inj_fast_ts300,persist,INJUSDT,"0-12,14-18,21-23",300,True,active,1,0,0,0,0.0,,1,-2.456253,2,6,5,0.6,3.200577,4.722748,0.0,0
2026-05-29T16:54:53.981839+00:00,tia_only,forward_optimized_long_ms_tia_only,persist,TIAUSDT,"0-12,14-18,21-23",,True,active,0,0,0,0,0.0,,1,0.422608,0,3,2,0.5,1.154379,0.766695,0.0,0
2026-05-29T16:59:55.735940+00:00,inj_tia_regime_filtered,forward_optimized_long_ms_inj_tia_regime,persist,"INJUSDT,TIAUSDT","0-12,14-18,21-23",,True,active,1,0,0,0,0.0,,2,0.469574,1,9,7,0.571429,2.386375,12.355044,0.0,0
2026-05-29T16:59:56.059988+00:00,inj_fast_tia_standard,forward_optimized_long_ms_inj_fast_tia_standard,persist,"INJUSDT,TIAUSDT","0-12,14-18,21-23","{'INJUSDT': 300, 'TIAUSDT': 600}",True,active,1,0,0,0,0.0,,2,-1.310542,1,7,5,0.6,1.074233,0.474664,0.0,0
2026-05-29T16:59:56.083222+00:00,inj_fast_time_stop,forward_optimized_long_ms_inj_fast_ts300,persist,INJUSDT,"0-12,14-18,21-23",300,True,active,1,0,0,0,0.0,,1,-1.73315,1,6,5,0.6,3.200577,4.722748,0.0,0
2026-05-29T16:59:56.106895+00:00,tia_only,forward_optimized_long_ms_tia_only,persist,TIAUSDT,"0-12,14-18,21-23",,True,active,0,0,0,0,0.0,,1,0.422608,0,3,2,0.5,1.154379,0.766695,0.0,0
2026-05-29T17:04:57.241506+00:00,inj_tia_regime_filtered,forward_optimized_long_ms_inj_tia_regime,persist,"INJUSDT,TIAUSDT","0-12,14-18,21-23",,True,active,1,0,0,0,0.0,,2,0.857047,4,9,7,0.571429,2.386375,12.355044,0.0,0
2026-05-29T17:04:57.568948+00:00,inj_fast_tia_standard,forward_optimized_long_ms_inj_fast_tia_standard,persist,"INJUSDT,TIAUSDT","0-12,14-18,21-23","{'INJUSDT': 300, 'TIAUSDT': 600}",True,active,1,0,0,0,0.0,,2,-0.931774,4,7,5,0.6,1.074233,0.474664,0.0,0
2026-05-29T17:04:57.594438+00:00,inj_fast_time_stop,forward_optimized_long_ms_inj_fast_ts300,persist,INJUSDT,"0-12,14-18,21-23",300,True,active,1,0,0,0,0.0,,1,-1.354382,4,6,5,0.6,3.200577,4.722748,0.0,0
2026-05-29T17:04:57.619675+00:00,tia_only,forward_optimized_long_ms_tia_only,persist,TIAUSDT,"0-12,14-18,21-23",,True,active,0,0,0,0,0.0,,1,0.422608,0,3,2,0.5,1.154379,0.766695,0.0,0
2026-05-29T17:09:59.174929+00:00,inj_tia_regime_filtered,forward_optimized_long_ms_inj_tia_regime,persist,"INJUSDT,TIAUSDT","0-12,14-18,21-23",,True,active,1,0,0,0,0.0,,2,0.410866,2,9,7,0.571429,2.386375,12.355044,0.0,0
2026-05-29T17:09:59.502940+00:00,inj_fast_tia_standard,forward_optimized_long_ms_inj_fast_tia_standard,persist,"INJUSDT,TIAUSDT","0-12,14-18,21-23","{'INJUSDT': 300, 'TIAUSDT': 600}",True,active,1,0,0,0,0.0,,2,-1.367932,2,7,5,0.6,1.074233,0.474664,0.0,0
2026-05-29T17:09:59.530264+00:00,inj_fast_time_stop,forward_optimized_long_ms_inj_fast_ts300,persist,INJUSDT,"0-12,14-18,21-23",300,True,active,1,0,0,0,0.0,,1,-1.79054,2,6,5,0.6,3.200577,4.722748,0.0,0
2026-05-29T17:09:59.563950+00:00,tia_only,forward_optimized_long_ms_tia_only,persist,TIAUSDT,"0-12,14-18,21-23",,True,active,0,0,0,0,0.0,,1,0.422608,0,3,2,0.5,1.154379,0.766695,0.0,0
2026-05-30T22:42:47.349175+00:00,baseline,forward_optimized_long_ms_baseline,persist,"INJUSDT,NEARUSDT,TIAUSDT",,,True,active,10,0,0,2,-2.195558,0.5,3,-6.040339,2400,9,6,0.5,0.793613,-3.041362,0.0,0
2026-05-30T22:42:48.248972+00:00,regime_filtered,forward_optimized_long_ms_regime_filtered,persist,"INJUSDT,NEARUSDT,TIAUSDT","0-12,14-18,21-23",,True,active,11,0,0,3,-12.136989,0.333333,3,-6.040339,2400,9,6,0.5,0.593406,-8.013142,0.0,0
2026-05-30T22:42:48.712817+00:00,inj_tia_regime_filtered,forward_optimized_long_ms_inj_tia_regime,persist,"INJUSDT,TIAUSDT","0-12,14-18,21-23",,True,active,4,0,0,2,-0.586946,0.5,1,-1.824898,975,10,9,0.555556,1.848254,11.768097,0.0,0
2026-05-30T22:42:50.428176+00:00,inj_tia_plus_candidates,forward_optimized_long_ms_inj_tia_plus_candidates,persist,"INJUSDT,TIAUSDT,JUPUSDT,BOMEUSDT","0-12,14-18,21-23",,True,active,8,0,0,3,10.439167,0.666667,2,-5.328748,2992,6,4,0.75,3.983276,14.815925,0.0,0
2026-05-30T22:42:50.951388+00:00,inj_tia_fast_time_stop,forward_optimized_long_ms_inj_tia_fast_ts300,persist,"INJUSDT,TIAUSDT","0-12,14-18,21-23",300,True,active,7,0,0,3,-2.134256,0.333333,1,-1.791755,1103,7,6,0.333333,0.442453,-6.09261,0.0,0
2026-05-30T22:42:51.405434+00:00,inj_fast_tia_standard,forward_optimized_long_ms_inj_fast_tia_standard,persist,"INJUSDT,TIAUSDT","0-12,14-18,21-23","{'INJUSDT': 300, 'TIAUSDT': 600}",True,active,6,0,0,2,-0.530248,0.5,2,-3.616653,975,9,7,0.571429,0.993058,-0.055584,0.0,0
2026-05-30T22:42:51.531698+00:00,inj_fast_time_stop,forward_optimized_long_ms_inj_fast_ts300,persist,INJUSDT,"0-12,14-18,21-23",300,True,active,5,0,0,2,-0.530248,0.5,1,-1.791755,800,8,7,0.571429,2.115314,4.1925,0.0,0
2026-05-30T22:42:51.597630+00:00,tia_fast_time_stop,forward_optimized_long_ms_tia_fast_ts300,persist,TIAUSDT,"0-12,14-18,21-23",300,True,active,1,0,0,1,-1.723073,0.0,0,0,303,2,2,0.0,0.0,-6.6894,0.0,0
2026-05-30T22:42:51.726259+00:00,inj_only,forward_optimized_long_ms_inj_only,persist,INJUSDT,"0-12,14-18,21-23",,True,active,5,0,0,2,18.161249,1.0,1,-3.50385,800,5,4,0.75,6.478493,18.056416,0.0,0
2026-05-30T22:42:51.784418+00:00,tia_only,forward_optimized_long_ms_tia_only,persist,TIAUSDT,"0-12,14-18,21-23",,True,active,1,0,0,0,0.0,,1,-1.824898,175,3,2,0.5,1.154379,0.766695,0.0,0
2026-05-30T22:42:51.900981+00:00,near_only_observation,forward_optimized_long_ms_near_only_observation,persist,NEARUSDT,"0-12,14-18,21-23",,True,active,3,0,0,1,-6.850552,0.0,1,-0.711591,800,4,3,0.333333,0.100794,-10.4104,0.0,0
2026-05-30T22:42:52.598247+00:00,utc_01_cluster,forward_optimized_long_ms_utc01,persist,"INJUSDT,NEARUSDT,TIAUSDT",1,,True,active,2,0,0,1,-4.966327,0.0,0,0,2400,1,1,0.0,0.0,-4.966327,0.0,0
2026-05-30T22:47:55.044588+00:00,baseline,forward_optimized_long_ms_baseline,persist,"INJUSDT,NEARUSDT,TIAUSDT",,,True,active,3,0,0,1,-0.763617,0.0,2,-5.718068,61,9,7,0.428571,0.754514,-3.804979,0.0,0
2026-05-30T22:47:55.699162+00:00,regime_filtered,forward_optimized_long_ms_regime_filtered,persist,"INJUSDT,NEARUSDT,TIAUSDT","0-12,14-18,21-23",,True,active,3,0,0,1,-0.763617,0.0,2,-5.718068,61,9,7,0.428571,0.571271,-8.776759,0.0,0
2026-05-30T22:47:56.055851+00:00,inj_tia_regime_filtered,forward_optimized_long_ms_inj_tia_regime,persist,"INJUSDT,TIAUSDT","0-12,14-18,21-23",,True,active,1,0,0,0,0.0,,1,-2.343554,7,10,9,0.555556,1.848254,11.768097,0.0,0
2026-05-30T22:47:58.455236+00:00,inj_tia_plus_candidates,forward_optimized_long_ms_inj_tia_plus_candidates,persist,"INJUSDT,TIAUSDT,JUPUSDT,BOMEUSDT","0-12,14-18,21-23",,True,active,2,0,0,0,0.0,,2,-5.718068,1601,6,4,0.75,3.983276,14.815925,0.0,0
2026-05-30T22:47:58.797051+00:00,inj_tia_fast_time_stop,forward_optimized_long_ms_inj_tia_fast_ts300,persist,"INJUSDT,TIAUSDT","0-12,14-18,21-23",300,True,active,1,0,0,0,0.0,,1,-1.659478,40,7,6,0.333333,0.442453,-6.09261,0.0,0
2026-05-30T22:47:59.140801+00:00,inj_fast_tia_standard,forward_optimized_long_ms_inj_fast_tia_standard,persist,"INJUSDT,TIAUSDT","0-12,14-18,21-23","{'INJUSDT': 300, 'TIAUSDT': 600}",True,active,2,0,0,0,0.0,,2,-4.003032,2,9,7,0.571429,0.993058,-0.055584,0.0,0
2026-05-30T22:47:59.180485+00:00,inj_fast_time_stop,forward_optimized_long_ms_inj_fast_ts300,persist,INJUSDT,"0-12,14-18,21-23",300,True,active,1,0,0,0,0.0,,1,-1.659478,1,8,7,0.571429,2.115314,4.1925,0.0,0
2026-05-30T22:47:59.214581+00:00,tia_fast_time_stop,forward_optimized_long_ms_tia_fast_ts300,persist,TIAUSDT,"0-12,14-18,21-23",300,True,active,0,0,0,0,0.0,,0,0,39,2,2,0.0,0.0,-6.6894,0.0,0
2026-05-30T22:47:59.254086+00:00,inj_only,forward_optimized_long_ms_inj_only,persist,INJUSDT,"0-12,14-18,21-23",,True,active,1,0,0,0,0.0,,1,-3.374514,1,5,4,0.75,6.478493,18.056416,0.0,0
2026-05-30T22:47:59.284138+00:00,tia_only,forward_optimized_long_ms_tia_only,persist,TIAUSDT,"0-12,14-18,21-23",,True,active,1,0,0,0,0.0,,1,-2.343554,1,3,2,0.5,1.154379,0.766695,0.0,0
2026-05-30T22:47:59.340158+00:00,near_only_observation,forward_optimized_long_ms_near_only_observation,persist,NEARUSDT,"0-12,14-18,21-23",,True,active,1,0,0,1,-0.763617,0.0,0,0,59,4,4,0.25,0.094557,-11.174017,0.0,0
2026-05-30T22:48:00.101912+00:00,utc_01_cluster,forward_optimized_long_ms_utc01,persist,"INJUSDT,NEARUSDT,TIAUSDT",1,,True,active,0,0,0,0,0.0,,0,0,2178,1,1,0.0,0.0,-4.966327,0.0,0
2026-05-30T22:53:02.258288+00:00,baseline,forward_optimized_long_ms_baseline,persist,"INJUSDT,NEARUSDT,TIAUSDT",,,True,active,3,0,0,0,0.0,,3,-6.038219,194,10,7,0.428571,0.754514,-3.804979,0.0,0
2026-05-30T22:53:02.917252+00:00,regime_filtered,forward_optimized_long_ms_regime_filtered,persist,"INJUSDT,NEARUSDT,TIAUSDT","0-12,14-18,21-23",,True,active,3,0,0,0,0.0,,3,-6.038219,194,10,7,0.428571,0.571271,-8.776759,0.0,0
2026-05-30T22:53:03.254275+00:00,inj_tia_regime_filtered,forward_optimized_long_ms_inj_tia_regime,persist,"INJUSDT,TIAUSDT","0-12,14-18,21-23",,True,active,0,0,0,0,0.0,,1,-2.343554,9,10,9,0.555556,1.848254,11.768097,0.0,0
2026-05-30T22:53:04.811982+00:00,inj_tia_plus_candidates,forward_optimized_long_ms_inj_tia_plus_candidates,persist,"INJUSDT,TIAUSDT,JUPUSDT,BOMEUSDT","0-12,14-18,21-23",,True,active,1,0,0,0,0.0,,2,-5.718068,1602,6,4,0.75,3.983276,14.815925,0.0,0
2026-05-30T22:53:05.154843+00:00,inj_tia_fast_time_stop,forward_optimized_long_ms_inj_tia_fast_ts300,persist,"INJUSDT,TIAUSDT","0-12,14-18,21-23",300,True,active,1,0,0,0,0.0,,1,-1.659478,42,7,6,0.333333,0.442453,-6.09261,0.0,0
2026-05-30T22:53:05.494696+00:00,inj_fast_tia_standard,forward_optimized_long_ms_inj_fast_tia_standard,persist,"INJUSDT,TIAUSDT","0-12,14-18,21-23","{'INJUSDT': 300, 'TIAUSDT': 600}",True,active,1,0,0,0,0.0,,2,-4.003032,3,9,7,0.571429,0.993058,-0.055584,0.0,0
2026-05-30T22:53:05.537351+00:00,inj_fast_time_stop,forward_optimized_long_ms_inj_fast_ts300,persist,INJUSDT,"0-12,14-18,21-23",300,True,active,1,0,0,0,0.0,,1,-1.659478,3,8,7,0.571429,2.115314,4.1925,0.0,0
2026-05-30T22:53:05.565330+00:00,tia_fast_time_stop,forward_optimized_long_ms_tia_fast_ts300,persist,TIAUSDT,"0-12,14-18,21-23",300,True,active,0,0,0,0,0.0,,0,0,39,2,2,0.0,0.0,-6.6894,0.0,0
2026-05-30T22:53:05.596112+00:00,inj_only,forward_optimized_long_ms_inj_only,persist,INJUSDT,"0-12,14-18,21-23",,True,active,1,0,0,0,0.0,,1,-3.374514,3,5,4,0.75,6.478493,18.056416,0.0,0
2026-05-30T22:53:05.638349+00:00,tia_only,forward_optimized_long_ms_tia_only,persist,TIAUSDT,"0-12,14-18,21-23",,True,active,0,0,0,0,0.0,,1,-2.343554,0,3,2,0.5,1.154379,0.766695,0.0,0
2026-05-30T22:53:05.708477+00:00,near_only_observation,forward_optimized_long_ms_near_only_observation,persist,NEARUSDT,"0-12,14-18,21-23",,True,active,2,0,0,0,0.0,,1,-0.320151,191,5,4,0.25,0.094557,-11.174017,0.0,0
2026-05-30T22:53:06.396852+00:00,utc_01_cluster,forward_optimized_long_ms_utc01,persist,"INJUSDT,NEARUSDT,TIAUSDT",1,,True,active,0,0,0,0,0.0,,0,0,2178,1,1,0.0,0.0,-4.966327,0.0,0
2026-05-30T22:58:08.723908+00:00,baseline,forward_optimized_long_ms_baseline,persist,"INJUSDT,NEARUSDT,TIAUSDT",,,True,active,2,0,0,0,0.0,,3,-5.508979,18,10,7,0.428571,0.754514,-3.804979,0.0,0
2026-05-30T22:58:09.374409+00:00,regime_filtered,forward_optimized_long_ms_regime_filtered,persist,"INJUSDT,NEARUSDT,TIAUSDT","0-12,14-18,21-23",,True,active,2,0,0,0,0.0,,3,-5.508979,18,10,7,0.428571,0.571271,-8.776759,0.0,0
2026-05-30T22:58:09.727877+00:00,inj_tia_regime_filtered,forward_optimized_long_ms_inj_tia_regime,persist,"INJUSDT,TIAUSDT","0-12,14-18,21-23",,True,active,0,0,0,0,0.0,,1,-2.343554,10,10,9,0.555556,1.848254,11.768097,0.0,0
2026-05-30T22:58:11.505610+00:00,inj_tia_plus_candidates,forward_optimized_long_ms_inj_tia_plus_candidates,persist,"INJUSDT,TIAUSDT,JUPUSDT,BOMEUSDT","0-12,14-18,21-23",,True,active,1,0,0,0,0.0,,2,-5.765099,1600,6,4,0.75,3.983276,14.815925,0.0,0
2026-05-30T22:58:11.843209+00:00,inj_tia_fast_time_stop,forward_optimized_long_ms_inj_tia_fast_ts300,persist,"INJUSDT,TIAUSDT","0-12,14-18,21-23",300,True,active,1,0,0,0,0.0,,1,-1.707579,40,7,6,0.333333,0.442453,-6.09261,0.0,0
2026-05-30T22:58:12.187416+00:00,inj_fast_tia_standard,forward_optimized_long_ms_inj_fast_tia_standard,persist,"INJUSDT,TIAUSDT","0-12,14-18,21-23","{'INJUSDT': 300, 'TIAUSDT': 600}",True,active,1,0,0,0,0.0,,2,-4.051133,1,9,7,0.571429,0.993058,-0.055584,0.0,0
2026-05-30T22:58:12.226905+00:00,inj_fast_time_stop,forward_optimized_long_ms_inj_fast_ts300,persist,INJUSDT,"0-12,14-18,21-23",300,True,active,1,0,0,0,0.0,,1,-1.707579,1,8,7,0.571429,2.115314,4.1925,0.0,0
2026-05-30T22:58:12.263830+00:00,tia_fast_time_stop,forward_optimized_long_ms_tia_fast_ts300,persist,TIAUSDT,"0-12,14-18,21-23",300,True,active,0,0,0,0,0.0,,0,0,39,2,2,0.0,0.0,-6.6894,0.0,0
2026-05-30T22:58:12.307269+00:00,inj_only,forward_optimized_long_ms_inj_only,persist,INJUSDT,"0-12,14-18,21-23",,True,active,1,0,0,0,0.0,,1,-3.421545,1,5,4,0.75,6.478493,18.056416,0.0,0
2026-05-30T22:58:12.346006+00:00,tia_only,forward_optimized_long_ms_tia_only,persist,TIAUSDT,"0-12,14-18,21-23",,True,active,0,0,0,0,0.0,,1,-2.343554,0,3,2,0.5,1.154379,0.766695,0.0,0
2026-05-30T22:58:12.399752+00:00,near_only_observation,forward_optimized_long_ms_near_only_observation,persist,NEARUSDT,"0-12,14-18,21-23",,True,active,1,0,0,0,0.0,,1,0.25612,17,5,4,0.25,0.094557,-11.174017,0.0,0
2026-05-30T22:58:13.153548+00:00,utc_01_cluster,forward_optimized_long_ms_utc01,persist,"INJUSDT,NEARUSDT,TIAUSDT",1,,True,active,0,0,0,0,0.0,,0,0,2178,1,1,0.0,0.0,-4.966327,0.0,0
2026-05-30T23:03:15.295665+00:00,baseline,forward_optimized_long_ms_baseline,persist,"INJUSDT,NEARUSDT,TIAUSDT",,,True,active,2,0,0,0,0.0,,3,-4.845867,26,10,7,0.428571,0.754514,-3.804979,0.0,0
2026-05-30T23:03:15.940749+00:00,regime_filtered,forward_optimized_long_ms_regime_filtered,persist,"INJUSDT,NEARUSDT,TIAUSDT","0-12,14-18,21-23",,True,active,2,0,0,0,0.0,,3,-4.845867,26,10,7,0.428571,0.571271,-8.776759,0.0,0
2026-05-30T23:03:16.291285+00:00,inj_tia_regime_filtered,forward_optimized_long_ms_inj_tia_regime,persist,"INJUSDT,TIAUSDT","0-12,14-18,21-23",,True,active,0,0,0,0,0.0,,1,-2.343554,16,10,9,0.555556,1.848254,11.768097,0.0,0
2026-05-30T23:03:18.480113+00:00,inj_tia_plus_candidates,forward_optimized_long_ms_inj_tia_plus_candidates,persist,"INJUSDT,TIAUSDT,JUPUSDT,BOMEUSDT","0-12,14-18,21-23",,True,active,1,0,0,0,0.0,,2,-5.518183,1605,6,4,0.75,3.983276,14.815925,0.0,0
2026-05-30T23:03:18.823926+00:00,inj_tia_fast_time_stop,forward_optimized_long_ms_inj_tia_fast_ts300,persist,"INJUSDT,TIAUSDT","0-12,14-18,21-23",300,True,active,1,0,0,0,0.0,,1,-1.45505,45,7,6,0.333333,0.442453,-6.09261,0.0,0
2026-05-30T23:03:19.159434+00:00,inj_fast_tia_standard,forward_optimized_long_ms_inj_fast_tia_standard,persist,"INJUSDT,TIAUSDT","0-12,14-18,21-23","{'INJUSDT': 300, 'TIAUSDT': 600}",True,active,1,0,0,0,0.0,,2,-3.798604,6,9,7,0.571429,0.993058,-0.055584,0.0,0
2026-05-30T23:03:19.209068+00:00,inj_fast_time_stop,forward_optimized_long_ms_inj_fast_ts300,persist,INJUSDT,"0-12,14-18,21-23",300,True,active,1,0,0,0,0.0,,1,-1.45505,6,8,7,0.571429,2.115314,4.1925,0.0,0
2026-05-30T23:03:19.262211+00:00,tia_fast_time_stop,forward_optimized_long_ms_tia_fast_ts300,persist,TIAUSDT,"0-12,14-18,21-23",300,True,active,0,0,0,0,0.0,,0,0,39,2,2,0.0,0.0,-6.6894,0.0,0
2026-05-30T23:03:19.329832+00:00,inj_only,forward_optimized_long_ms_inj_only,persist,INJUSDT,"0-12,14-18,21-23",,True,active,1,0,0,0,0.0,,1,-3.174629,6,5,4,0.75,6.478493,18.056416,0.0,0
2026-05-30T23:03:19.376676+00:00,tia_only,forward_optimized_long_ms_tia_only,persist,TIAUSDT,"0-12,14-18,21-23",,True,active,0,0,0,0,0.0,,1,-2.343554,0,3,2,0.5,1.154379,0.766695,0.0,0
2026-05-30T23:03:19.417392+00:00,near_only_observation,forward_optimized_long_ms_near_only_observation,persist,NEARUSDT,"0-12,14-18,21-23",,True,active,1,0,0,0,0.0,,1,0.672316,20,5,4,0.25,0.094557,-11.174017,0.0,0
2026-05-30T23:03:20.091193+00:00,utc_01_cluster,forward_optimized_long_ms_utc01,persist,"INJUSDT,NEARUSDT,TIAUSDT",1,,True,active,0,0,0,0,0.0,,0,0,2178,1,1,0.0,0.0,-4.966327,0.0,0
2026-05-30T23:08:22.435271+00:00,baseline,forward_optimized_long_ms_baseline,persist,"INJUSDT,NEARUSDT,TIAUSDT",,,True,active,2,0,0,0,0.0,,3,-4.802095,13,10,7,0.428571,0.754514,-3.804979,0.0,0
2026-05-30T23:08:23.076173+00:00,regime_filtered,forward_optimized_long_ms_regime_filtered,persist,"INJUSDT,NEARUSDT,TIAUSDT","0-12,14-18,21-23",,True,active,2,0,0,0,0.0,,3,-4.802095,13,10,7,0.428571,0.571271,-8.776759,0.0,0
2026-05-30T23:08:23.423822+00:00,inj_tia_regime_filtered,forward_optimized_long_ms_inj_tia_regime,persist,"INJUSDT,TIAUSDT","0-12,14-18,21-23",,True,active,0,0,0,0,0.0,,1,-2.343554,18,10,9,0.555556,1.848254,11.768097,0.0,0
2026-05-30T23:08:24.983251+00:00,inj_tia_plus_candidates,forward_optimized_long_ms_inj_tia_plus_candidates,persist,"INJUSDT,TIAUSDT,JUPUSDT,BOMEUSDT","0-12,14-18,21-23",,True,active,1,0,0,0,0.0,,2,-5.506426,1601,6,4,0.75,3.983276,14.815925,0.0,0
2026-05-30T23:08:25.326024+00:00,inj_tia_fast_time_stop,forward_optimized_long_ms_inj_tia_fast_ts300,persist,"INJUSDT,TIAUSDT","0-12,14-18,21-23",300,True,active,1,0,0,0,0.0,,1,-1.443024,41,7,6,0.333333,0.442453,-6.09261,0.0,0
2026-05-30T23:08:25.671977+00:00,inj_fast_tia_standard,forward_optimized_long_ms_inj_fast_tia_standard,persist,"INJUSDT,TIAUSDT","0-12,14-18,21-23","{'INJUSDT': 300, 'TIAUSDT': 600}",True,active,1,0,0,0,0.0,,2,-3.786578,2,9,7,0.571429,0.993058,-0.055584,0.0,0
2026-05-30T23:08:25.706521+00:00,inj_fast_time_stop,forward_optimized_long_ms_inj_fast_ts300,persist,INJUSDT,"0-12,14-18,21-23",300,True,active,1,0,0,0,0.0,,1,-1.443024,2,8,7,0.571429,2.115314,4.1925,0.0,0
2026-05-30T23:08:25.734539+00:00,tia_fast_time_stop,forward_optimized_long_ms_tia_fast_ts300,persist,TIAUSDT,"0-12,14-18,21-23",300,True,active,0,0,0,0,0.0,,0,0,39,2,2,0.0,0.0,-6.6894,0.0,0
2026-05-30T23:08:25.780655+00:00,inj_only,forward_optimized_long_ms_inj_only,persist,INJUSDT,"0-12,14-18,21-23",,True,active,1,0,0,0,0.0,,1,-3.162872,2,5,4,0.75,6.478493,18.056416,0.0,0
2026-05-30T23:08:25.815954+00:00,tia_only,forward_optimized_long_ms_tia_only,persist,TIAUSDT,"0-12,14-18,21-23",,True,active,0,0,0,0,0.0,,1,-2.343554,0,3,2,0.5,1.154379,0.766695,0.0,0
2026-05-30T23:08:25.867316+00:00,near_only_observation,forward_optimized_long_ms_near_only_observation,persist,NEARUSDT,"0-12,14-18,21-23",,True,active,1,0,0,0,0.0,,1,0.704331,11,5,4,0.25,0.094557,-11.174017,0.0,0
2026-05-30T23:08:26.565268+00:00,utc_01_cluster,forward_optimized_long_ms_utc01,persist,"INJUSDT,NEARUSDT,TIAUSDT",1,,True,active,0,0,0,0,0.0,,0,0,2178,1,1,0.0,0.0,-4.966327,0.0,0
2026-05-30T23:13:28.418288+00:00,baseline,forward_optimized_long_ms_baseline,persist,"INJUSDT,NEARUSDT,TIAUSDT",,,True,active,2,0,0,0,0.0,,3,-5.476963,7,10,7,0.428571,0.754514,-3.804979,0.0,0
2026-05-30T23:13:29.065508+00:00,regime_filtered,forward_optimized_long_ms_regime_filtered,persist,"INJUSDT,NEARUSDT,TIAUSDT","0-12,14-18,21-23",,True,active,2,0,0,0,0.0,,3,-5.476963,7,10,7,0.428571,0.571271,-8.776759,0.0,0
2026-05-30T23:13:29.420698+00:00,inj_tia_regime_filtered,forward_optimized_long_ms_inj_tia_regime,persist,"INJUSDT,TIAUSDT","0-12,14-18,21-23",,True,active,0,0,0,0,0.0,,1,-2.343554,22,10,9,0.555556,1.848254,11.768097,0.0,0
2026-05-30T23:13:31.243164+00:00,inj_tia_plus_candidates,forward_optimized_long_ms_inj_tia_plus_candidates,persist,"INJUSDT,TIAUSDT,JUPUSDT,BOMEUSDT","0-12,14-18,21-23",,True,active,1,0,0,0,0.0,,2,-5.765099,1603,6,4,0.75,3.983276,14.815925,0.0,0
2026-05-30T23:13:31.586263+00:00,inj_tia_fast_time_stop,forward_optimized_long_ms_inj_tia_fast_ts300,persist,"INJUSDT,TIAUSDT","0-12,14-18,21-23",300,True,active,1,0,0,0,0.0,,1,-1.707579,43,7,6,0.333333,0.442453,-6.09261,0.0,0
2026-05-30T23:13:31.935877+00:00,inj_fast_tia_standard,forward_optimized_long_ms_inj_fast_tia_standard,persist,"INJUSDT,TIAUSDT","0-12,14-18,21-23","{'INJUSDT': 300, 'TIAUSDT': 600}",True,active,1,0,0,0,0.0,,2,-4.051133,4,9,7,0.571429,0.993058,-0.055584,0.0,0
2026-05-30T23:13:31.982289+00:00,inj_fast_time_stop,forward_optimized_long_ms_inj_fast_ts300,persist,INJUSDT,"0-12,14-18,21-23",300,True,active,1,0,0,0,0.0,,1,-1.707579,4,8,7,0.571429,2.115314,4.1925,0.0,0
2026-05-30T23:13:32.023671+00:00,tia_fast_time_stop,forward_optimized_long_ms_tia_fast_ts300,persist,TIAUSDT,"0-12,14-18,21-23",300,True,active,0,0,0,0,0.0,,0,0,39,2,2,0.0,0.0,-6.6894,0.0,0
2026-05-30T23:13:32.070905+00:00,inj_only,forward_optimized_long_ms_inj_only,persist,INJUSDT,"0-12,14-18,21-23",,True,active,1,0,0,0,0.0,,1,-3.421545,4,5,4,0.75,6.478493,18.056416,0.0,0
2026-05-30T23:13:32.115065+00:00,tia_only,forward_optimized_long_ms_tia_only,persist,TIAUSDT,"0-12,14-18,21-23",,True,active,0,0,0,0,0.0,,1,-2.343554,0,3,2,0.5,1.154379,0.766695,0.0,0
2026-05-30T23:13:32.168038+00:00,near_only_observation,forward_optimized_long_ms_near_only_observation,persist,NEARUSDT,"0-12,14-18,21-23",,True,active,1,0,0,0,0.0,,1,0.288136,3,5,4,0.25,0.094557,-11.174017,0.0,0
2026-05-30T23:13:32.953650+00:00,utc_01_cluster,forward_optimized_long_ms_utc01,persist,"INJUSDT,NEARUSDT,TIAUSDT",1,,True,active,0,0,0,0,0.0,,0,0,2178,1,1,0.0,0.0,-4.966327,0.0,0
2026-05-30T23:18:34.664283+00:00,baseline,forward_optimized_long_ms_baseline,persist,"INJUSDT,NEARUSDT,TIAUSDT",,,True,active,2,0,0,0,0.0,,3,-5.135279,36,10,7,0.428571,0.754514,-3.804979,0.0,0
2026-05-30T23:18:35.303771+00:00,regime_filtered,forward_optimized_long_ms_regime_filtered,persist,"INJUSDT,NEARUSDT,TIAUSDT","0-12,14-18,21-23",,True,active,2,0,0,0,0.0,,3,-5.135279,36,10,7,0.428571,0.571271,-8.776759,0.0,0
2026-05-30T23:18:35.643925+00:00,inj_tia_regime_filtered,forward_optimized_long_ms_inj_tia_regime,persist,"INJUSDT,TIAUSDT","0-12,14-18,21-23",,True,active,0,0,0,0,0.0,,1,-2.343554,24,10,9,0.555556,1.848254,11.768097,0.0,0
2026-05-30T23:18:37.786516+00:00,inj_tia_plus_candidates,forward_optimized_long_ms_inj_tia_plus_candidates,persist,"INJUSDT,TIAUSDT,JUPUSDT,BOMEUSDT","0-12,14-18,21-23",,True,active,1,0,0,0,0.0,,2,-5.64752,1601,6,4,0.75,3.983276,14.815925,0.0,0
2026-05-30T23:18:38.129283+00:00,inj_tia_fast_time_stop,forward_optimized_long_ms_inj_tia_fast_ts300,persist,"INJUSDT,TIAUSDT","0-12,14-18,21-23",300,True,active,1,0,0,0,0.0,,1,-1.587327,41,7,6,0.333333,0.442453,-6.09261,0.0,0
2026-05-30T23:18:38.465842+00:00,inj_fast_tia_standard,forward_optimized_long_ms_inj_fast_tia_standard,persist,"INJUSDT,TIAUSDT","0-12,14-18,21-23","{'INJUSDT': 300, 'TIAUSDT': 600}",True,active,1,0,0,0,0.0,,2,-3.930881,2,9,7,0.571429,0.993058,-0.055584,0.0,0
2026-05-30T23:18:38.507499+00:00,inj_fast_time_stop,forward_optimized_long_ms_inj_fast_ts300,persist,INJUSDT,"0-12,14-18,21-23",300,True,active,1,0,0,0,0.0,,1,-1.587327,2,8,7,0.571429,2.115314,4.1925,0.0,0
2026-05-30T23:18:38.541522+00:00,tia_fast_time_stop,forward_optimized_long_ms_tia_fast_ts300,persist,TIAUSDT,"0-12,14-18,21-23",300,True,active,0,0,0,0,0.0,,0,0,39,2,2,0.0,0.0,-6.6894,0.0,0
2026-05-30T23:18:38.572434+00:00,inj_only,forward_optimized_long_ms_inj_only,persist,INJUSDT,"0-12,14-18,21-23",,True,active,1,0,0,0,0.0,,1,-3.303966,2,5,4,0.75,6.478493,18.056416,0.0,0
2026-05-30T23:18:38.598623+00:00,tia_only,forward_optimized_long_ms_tia_only,persist,TIAUSDT,"0-12,14-18,21-23",,True,active,0,0,0,0,0.0,,1,-2.343554,0,3,2,0.5,1.154379,0.766695,0.0,0
2026-05-30T23:18:38.631460+00:00,near_only_observation,forward_optimized_long_ms_near_only_observation,persist,NEARUSDT,"0-12,14-18,21-23",,True,active,1,0,0,0,0.0,,1,0.512241,34,5,4,0.25,0.094557,-11.174017,0.0,0
2026-05-30T23:18:39.326031+00:00,utc_01_cluster,forward_optimized_long_ms_utc01,persist,"INJUSDT,NEARUSDT,TIAUSDT",1,,True,active,0,0,0,0,0.0,,0,0,2178,1,1,0.0,0.0,-4.966327,0.0,0
2026-05-30T23:23:41.215422+00:00,baseline,forward_optimized_long_ms_baseline,persist,"INJUSDT,NEARUSDT,TIAUSDT",,,True,active,2,0,0,0,0.0,,3,-5.488721,15,10,7,0.428571,0.754514,-3.804979,0.0,0
2026-05-30T23:23:41.860339+00:00,regime_filtered,forward_optimized_long_ms_regime_filtered,persist,"INJUSDT,NEARUSDT,TIAUSDT","0-12,14-18,21-23",,True,active,2,0,0,0,0.0,,3,-5.488721,15,10,7,0.428571,0.571271,-8.776759,0.0,0
2026-05-30T23:23:42.212134+00:00,inj_tia_regime_filtered,forward_optimized_long_ms_inj_tia_regime,persist,"INJUSDT,TIAUSDT","0-12,14-18,21-23",,True,active,0,0,0,0,0.0,,1,-2.343554,26,10,9,0.555556,1.848254,11.768097,0.0,0
2026-05-30T23:23:43.779403+00:00,inj_tia_plus_candidates,forward_optimized_long_ms_inj_tia_plus_candidates,persist,"INJUSDT,TIAUSDT,JUPUSDT,BOMEUSDT","0-12,14-18,21-23",,True,active,1,0,0,0,0.0,,2,-5.776857,1601,6,4,0.75,3.983276,14.815925,0.0,0
2026-05-30T23:23:44.125313+00:00,inj_tia_fast_time_stop,forward_optimized_long_ms_inj_tia_fast_ts300,persist,"INJUSDT,TIAUSDT","0-12,14-18,21-23",300,True,active,1,0,0,0,0.0,,1,-1.719604,41,7,6,0.333333,0.442453,-6.09261,0.0,0
2026-05-30T23:23:44.471202+00:00,inj_fast_tia_standard,forward_optimized_long_ms_inj_fast_tia_standard,persist,"INJUSDT,TIAUSDT","0-12,14-18,21-23","{'INJUSDT': 300, 'TIAUSDT': 600}",True,active,1,0,0,0,0.0,,2,-4.063158,2,9,7,0.571429,0.993058,-0.055584,0.0,0
2026-05-30T23:23:44.510750+00:00,inj_fast_time_stop,forward_optimized_long_ms_inj_fast_ts300,persist,INJUSDT,"0-12,14-18,21-23",300,True,active,1,0,0,0,0.0,,1,-1.719604,2,8,7,0.571429,2.115314,4.1925,0.0,0
2026-05-30T23:23:44.545764+00:00,tia_fast_time_stop,forward_optimized_long_ms_tia_fast_ts300,persist,TIAUSDT,"0-12,14-18,21-23",300,True,active,0,0,0,0,0.0,,0,0,39,2,2,0.0,0.0,-6.6894,0.0,0
2026-05-30T23:23:44.588092+00:00,inj_only,forward_optimized_long_ms_inj_only,persist,INJUSDT,"0-12,14-18,21-23",,True,active,1,0,0,0,0.0,,1,-3.433303,2,5,4,0.75,6.478493,18.056416,0.0,0
2026-05-30T23:23:44.631955+00:00,tia_only,forward_optimized_long_ms_tia_only,persist,TIAUSDT,"0-12,14-18,21-23",,True,active,0,0,0,0,0.0,,1,-2.343554,0,3,2,0.5,1.154379,0.766695,0.0,0
2026-05-30T23:23:44.683282+00:00,near_only_observation,forward_optimized_long_ms_near_only_observation,persist,NEARUSDT,"0-12,14-18,21-23",,True,active,1,0,0,0,0.0,,1,0.288136,13,5,4,0.25,0.094557,-11.174017,0.0,0
2026-05-30T23:23:45.380764+00:00,utc_01_cluster,forward_optimized_long_ms_utc01,persist,"INJUSDT,NEARUSDT,TIAUSDT",1,,True,active,0,0,0,0,0.0,,0,0,2178,1,1,0.0,0.0,-4.966327,0.0,0
2026-05-30T23:28:46.883419+00:00,baseline,forward_optimized_long_ms_baseline,persist,"INJUSDT,NEARUSDT,TIAUSDT",,,True,active,2,0,0,0,0.0,,3,-5.411657,20,10,7,0.428571,0.754514,-3.804979,0.0,0
2026-05-30T23:28:47.537011+00:00,regime_filtered,forward_optimized_long_ms_regime_filtered,persist,"INJUSDT,NEARUSDT,TIAUSDT","0-12,14-18,21-23",,True,active,2,0,0,0,0.0,,3,-5.411657,20,10,7,0.428571,0.571271,-8.776759,0.0,0
2026-05-30T23:28:47.888065+00:00,inj_tia_regime_filtered,forward_optimized_long_ms_inj_tia_regime,persist,"INJUSDT,TIAUSDT","0-12,14-18,21-23",,True,active,0,0,0,0,0.0,,1,-2.343554,30,10,9,0.555556,1.848254,11.768097,0.0,0
2026-05-30T23:28:49.447179+00:00,inj_tia_plus_candidates,forward_optimized_long_ms_inj_tia_plus_candidates,persist,"INJUSDT,TIAUSDT,JUPUSDT,BOMEUSDT","0-12,14-18,21-23",,True,active,1,0,0,0,0.0,,2,-5.635762,1603,6,4,0.75,3.983276,14.815925,0.0,0
2026-05-30T23:28:49.791640+00:00,inj_tia_fast_time_stop,forward_optimized_long_ms_inj_tia_fast_ts300,persist,"INJUSDT,TIAUSDT","0-12,14-18,21-23",300,True,active,1,0,0,0,0.0,,1,-1.575302,43,7,6,0.333333,0.442453,-6.09261,0.0,0
2026-05-30T23:28:50.137554+00:00,inj_fast_tia_standard,forward_optimized_long_ms_inj_fast_tia_standard,persist,"INJUSDT,TIAUSDT","0-12,14-18,21-23","{'INJUSDT': 300, 'TIAUSDT': 600}",True,active,1,0,0,0,0.0,,2,-3.918856,4,9,7,0.571429,0.993058,-0.055584,0.0,0
2026-05-30T23:28:50.183309+00:00,inj_fast_time_stop,forward_optimized_long_ms_inj_fast_ts300,persist,INJUSDT,"0-12,14-18,21-23",300,True,active,1,0,0,0,0.0,,1,-1.575302,4,8,7,0.571429,2.115314,4.1925,0.0,0
2026-05-30T23:28:50.227662+00:00,tia_fast_time_stop,forward_optimized_long_ms_tia_fast_ts300,persist,TIAUSDT,"0-12,14-18,21-23",300,True,active,0,0,0,0,0.0,,0,0,39,2,2,0.0,0.0,-6.6894,0.0,0
2026-05-30T23:28:50.290820+00:00,inj_only,forward_optimized_long_ms_inj_only,persist,INJUSDT,"0-12,14-18,21-23",,True,active,1,0,0,0,0.0,,1,-3.292208,4,5,4,0.75,6.478493,18.056416,0.0,0
2026-05-30T23:28:50.341307+00:00,tia_only,forward_optimized_long_ms_tia_only,persist,TIAUSDT,"0-12,14-18,21-23",,True,active,0,0,0,0,0.0,,1,-2.343554,0,3,2,0.5,1.154379,0.766695,0.0,0
2026-05-30T23:28:50.392868+00:00,near_only_observation,forward_optimized_long_ms_near_only_observation,persist,NEARUSDT,"0-12,14-18,21-23",,True,active,1,0,0,0,0.0,,1,0.224105,16,5,4,0.25,0.094557,-11.174017,0.0,0
2026-05-30T23:28:51.102519+00:00,utc_01_cluster,forward_optimized_long_ms_utc01,persist,"INJUSDT,NEARUSDT,TIAUSDT",1,,True,active,0,0,0,0,0.0,,0,0,2178,1,1,0.0,0.0,-4.966327,0.0,0
2026-05-30T23:33:53.467199+00:00,baseline,forward_optimized_long_ms_baseline,persist,"INJUSDT,NEARUSDT,TIAUSDT",,,True,active,2,0,0,0,0.0,,3,-5.385588,22,10,7,0.428571,0.754514,-3.804979,0.0,0
2026-05-30T23:33:54.115942+00:00,regime_filtered,forward_optimized_long_ms_regime_filtered,persist,"INJUSDT,NEARUSDT,TIAUSDT","0-12,14-18,21-23",,True,active,2,0,0,0,0.0,,3,-5.385588,22,10,7,0.428571,0.571271,-8.776759,0.0,0
2026-05-30T23:33:54.461582+00:00,inj_tia_regime_filtered,forward_optimized_long_ms_inj_tia_regime,persist,"INJUSDT,TIAUSDT","0-12,14-18,21-23",,True,active,0,0,0,0,0.0,,1,-2.343554,33,10,9,0.555556,1.848254,11.768097,0.0,0
2026-05-30T23:33:55.987352+00:00,inj_tia_plus_candidates,forward_optimized_long_ms_inj_tia_plus_candidates,persist,"INJUSDT,TIAUSDT,JUPUSDT,BOMEUSDT","0-12,14-18,21-23",,True,active,1,0,0,0,0.0,,2,-5.353573,1602,6,4,0.75,3.983276,14.815925,0.0,0
2026-05-30T23:33:56.335310+00:00,inj_tia_fast_time_stop,forward_optimized_long_ms_inj_tia_fast_ts300,persist,"INJUSDT,TIAUSDT","0-12,14-18,21-23",300,True,active,1,0,0,0,0.0,,1,-1.286697,42,7,6,0.333333,0.442453,-6.09261,0.0,0
2026-05-30T23:33:56.684449+00:00,inj_fast_tia_standard,forward_optimized_long_ms_inj_fast_tia_standard,persist,"INJUSDT,TIAUSDT","0-12,14-18,21-23","{'INJUSDT': 300, 'TIAUSDT': 600}",True,active,1,0,0,0,0.0,,2,-3.630251,3,9,7,0.571429,0.993058,-0.055584,0.0,0
2026-05-30T23:33:56.735376+00:00,inj_fast_time_stop,forward_optimized_long_ms_inj_fast_ts300,persist,INJUSDT,"0-12,14-18,21-23",300,True,active,1,0,0,0,0.0,,1,-1.286697,3,8,7,0.571429,2.115314,4.1925,0.0,0
2026-05-30T23:33:56.770727+00:00,tia_fast_time_stop,forward_optimized_long_ms_tia_fast_ts300,persist,TIAUSDT,"0-12,14-18,21-23",300,True,active,0,0,0,0,0.0,,0,0,39,2,2,0.0,0.0,-6.6894,0.0,0
2026-05-30T23:33:56.819226+00:00,inj_only,forward_optimized_long_ms_inj_only,persist,INJUSDT,"0-12,14-18,21-23",,True,active,1,0,0,0,0.0,,1,-3.010019,3,5,4,0.75,6.478493,18.056416,0.0,0
2026-05-30T23:33:56.858971+00:00,tia_only,forward_optimized_long_ms_tia_only,persist,TIAUSDT,"0-12,14-18,21-23",,True,active,0,0,0,0,0.0,,1,-2.343554,0,3,2,0.5,1.154379,0.766695,0.0,0
2026-05-30T23:33:56.899811+00:00,near_only_observation,forward_optimized_long_ms_near_only_observation,persist,NEARUSDT,"0-12,14-18,21-23",,True,active,1,0,0,0,0.0,,1,-0.032015,19,5,4,0.25,0.094557,-11.174017,0.0,0
2026-05-30T23:33:57.703820+00:00,utc_01_cluster,forward_optimized_long_ms_utc01,persist,"INJUSDT,NEARUSDT,TIAUSDT",1,,True,active,0,0,0,0,0.0,,0,0,2178,1,1,0.0,0.0,-4.966327,0.0,0
2026-05-30T23:38:59.195561+00:00,baseline,forward_optimized_long_ms_baseline,persist,"INJUSDT,NEARUSDT,TIAUSDT",,,True,active,2,0,0,0,0.0,,3,-5.654743,4,10,7,0.428571,0.754514,-3.804979,0.0,0
2026-05-30T23:38:59.825293+00:00,regime_filtered,forward_optimized_long_ms_regime_filtered,persist,"INJUSDT,NEARUSDT,TIAUSDT","0-12,14-18,21-23",,True,active,2,0,0,0,0.0,,3,-5.654743,4,10,7,0.428571,0.571271,-8.776759,0.0,0
2026-05-30T23:39:00.158558+00:00,inj_tia_regime_filtered,forward_optimized_long_ms_inj_tia_regime,persist,"INJUSDT,TIAUSDT","0-12,14-18,21-23",,True,active,0,0,0,0,0.0,,1,-2.343554,36,10,9,0.555556,1.848254,11.768097,0.0,0
2026-05-30T23:39:02.120841+00:00,inj_tia_plus_candidates,forward_optimized_long_ms_inj_tia_plus_candidates,persist,"INJUSDT,TIAUSDT,JUPUSDT,BOMEUSDT","0-12,14-18,21-23",,True,active,1,0,0,0,0.0,,2,-5.494668,1602,6,4,0.75,3.983276,14.815925,0.0,0
2026-05-30T23:39:02.448479+00:00,inj_tia_fast_time_stop,forward_optimized_long_ms_inj_tia_fast_ts300,persist,"INJUSDT,TIAUSDT","0-12,14-18,21-23",300,True,active,1,0,0,0,0.0,,1,-1.430999,42,7,6,0.333333,0.442453,-6.09261,0.0,0
2026-05-30T23:39:02.776956+00:00,inj_fast_tia_standard,forward_optimized_long_ms_inj_fast_tia_standard,persist,"INJUSDT,TIAUSDT","0-12,14-18,21-23","{'INJUSDT': 300, 'TIAUSDT': 600}",True,active,1,0,0,0,0.0,,2,-3.774553,3,9,7,0.571429,0.993058,-0.055584,0.0,0
2026-05-30T23:39:02.803678+00:00,inj_fast_time_stop,forward_optimized_long_ms_inj_fast_ts300,persist,INJUSDT,"0-12,14-18,21-23",300,True,active,1,0,0,0,0.0,,1,-1.430999,3,8,7,0.571429,2.115314,4.1925,0.0,0
2026-05-30T23:39:02.826971+00:00,tia_fast_time_stop,forward_optimized_long_ms_tia_fast_ts300,persist,TIAUSDT,"0-12,14-18,21-23",300,True,active,0,0,0,0,0.0,,0,0,39,2,2,0.0,0.0,-6.6894,0.0,0
2026-05-30T23:39:02.855996+00:00,inj_only,forward_optimized_long_ms_inj_only,persist,INJUSDT,"0-12,14-18,21-23",,True,active,1,0,0,0,0.0,,1,-3.151114,3,5,4,0.75,6.478493,18.056416,0.0,0
2026-05-30T23:39:02.881951+00:00,tia_only,forward_optimized_long_ms_tia_only,persist,TIAUSDT,"0-12,14-18,21-23",,True,active,0,0,0,0,0.0,,1,-2.343554,0,3,2,0.5,1.154379,0.766695,0.0,0
2026-05-30T23:39:02.912282+00:00,near_only_observation,forward_optimized_long_ms_near_only_observation,persist,NEARUSDT,"0-12,14-18,21-23",,True,active,1,0,0,0,0.0,,1,-0.160075,1,5,4,0.25,0.094557,-11.174017,0.0,0
2026-05-30T23:39:03.589045+00:00,utc_01_cluster,forward_optimized_long_ms_utc01,persist,"INJUSDT,NEARUSDT,TIAUSDT",1,,True,active,0,0,0,0,0.0,,0,0,2178,1,1,0.0,0.0,-4.966327,0.0,0
2026-05-30T23:44:05.311899+00:00,baseline,forward_optimized_long_ms_baseline,persist,"INJUSDT,NEARUSDT,TIAUSDT",,,True,active,2,0,0,0,0.0,,3,-6.079438,44,10,7,0.428571,0.754514,-3.804979,0.0,0
2026-05-30T23:44:05.971453+00:00,regime_filtered,forward_optimized_long_ms_regime_filtered,persist,"INJUSDT,NEARUSDT,TIAUSDT","0-12,14-18,21-23",,True,active,2,0,0,0,0.0,,3,-6.079438,44,10,7,0.428571,0.571271,-8.776759,0.0,0
2026-05-30T23:44:06.329586+00:00,inj_tia_regime_filtered,forward_optimized_long_ms_inj_tia_regime,persist,"INJUSDT,TIAUSDT","0-12,14-18,21-23",,True,active,0,0,0,0,0.0,,1,-2.343554,38,10,9,0.555556,1.848254,11.768097,0.0,0
2026-05-30T23:44:08.333375+00:00,inj_tia_plus_candidates,forward_optimized_long_ms_inj_tia_plus_candidates,persist,"INJUSDT,TIAUSDT,JUPUSDT,BOMEUSDT","0-12,14-18,21-23",,True,active,1,0,0,0,0.0,,2,-5.471152,1601,6,4,0.75,3.983276,14.815925,0.0,0
2026-05-30T23:44:08.678234+00:00,inj_tia_fast_time_stop,forward_optimized_long_ms_inj_tia_fast_ts300,persist,"INJUSDT,TIAUSDT","0-12,14-18,21-23",300,True,active,1,0,0,0,0.0,,1,-1.406949,41,7,6,0.333333,0.442453,-6.09261,0.0,0
2026-05-30T23:44:09.026547+00:00,inj_fast_tia_standard,forward_optimized_long_ms_inj_fast_tia_standard,persist,"INJUSDT,TIAUSDT","0-12,14-18,21-23","{'INJUSDT': 300, 'TIAUSDT': 600}",True,active,1,0,0,0,0.0,,2,-3.750503,2,9,7,0.571429,0.993058,-0.055584,0.0,0
2026-05-30T23:44:09.066776+00:00,inj_fast_time_stop,forward_optimized_long_ms_inj_fast_ts300,persist,INJUSDT,"0-12,14-18,21-23",300,True,active,1,0,0,0,0.0,,1,-1.406949,2,8,7,0.571429,2.115314,4.1925,0.0,0
2026-05-30T23:44:09.103042+00:00,tia_fast_time_stop,forward_optimized_long_ms_tia_fast_ts300,persist,TIAUSDT,"0-12,14-18,21-23",300,True,active,0,0,0,0,0.0,,0,0,39,2,2,0.0,0.0,-6.6894,0.0,0
2026-05-30T23:44:09.153637+00:00,inj_only,forward_optimized_long_ms_inj_only,persist,INJUSDT,"0-12,14-18,21-23",,True,active,1,0,0,0,0.0,,1,-3.127598,2,5,4,0.75,6.478493,18.056416,0.0,0
2026-05-30T23:44:09.199504+00:00,tia_only,forward_optimized_long_ms_tia_only,persist,TIAUSDT,"0-12,14-18,21-23",,True,active,0,0,0,0,0.0,,1,-2.343554,0,3,2,0.5,1.154379,0.766695,0.0,0
2026-05-30T23:44:09.246622+00:00,near_only_observation,forward_optimized_long_ms_near_only_observation,persist,NEARUSDT,"0-12,14-18,21-23",,True,active,1,0,0,0,0.0,,1,-0.608286,42,5,4,0.25,0.094557,-11.174017,0.0,0
2026-05-30T23:44:09.941427+00:00,utc_01_cluster,forward_optimized_long_ms_utc01,persist,"INJUSDT,NEARUSDT,TIAUSDT",1,,True,active,0,0,0,0,0.0,,0,0,2178,1,1,0.0,0.0,-4.966327,0.0,0
2026-05-30T23:49:11.453514+00:00,baseline,forward_optimized_long_ms_baseline,persist,"INJUSDT,NEARUSDT,TIAUSDT",,,True,active,2,0,0,0,0.0,,3,-6.472118,41,10,7,0.428571,0.754514,-3.804979,0.0,0
2026-05-30T23:49:12.107038+00:00,regime_filtered,forward_optimized_long_ms_regime_filtered,persist,"INJUSDT,NEARUSDT,TIAUSDT","0-12,14-18,21-23",,True,active,2,0,0,0,0.0,,3,-6.472118,41,10,7,0.428571,0.571271,-8.776759,0.0,0
2026-05-30T23:49:12.462850+00:00,inj_tia_regime_filtered,forward_optimized_long_ms_inj_tia_regime,persist,"INJUSDT,TIAUSDT","0-12,14-18,21-23",,True,active,0,0,0,0,0.0,,1,-2.343554,41,10,9,0.555556,1.848254,11.768097,0.0,0
2026-05-30T23:49:14.234915+00:00,inj_tia_plus_candidates,forward_optimized_long_ms_inj_tia_plus_candidates,persist,"INJUSDT,TIAUSDT,JUPUSDT,BOMEUSDT","0-12,14-18,21-23",,True,active,1,0,0,0,0.0,,2,-5.447636,1602,6,4,0.75,3.983276,14.815925,0.0,0
2026-05-30T23:49:14.581088+00:00,inj_tia_fast_time_stop,forward_optimized_long_ms_inj_tia_fast_ts300,persist,"INJUSDT,TIAUSDT","0-12,14-18,21-23",300,True,active,1,0,0,0,0.0,,1,-1.382898,42,7,6,0.333333,0.442453,-6.09261,0.0,0
2026-05-30T23:49:14.921416+00:00,inj_fast_tia_standard,forward_optimized_long_ms_inj_fast_tia_standard,persist,"INJUSDT,TIAUSDT","0-12,14-18,21-23","{'INJUSDT': 300, 'TIAUSDT': 600}",True,active,1,0,0,0,0.0,,2,-3.726452,3,9,7,0.571429,0.993058,-0.055584,0.0,0
2026-05-30T23:49:14.964009+00:00,inj_fast_time_stop,forward_optimized_long_ms_inj_fast_ts300,persist,INJUSDT,"0-12,14-18,21-23",300,True,active,1,0,0,0,0.0,,1,-1.382898,3,8,7,0.571429,2.115314,4.1925,0.0,0
2026-05-30T23:49:14.996286+00:00,tia_fast_time_stop,forward_optimized_long_ms_tia_fast_ts300,persist,TIAUSDT,"0-12,14-18,21-23",300,True,active,0,0,0,0,0.0,,0,0,39,2,2,0.0,0.0,-6.6894,0.0,0
2026-05-30T23:49:15.039484+00:00,inj_only,forward_optimized_long_ms_inj_only,persist,INJUSDT,"0-12,14-18,21-23",,True,active,1,0,0,0,0.0,,1,-3.104082,3,5,4,0.75,6.478493,18.056416,0.0,0
2026-05-30T23:49:15.070441+00:00,tia_only,forward_optimized_long_ms_tia_only,persist,TIAUSDT,"0-12,14-18,21-23",,True,active,0,0,0,0,0.0,,1,-2.343554,0,3,2,0.5,1.154379,0.766695,0.0,0
2026-05-30T23:49:15.120917+00:00,near_only_observation,forward_optimized_long_ms_near_only_observation,persist,NEARUSDT,"0-12,14-18,21-23",,True,active,1,0,0,0,0.0,,1,-1.024482,38,5,4,0.25,0.094557,-11.174017,0.0,0
2026-05-30T23:49:15.917669+00:00,utc_01_cluster,forward_optimized_long_ms_utc01,persist,"INJUSDT,NEARUSDT,TIAUSDT",1,,True,active,0,0,0,0,0.0,,0,0,2178,1,1,0.0,0.0,-4.966327,0.0,0
2026-05-30T23:54:18.055620+00:00,baseline,forward_optimized_long_ms_baseline,persist,"INJUSDT,NEARUSDT,TIAUSDT",,,True,active,1,0,0,0,0.0,,3,-5.831817,30,10,7,0.428571,0.754514,-3.804979,0.0,0
2026-05-30T23:54:18.705281+00:00,regime_filtered,forward_optimized_long_ms_regime_filtered,persist,"INJUSDT,NEARUSDT,TIAUSDT","0-12,14-18,21-23",,True,active,1,0,0,0,0.0,,3,-5.831817,30,10,7,0.428571,0.571271,-8.776759,0.0,0
2026-05-30T23:54:19.067952+00:00,inj_tia_regime_filtered,forward_optimized_long_ms_inj_tia_regime,persist,"INJUSDT,TIAUSDT","0-12,14-18,21-23",,True,active,0,0,0,0,0.0,,1,-2.343554,41,10,9,0.555556,1.848254,11.768097,0.0,0
2026-05-30T23:54:21.068742+00:00,inj_tia_plus_candidates,forward_optimized_long_ms_inj_tia_plus_candidates,persist,"INJUSDT,TIAUSDT,JUPUSDT,BOMEUSDT","0-12,14-18,21-23",,True,active,0,0,0,0,0.0,,2,-5.447636,1599,6,4,0.75,3.983276,14.815925,0.0,0
2026-05-30T23:54:21.405863+00:00,inj_tia_fast_time_stop,forward_optimized_long_ms_inj_tia_fast_ts300,persist,"INJUSDT,TIAUSDT","0-12,14-18,21-23",300,True,active,0,0,0,0,0.0,,1,-1.382898,39,7,6,0.333333,0.442453,-6.09261,0.0,0
2026-05-30T23:54:21.746393+00:00,inj_fast_tia_standard,forward_optimized_long_ms_inj_fast_tia_standard,persist,"INJUSDT,TIAUSDT","0-12,14-18,21-23","{'INJUSDT': 300, 'TIAUSDT': 600}",True,active,0,0,0,0,0.0,,2,-3.726452,0,9,7,0.571429,0.993058,-0.055584,0.0,0
2026-05-30T23:54:21.788634+00:00,inj_fast_time_stop,forward_optimized_long_ms_inj_fast_ts300,persist,INJUSDT,"0-12,14-18,21-23",300,True,active,0,0,0,0,0.0,,1,-1.382898,0,8,7,0.571429,2.115314,4.1925,0.0,0
2026-05-30T23:54:21.819734+00:00,tia_fast_time_stop,forward_optimized_long_ms_tia_fast_ts300,persist,TIAUSDT,"0-12,14-18,21-23",300,True,active,0,0,0,0,0.0,,0,0,39,2,2,0.0,0.0,-6.6894,0.0,0
2026-05-30T23:54:21.865739+00:00,inj_only,forward_optimized_long_ms_inj_only,persist,INJUSDT,"0-12,14-18,21-23",,True,active,0,0,0,0,0.0,,1,-3.104082,0,5,4,0.75,6.478493,18.056416,0.0,0
2026-05-30T23:54:21.911553+00:00,tia_only,forward_optimized_long_ms_tia_only,persist,TIAUSDT,"0-12,14-18,21-23",,True,active,0,0,0,0,0.0,,1,-2.343554,0,3,2,0.5,1.154379,0.766695,0.0,0
2026-05-30T23:54:21.969560+00:00,near_only_observation,forward_optimized_long_ms_near_only_observation,persist,NEARUSDT,"0-12,14-18,21-23",,True,active,1,0,0,0,0.0,,1,-0.384181,30,5,4,0.25,0.094557,-11.174017,0.0,0
2026-05-30T23:54:22.688752+00:00,utc_01_cluster,forward_optimized_long_ms_utc01,persist,"INJUSDT,NEARUSDT,TIAUSDT",1,,True,active,0,0,0,0,0.0,,0,0,2178,1,1,0.0,0.0,-4.966327,0.0,0
2026-05-30T23:59:24.192270+00:00,baseline,forward_optimized_long_ms_baseline,persist,"INJUSDT,NEARUSDT,TIAUSDT",,,True,active,2,0,0,0,0.0,,3,-5.420291,13,10,7,0.428571,0.754514,-3.804979,0.0,0
2026-05-30T23:59:24.822907+00:00,regime_filtered,forward_optimized_long_ms_regime_filtered,persist,"INJUSDT,NEARUSDT,TIAUSDT","0-12,14-18,21-23",,True,active,2,0,0,0,0.0,,3,-5.420291,13,10,7,0.428571,0.571271,-8.776759,0.0,0
2026-05-30T23:59:25.158333+00:00,inj_tia_regime_filtered,forward_optimized_long_ms_inj_tia_regime,persist,"INJUSDT,TIAUSDT","0-12,14-18,21-23",,True,active,0,0,0,0,0.0,,1,-2.343554,42,10,9,0.555556,1.848254,11.768097,0.0,0
2026-05-30T23:59:27.027236+00:00,inj_tia_plus_candidates,forward_optimized_long_ms_inj_tia_plus_candidates,persist,"INJUSDT,TIAUSDT,JUPUSDT,BOMEUSDT","0-12,14-18,21-23",,True,active,1,0,0,0,0.0,,2,-5.03611,1600,6,4,0.75,3.983276,14.815925,0.0,0
2026-05-30T23:59:27.353904+00:00,inj_tia_fast_time_stop,forward_optimized_long_ms_inj_tia_fast_ts300,persist,"INJUSDT,TIAUSDT","0-12,14-18,21-23",300,True,active,1,0,0,0,0.0,,1,-0.962016,40,7,6,0.333333,0.442453,-6.09261,0.0,0
2026-05-30T23:59:27.681949+00:00,inj_fast_tia_standard,forward_optimized_long_ms_inj_fast_tia_standard,persist,"INJUSDT,TIAUSDT","0-12,14-18,21-23","{'INJUSDT': 300, 'TIAUSDT': 600}",True,active,1,0,0,0,0.0,,2,-3.30557,1,9,7,0.571429,0.993058,-0.055584,0.0,0
2026-05-30T23:59:27.707420+00:00,inj_fast_time_stop,forward_optimized_long_ms_inj_fast_ts300,persist,INJUSDT,"0-12,14-18,21-23",300,True,active,1,0,0,0,0.0,,1,-0.962016,1,8,7,0.571429,2.115314,4.1925,0.0,0
2026-05-30T23:59:27.730055+00:00,tia_fast_time_stop,forward_optimized_long_ms_tia_fast_ts300,persist,TIAUSDT,"0-12,14-18,21-23",300,True,active,0,0,0,0,0.0,,0,0,39,2,2,0.0,0.0,-6.6894,0.0,0
2026-05-30T23:59:27.756963+00:00,inj_only,forward_optimized_long_ms_inj_only,persist,INJUSDT,"0-12,14-18,21-23",,True,active,1,0,0,0,0.0,,1,-2.692556,1,5,4,0.75,6.478493,18.056416,0.0,0
2026-05-30T23:59:27.783369+00:00,tia_only,forward_optimized_long_ms_tia_only,persist,TIAUSDT,"0-12,14-18,21-23",,True,active,0,0,0,0,0.0,,1,-2.343554,0,3,2,0.5,1.154379,0.766695,0.0,0
2026-05-30T23:59:27.815283+00:00,near_only_observation,forward_optimized_long_ms_near_only_observation,persist,NEARUSDT,"0-12,14-18,21-23",,True,active,1,0,0,0,0.0,,1,-0.384181,12,5,4,0.25,0.094557,-11.174017,0.0,0
2026-05-30T23:59:28.485527+00:00,utc_01_cluster,forward_optimized_long_ms_utc01,persist,"INJUSDT,NEARUSDT,TIAUSDT",1,,True,active,0,0,0,0,0.0,,0,0,2178,1,1,0.0,0.0,-4.966327,0.0,0
2026-05-31T00:04:30.407087+00:00,baseline,forward_optimized_long_ms_baseline,persist,"INJUSDT,NEARUSDT,TIAUSDT",,,True,active,3,0,0,0,0.0,,3,-5.098826,9,10,7,0.428571,0.754514,-3.804979,0.0,0
2026-05-31T00:04:31.058966+00:00,regime_filtered,forward_optimized_long_ms_regime_filtered,persist,"INJUSDT,NEARUSDT,TIAUSDT","0-12,14-18,21-23",,True,active,3,0,0,0,0.0,,3,-5.098826,9,10,7,0.428571,0.571271,-8.776759,0.0,0
2026-05-31T00:04:31.422579+00:00,inj_tia_regime_filtered,forward_optimized_long_ms_inj_tia_regime,persist,"INJUSDT,TIAUSDT","0-12,14-18,21-23",,True,active,1,0,0,0,0.0,,1,-1.536757,44,10,9,0.555556,1.848254,11.768097,0.0,0
2026-05-31T00:04:32.990946+00:00,inj_tia_plus_candidates,forward_optimized_long_ms_inj_tia_plus_candidates,persist,"INJUSDT,TIAUSDT,JUPUSDT,BOMEUSDT","0-12,14-18,21-23",,True,active,2,0,0,0,0.0,,2,-4.74666,1601,6,4,0.75,3.983276,14.815925,0.0,0
2026-05-31T00:04:33.335028+00:00,inj_tia_fast_time_stop,forward_optimized_long_ms_inj_tia_fast_ts300,persist,"INJUSDT,TIAUSDT","0-12,14-18,21-23",300,True,active,1,0,0,0,0.0,,1,-1.491125,41,7,6,0.333333,0.442453,-6.09261,0.0,0
2026-05-31T00:04:33.693719+00:00,inj_fast_tia_standard,forward_optimized_long_ms_inj_fast_tia_standard,persist,"INJUSDT,TIAUSDT","0-12,14-18,21-23","{'INJUSDT': 300, 'TIAUSDT': 600}",True,active,2,0,0,0,0.0,,2,-3.027882,2,9,7,0.571429,0.993058,-0.055584,0.0,0
2026-05-31T00:04:33.740623+00:00,inj_fast_time_stop,forward_optimized_long_ms_inj_fast_ts300,persist,INJUSDT,"0-12,14-18,21-23",300,True,active,1,0,0,0,0.0,,1,-1.491125,1,8,7,0.571429,2.115314,4.1925,0.0,0
2026-05-31T00:04:33.779004+00:00,tia_fast_time_stop,forward_optimized_long_ms_tia_fast_ts300,persist,TIAUSDT,"0-12,14-18,21-23",300,True,active,0,0,0,0,0.0,,0,0,40,2,2,0.0,0.0,-6.6894,0.0,0
2026-05-31T00:04:33.829699+00:00,inj_only,forward_optimized_long_ms_inj_only,persist,INJUSDT,"0-12,14-18,21-23",,True,active,1,0,0,0,0.0,,1,-3.209903,1,5,4,0.75,6.478493,18.056416,0.0,0
2026-05-31T00:04:33.879864+00:00,tia_only,forward_optimized_long_ms_tia_only,persist,TIAUSDT,"0-12,14-18,21-23",,True,active,1,0,0,0,0.0,,1,-1.536757,1,3,2,0.5,1.154379,0.766695,0.0,0
2026-05-31T00:04:33.941625+00:00,near_only_observation,forward_optimized_long_ms_near_only_observation,persist,NEARUSDT,"0-12,14-18,21-23",,True,active,1,0,0,0,0.0,,1,-0.352166,7,5,4,0.25,0.094557,-11.174017,0.0,0
2026-05-31T00:04:34.772857+00:00,utc_01_cluster,forward_optimized_long_ms_utc01,persist,"INJUSDT,NEARUSDT,TIAUSDT",1,,True,active,0,0,0,0,0.0,,0,0,2179,1,1,0.0,0.0,-4.966327,0.0,0
2026-05-31T00:09:36.706533+00:00,baseline,forward_optimized_long_ms_baseline,persist,"INJUSDT,NEARUSDT,TIAUSDT",,,True,active,1,0,0,0,0.0,,3,-5.066811,8,10,7,0.428571,0.754514,-3.804979,0.0,0
2026-05-31T00:09:37.342004+00:00,regime_filtered,forward_optimized_long_ms_regime_filtered,persist,"INJUSDT,NEARUSDT,TIAUSDT","0-12,14-18,21-23",,True,active,1,0,0,0,0.0,,3,-5.066811,8,10,7,0.428571,0.571271,-8.776759,0.0,0
2026-05-31T00:09:37.692824+00:00,inj_tia_regime_filtered,forward_optimized_long_ms_inj_tia_regime,persist,"INJUSDT,TIAUSDT","0-12,14-18,21-23",,True,active,0,0,0,0,0.0,,1,-1.536757,43,10,9,0.555556,1.848254,11.768097,0.0,0
2026-05-31T00:09:39.226855+00:00,inj_tia_plus_candidates,forward_optimized_long_ms_inj_tia_plus_candidates,persist,"INJUSDT,TIAUSDT,JUPUSDT,BOMEUSDT","0-12,14-18,21-23",,True,active,0,0,0,0,0.0,,2,-4.74666,1599,6,4,0.75,3.983276,14.815925,0.0,0
2026-05-31T00:09:39.553597+00:00,inj_tia_fast_time_stop,forward_optimized_long_ms_inj_tia_fast_ts300,persist,"INJUSDT,TIAUSDT","0-12,14-18,21-23",300,True,active,0,0,0,0,0.0,,1,-1.491125,40,7,6,0.333333,0.442453,-6.09261,0.0,0
2026-05-31T00:09:39.880021+00:00,inj_fast_tia_standard,forward_optimized_long_ms_inj_fast_tia_standard,persist,"INJUSDT,TIAUSDT","0-12,14-18,21-23","{'INJUSDT': 300, 'TIAUSDT': 600}",True,active,0,0,0,0,0.0,,2,-3.027882,0,9,7,0.571429,0.993058,-0.055584,0.0,0
2026-05-31T00:09:39.905285+00:00,inj_fast_time_stop,forward_optimized_long_ms_inj_fast_ts300,persist,INJUSDT,"0-12,14-18,21-23",300,True,active,0,0,0,0,0.0,,1,-1.491125,0,8,7,0.571429,2.115314,4.1925,0.0,0
2026-05-31T00:09:39.929952+00:00,tia_fast_time_stop,forward_optimized_long_ms_tia_fast_ts300,persist,TIAUSDT,"0-12,14-18,21-23",300,True,active,0,0,0,0,0.0,,0,0,40,2,2,0.0,0.0,-6.6894,0.0,0
2026-05-31T00:09:39.966723+00:00,inj_only,forward_optimized_long_ms_inj_only,persist,INJUSDT,"0-12,14-18,21-23",,True,active,0,0,0,0,0.0,,1,-3.209903,0,5,4,0.75,6.478493,18.056416,0.0,0
2026-05-31T00:09:39.993388+00:00,tia_only,forward_optimized_long_ms_tia_only,persist,TIAUSDT,"0-12,14-18,21-23",,True,active,0,0,0,0,0.0,,1,-1.536757,0,3,2,0.5,1.154379,0.766695,0.0,0
2026-05-31T00:09:40.032268+00:00,near_only_observation,forward_optimized_long_ms_near_only_observation,persist,NEARUSDT,"0-12,14-18,21-23",,True,active,1,0,0,0,0.0,,1,-0.320151,8,5,4,0.25,0.094557,-11.174017,0.0,0
2026-05-31T00:09:40.716210+00:00,utc_01_cluster,forward_optimized_long_ms_utc01,persist,"INJUSDT,NEARUSDT,TIAUSDT",1,,True,active,0,0,0,0,0.0,,0,0,2179,1,1,0.0,0.0,-4.966327,0.0,0
2026-05-31T00:14:42.512091+00:00,baseline,forward_optimized_long_ms_baseline,persist,"INJUSDT,NEARUSDT,TIAUSDT",,,True,active,2,0,0,0,0.0,,3,-4.399164,4,10,7,0.428571,0.754514,-3.804979,0.0,0
2026-05-31T00:14:43.142593+00:00,regime_filtered,forward_optimized_long_ms_regime_filtered,persist,"INJUSDT,NEARUSDT,TIAUSDT","0-12,14-18,21-23",,True,active,2,0,0,0,0.0,,3,-4.399164,4,10,7,0.428571,0.571271,-8.776759,0.0,0
2026-05-31T00:14:43.483421+00:00,inj_tia_regime_filtered,forward_optimized_long_ms_inj_tia_regime,persist,"INJUSDT,TIAUSDT","0-12,14-18,21-23",,True,active,1,0,0,0,0.0,,2,-1.536757,45,11,9,0.555556,1.848254,11.768097,0.0,0
2026-05-31T00:14:45.203984+00:00,inj_tia_plus_candidates,forward_optimized_long_ms_inj_tia_plus_candidates,persist,"INJUSDT,TIAUSDT,JUPUSDT,BOMEUSDT","0-12,14-18,21-23",,True,active,1,0,0,0,0.0,,2,-4.335134,1601,6,4,0.75,3.983276,14.815925,0.0,0
2026-05-31T00:14:45.531957+00:00,inj_tia_fast_time_stop,forward_optimized_long_ms_inj_tia_fast_ts300,persist,"INJUSDT,TIAUSDT","0-12,14-18,21-23",300,True,active,1,0,0,0,0.0,,1,-1.070243,42,7,6,0.333333,0.442453,-6.09261,0.0,0
2026-05-31T00:14:45.866880+00:00,inj_fast_tia_standard,forward_optimized_long_ms_inj_fast_tia_standard,persist,"INJUSDT,TIAUSDT","0-12,14-18,21-23","{'INJUSDT': 300, 'TIAUSDT': 600}",True,active,1,0,0,0,0.0,,2,-2.607,2,9,7,0.571429,0.993058,-0.055584,0.0,0
2026-05-31T00:14:45.897461+00:00,inj_fast_time_stop,forward_optimized_long_ms_inj_fast_ts300,persist,INJUSDT,"0-12,14-18,21-23",300,True,active,1,0,0,0,0.0,,1,-1.070243,2,8,7,0.571429,2.115314,4.1925,0.0,0
2026-05-31T00:14:45.924897+00:00,tia_fast_time_stop,forward_optimized_long_ms_tia_fast_ts300,persist,TIAUSDT,"0-12,14-18,21-23",300,True,active,0,0,0,0,0.0,,0,0,40,2,2,0.0,0.0,-6.6894,0.0,0
2026-05-31T00:14:45.960558+00:00,inj_only,forward_optimized_long_ms_inj_only,persist,INJUSDT,"0-12,14-18,21-23",,True,active,1,0,0,0,0.0,,1,-2.798377,2,5,4,0.75,6.478493,18.056416,0.0,0
2026-05-31T00:14:45.989788+00:00,tia_only,forward_optimized_long_ms_tia_only,persist,TIAUSDT,"0-12,14-18,21-23",,True,active,0,0,0,0,0.0,,1,-1.536757,0,3,2,0.5,1.154379,0.766695,0.0,0
2026-05-31T00:14:46.034819+00:00,near_only_observation,forward_optimized_long_ms_near_only_observation,persist,NEARUSDT,"0-12,14-18,21-23",,True,active,1,0,0,0,0.0,,1,-0.06403,2,5,4,0.25,0.094557,-11.174017,0.0,0
2026-05-31T00:14:46.742894+00:00,utc_01_cluster,forward_optimized_long_ms_utc01,persist,"INJUSDT,NEARUSDT,TIAUSDT",1,,True,active,0,0,0,0,0.0,,0,0,2179,1,1,0.0,0.0,-4.966327,0.0,0
2026-05-31T00:19:48.460953+00:00,baseline,forward_optimized_long_ms_baseline,persist,"INJUSDT,NEARUSDT,TIAUSDT",,,True,active,1,0,0,0,0.0,,3,-4.591254,9,10,7,0.428571,0.754514,-3.804979,0.0,0
2026-05-31T00:19:49.093103+00:00,regime_filtered,forward_optimized_long_ms_regime_filtered,persist,"INJUSDT,NEARUSDT,TIAUSDT","0-12,14-18,21-23",,True,active,1,0,0,0,0.0,,3,-4.591254,9,10,7,0.428571,0.571271,-8.776759,0.0,0
2026-05-31T00:19:49.428088+00:00,inj_tia_regime_filtered,forward_optimized_long_ms_inj_tia_regime,persist,"INJUSDT,TIAUSDT","0-12,14-18,21-23",,True,active,0,0,0,0,0.0,,2,-1.536757,0,11,9,0.555556,1.848254,11.768097,0.0,0
2026-05-31T00:19:51.159683+00:00,inj_tia_plus_candidates,forward_optimized_long_ms_inj_tia_plus_candidates,persist,"INJUSDT,TIAUSDT,JUPUSDT,BOMEUSDT","0-12,14-18,21-23",,True,active,0,0,0,0,0.0,,2,-4.335134,1599,6,4,0.75,3.983276,14.815925,0.0,0
2026-05-31T00:19:51.497754+00:00,inj_tia_fast_time_stop,forward_optimized_long_ms_inj_tia_fast_ts300,persist,"INJUSDT,TIAUSDT","0-12,14-18,21-23",300,True,active,0,0,0,0,0.0,,1,-1.070243,40,7,6,0.333333,0.442453,-6.09261,0.0,0
2026-05-31T00:19:51.830133+00:00,inj_fast_tia_standard,forward_optimized_long_ms_inj_fast_tia_standard,persist,"INJUSDT,TIAUSDT","0-12,14-18,21-23","{'INJUSDT': 300, 'TIAUSDT': 600}",True,active,0,0,0,0,0.0,,2,-2.607,0,9,7,0.571429,0.993058,-0.055584,0.0,0
2026-05-31T00:19:51.854536+00:00,inj_fast_time_stop,forward_optimized_long_ms_inj_fast_ts300,persist,INJUSDT,"0-12,14-18,21-23",300,True,active,0,0,0,0,0.0,,1,-1.070243,0,8,7,0.571429,2.115314,4.1925,0.0,0
2026-05-31T00:19:51.877314+00:00,tia_fast_time_stop,forward_optimized_long_ms_tia_fast_ts300,persist,TIAUSDT,"0-12,14-18,21-23",300,True,active,0,0,0,0,0.0,,0,0,40,2,2,0.0,0.0,-6.6894,0.0,0
2026-05-31T00:19:51.903365+00:00,inj_only,forward_optimized_long_ms_inj_only,persist,INJUSDT,"0-12,14-18,21-23",,True,active,0,0,0,0,0.0,,1,-2.798377,0,5,4,0.75,6.478493,18.056416,0.0,0
2026-05-31T00:19:51.928547+00:00,tia_only,forward_optimized_long_ms_tia_only,persist,TIAUSDT,"0-12,14-18,21-23",,True,active,0,0,0,0,0.0,,1,-1.536757,0,3,2,0.5,1.154379,0.766695,0.0,0
2026-05-31T00:19:51.961227+00:00,near_only_observation,forward_optimized_long_ms_near_only_observation,persist,NEARUSDT,"0-12,14-18,21-23",,True,active,1,0,0,0,0.0,,1,-0.25612,9,5,4,0.25,0.094557,-11.174017,0.0,0
2026-05-31T00:19:52.645846+00:00,utc_01_cluster,forward_optimized_long_ms_utc01,persist,"INJUSDT,NEARUSDT,TIAUSDT",1,,True,active,0,0,0,0,0.0,,0,0,2179,1,1,0.0,0.0,-4.966327,0.0,0
2026-05-31T00:24:54.164216+00:00,baseline,forward_optimized_long_ms_baseline,persist,"INJUSDT,NEARUSDT,TIAUSDT",,,True,active,2,0,0,0,0.0,,3,-5.000228,23,10,7,0.428571,0.754514,-3.804979,0.0,0
2026-05-31T00:24:54.801024+00:00,regime_filtered,forward_optimized_long_ms_regime_filtered,persist,"INJUSDT,NEARUSDT,TIAUSDT","0-12,14-18,21-23",,True,active,2,0,0,0,0.0,,3,-5.000228,23,10,7,0.428571,0.571271,-8.776759,0.0,0
2026-05-31T00:24:55.152601+00:00,inj_tia_regime_filtered,forward_optimized_long_ms_inj_tia_regime,persist,"INJUSDT,TIAUSDT","0-12,14-18,21-23",,True,active,1,0,0,0,0.0,,2,-1.695279,3,11,9,0.555556,1.848254,11.768097,0.0,0
2026-05-31T00:24:56.735317+00:00,inj_tia_plus_candidates,forward_optimized_long_ms_inj_tia_plus_candidates,persist,"INJUSDT,TIAUSDT,JUPUSDT,BOMEUSDT","0-12,14-18,21-23",,True,active,1,0,0,0,0.0,,2,-4.487987,1602,6,4,0.75,3.983276,14.815925,0.0,0
2026-05-31T00:24:57.081546+00:00,inj_tia_fast_time_stop,forward_optimized_long_ms_inj_tia_fast_ts300,persist,"INJUSDT,TIAUSDT","0-12,14-18,21-23",300,True,active,1,0,0,0,0.0,,1,-1.226571,43,7,6,0.333333,0.442453,-6.09261,0.0,0
2026-05-31T00:24:57.427704+00:00,inj_fast_tia_standard,forward_optimized_long_ms_inj_fast_tia_standard,persist,"INJUSDT,TIAUSDT","0-12,14-18,21-23","{'INJUSDT': 300, 'TIAUSDT': 600}",True,active,1,0,0,0,0.0,,2,-2.763328,3,9,7,0.571429,0.993058,-0.055584,0.0,0
2026-05-31T00:24:57.472688+00:00,inj_fast_time_stop,forward_optimized_long_ms_inj_fast_ts300,persist,INJUSDT,"0-12,14-18,21-23",300,True,active,1,0,0,0,0.0,,1,-1.226571,3,8,7,0.571429,2.115314,4.1925,0.0,0
2026-05-31T00:24:57.515190+00:00,tia_fast_time_stop,forward_optimized_long_ms_tia_fast_ts300,persist,TIAUSDT,"0-12,14-18,21-23",300,True,active,0,0,0,0,0.0,,0,0,40,2,2,0.0,0.0,-6.6894,0.0,0
2026-05-31T00:24:57.551203+00:00,inj_only,forward_optimized_long_ms_inj_only,persist,INJUSDT,"0-12,14-18,21-23",,True,active,1,0,0,0,0.0,,1,-2.95123,3,5,4,0.75,6.478493,18.056416,0.0,0
2026-05-31T00:24:57.588847+00:00,tia_only,forward_optimized_long_ms_tia_only,persist,TIAUSDT,"0-12,14-18,21-23",,True,active,0,0,0,0,0.0,,1,-1.536757,0,3,2,0.5,1.154379,0.766695,0.0,0
2026-05-31T00:24:57.628636+00:00,near_only_observation,forward_optimized_long_ms_near_only_observation,persist,NEARUSDT,"0-12,14-18,21-23",,True,active,1,0,0,0,0.0,,1,-0.512241,20,5,4,0.25,0.094557,-11.174017,0.0,0
2026-05-31T00:24:58.430840+00:00,utc_01_cluster,forward_optimized_long_ms_utc01,persist,"INJUSDT,NEARUSDT,TIAUSDT",1,,True,active,0,0,0,0,0.0,,0,0,2179,1,1,0.0,0.0,-4.966327,0.0,0
2026-05-31T00:30:00.898926+00:00,baseline,forward_optimized_long_ms_baseline,persist,"INJUSDT,NEARUSDT,TIAUSDT",,,True,active,2,0,0,0,0.0,,3,-5.141322,7,10,7,0.428571,0.754514,-3.804979,0.0,0
2026-05-31T00:30:01.532165+00:00,regime_filtered,forward_optimized_long_ms_regime_filtered,persist,"INJUSDT,NEARUSDT,TIAUSDT","0-12,14-18,21-23",,True,active,2,0,0,0,0.0,,3,-5.141322,7,10,7,0.428571,0.571271,-8.776759,0.0,0
2026-05-31T00:30:01.868142+00:00,inj_tia_regime_filtered,forward_optimized_long_ms_inj_tia_regime,persist,"INJUSDT,TIAUSDT","0-12,14-18,21-23",,True,active,1,0,0,0,0.0,,2,-1.841607,2,11,9,0.555556,1.848254,11.768097,0.0,0
2026-05-31T00:30:03.827907+00:00,inj_tia_plus_candidates,forward_optimized_long_ms_inj_tia_plus_candidates,persist,"INJUSDT,TIAUSDT,JUPUSDT,BOMEUSDT","0-12,14-18,21-23",,True,active,1,0,0,0,0.0,,2,-4.629081,1601,6,4,0.75,3.983276,14.815925,0.0,0
2026-05-31T00:30:04.167644+00:00,inj_tia_fast_time_stop,forward_optimized_long_ms_inj_tia_fast_ts300,persist,"INJUSDT,TIAUSDT","0-12,14-18,21-23",300,True,active,1,0,0,0,0.0,,1,-1.370873,42,7,6,0.333333,0.442453,-6.09261,0.0,0
2026-05-31T00:30:04.509437+00:00,inj_fast_tia_standard,forward_optimized_long_ms_inj_fast_tia_standard,persist,"INJUSDT,TIAUSDT","0-12,14-18,21-23","{'INJUSDT': 300, 'TIAUSDT': 600}",True,active,1,0,0,0,0.0,,2,-2.90763,2,9,7,0.571429,0.993058,-0.055584,0.0,0
2026-05-31T00:30:04.541341+00:00,inj_fast_time_stop,forward_optimized_long_ms_inj_fast_ts300,persist,INJUSDT,"0-12,14-18,21-23",300,True,active,1,0,0,0,0.0,,1,-1.370873,2,8,7,0.571429,2.115314,4.1925,0.0,0
2026-05-31T00:30:04.570257+00:00,tia_fast_time_stop,forward_optimized_long_ms_tia_fast_ts300,persist,TIAUSDT,"0-12,14-18,21-23",300,True,active,0,0,0,0,0.0,,0,0,40,2,2,0.0,0.0,-6.6894,0.0,0
2026-05-31T00:30:04.605035+00:00,inj_only,forward_optimized_long_ms_inj_only,persist,INJUSDT,"0-12,14-18,21-23",,True,active,1,0,0,0,0.0,,1,-3.092324,2,5,4,0.75,6.478493,18.056416,0.0,0
2026-05-31T00:30:04.636713+00:00,tia_only,forward_optimized_long_ms_tia_only,persist,TIAUSDT,"0-12,14-18,21-23",,True,active,0,0,0,0,0.0,,1,-1.536757,0,3,2,0.5,1.154379,0.766695,0.0,0
2026-05-31T00:30:04.673560+00:00,near_only_observation,forward_optimized_long_ms_near_only_observation,persist,NEARUSDT,"0-12,14-18,21-23",,True,active,1,0,0,0,0.0,,1,-0.512241,5,5,4,0.25,0.094557,-11.174017,0.0,0
2026-05-31T00:30:05.346423+00:00,utc_01_cluster,forward_optimized_long_ms_utc01,persist,"INJUSDT,NEARUSDT,TIAUSDT",1,,True,active,0,0,0,0,0.0,,0,0,2179,1,1,0.0,0.0,-4.966327,0.0,0
2026-05-31T00:35:08.094510+00:00,baseline,forward_optimized_long_ms_baseline,persist,"INJUSDT,NEARUSDT,TIAUSDT",,,True,active,1,0,0,0,0.0,,3,-4.981247,12,10,7,0.428571,0.754514,-3.804979,0.0,0
2026-05-31T00:35:08.734729+00:00,regime_filtered,forward_optimized_long_ms_regime_filtered,persist,"INJUSDT,NEARUSDT,TIAUSDT","0-12,14-18,21-23",,True,active,1,0,0,0,0.0,,3,-4.981247,12,10,7,0.428571,0.571271,-8.776759,0.0,0
2026-05-31T00:35:09.084441+00:00,inj_tia_regime_filtered,forward_optimized_long_ms_inj_tia_regime,persist,"INJUSDT,TIAUSDT","0-12,14-18,21-23",,True,active,0,0,0,0,0.0,,2,-1.841607,0,11,9,0.555556,1.848254,11.768097,0.0,0
2026-05-31T00:35:11.056436+00:00,inj_tia_plus_candidates,forward_optimized_long_ms_inj_tia_plus_candidates,persist,"INJUSDT,TIAUSDT,JUPUSDT,BOMEUSDT","0-12,14-18,21-23",,True,active,0,0,0,0,0.0,,2,-4.629081,1599,6,4,0.75,3.983276,14.815925,0.0,0
2026-05-31T00:35:11.395422+00:00,inj_tia_fast_time_stop,forward_optimized_long_ms_inj_tia_fast_ts300,persist,"INJUSDT,TIAUSDT","0-12,14-18,21-23",300,True,active,0,0,0,0,0.0,,1,-1.370873,40,7,6,0.333333,0.442453,-6.09261,0.0,0
2026-05-31T00:35:11.739039+00:00,inj_fast_tia_standard,forward_optimized_long_ms_inj_fast_tia_standard,persist,"INJUSDT,TIAUSDT","0-12,14-18,21-23","{'INJUSDT': 300, 'TIAUSDT': 600}",True,active,0,0,0,0,0.0,,2,-2.90763,0,9,7,0.571429,0.993058,-0.055584,0.0,0
2026-05-31T00:35:11.769237+00:00,inj_fast_time_stop,forward_optimized_long_ms_inj_fast_ts300,persist,INJUSDT,"0-12,14-18,21-23",300,True,active,0,0,0,0,0.0,,1,-1.370873,0,8,7,0.571429,2.115314,4.1925,0.0,0
2026-05-31T00:35:11.802109+00:00,tia_fast_time_stop,forward_optimized_long_ms_tia_fast_ts300,persist,TIAUSDT,"0-12,14-18,21-23",300,True,active,0,0,0,0,0.0,,0,0,40,2,2,0.0,0.0,-6.6894,0.0,0
2026-05-31T00:35:11.847396+00:00,inj_only,forward_optimized_long_ms_inj_only,persist,INJUSDT,"0-12,14-18,21-23",,True,active,0,0,0,0,0.0,,1,-3.092324,0,5,4,0.75,6.478493,18.056416,0.0,0
2026-05-31T00:35:11.887781+00:00,tia_only,forward_optimized_long_ms_tia_only,persist,TIAUSDT,"0-12,14-18,21-23",,True,active,0,0,0,0,0.0,,1,-1.536757,0,3,2,0.5,1.154379,0.766695,0.0,0
2026-05-31T00:35:11.936786+00:00,near_only_observation,forward_optimized_long_ms_near_only_observation,persist,NEARUSDT,"0-12,14-18,21-23",,True,active,1,0,0,0,0.0,,1,-0.352166,12,5,4,0.25,0.094557,-11.174017,0.0,0
2026-05-31T00:35:12.651776+00:00,utc_01_cluster,forward_optimized_long_ms_utc01,persist,"INJUSDT,NEARUSDT,TIAUSDT",1,,True,active,0,0,0,0,0.0,,0,0,2179,1,1,0.0,0.0,-4.966327,0.0,0
2026-05-31T00:40:14.539023+00:00,baseline,forward_optimized_long_ms_baseline,persist,"INJUSDT,NEARUSDT,TIAUSDT",,,True,active,1,0,0,0,0.0,,3,-5.077292,20,10,7,0.428571,0.754514,-3.804979,0.0,0
2026-05-31T00:40:15.184940+00:00,regime_filtered,forward_optimized_long_ms_regime_filtered,persist,"INJUSDT,NEARUSDT,TIAUSDT","0-12,14-18,21-23",,True,active,1,0,0,0,0.0,,3,-5.077292,20,10,7,0.428571,0.571271,-8.776759,0.0,0
2026-05-31T00:40:15.543217+00:00,inj_tia_regime_filtered,forward_optimized_long_ms_inj_tia_regime,persist,"INJUSDT,TIAUSDT","0-12,14-18,21-23",,True,active,0,0,0,0,0.0,,2,-1.841607,0,11,9,0.555556,1.848254,11.768097,0.0,0
2026-05-31T00:40:17.567514+00:00,inj_tia_plus_candidates,forward_optimized_long_ms_inj_tia_plus_candidates,persist,"INJUSDT,TIAUSDT,JUPUSDT,BOMEUSDT","0-12,14-18,21-23",,True,active,0,0,0,0,0.0,,2,-4.629081,1599,6,4,0.75,3.983276,14.815925,0.0,0
2026-05-31T00:40:17.912162+00:00,inj_tia_fast_time_stop,forward_optimized_long_ms_inj_tia_fast_ts300,persist,"INJUSDT,TIAUSDT","0-12,14-18,21-23",300,True,active,0,0,0,0,0.0,,1,-1.370873,40,7,6,0.333333,0.442453,-6.09261,0.0,0
2026-05-31T00:40:18.257195+00:00,inj_fast_tia_standard,forward_optimized_long_ms_inj_fast_tia_standard,persist,"INJUSDT,TIAUSDT","0-12,14-18,21-23","{'INJUSDT': 300, 'TIAUSDT': 600}",True,active,0,0,0,0,0.0,,2,-2.90763,0,9,7,0.571429,0.993058,-0.055584,0.0,0
2026-05-31T00:40:18.301311+00:00,inj_fast_time_stop,forward_optimized_long_ms_inj_fast_ts300,persist,INJUSDT,"0-12,14-18,21-23",300,True,active,0,0,0,0,0.0,,1,-1.370873,0,8,7,0.571429,2.115314,4.1925,0.0,0
2026-05-31T00:40:18.341795+00:00,tia_fast_time_stop,forward_optimized_long_ms_tia_fast_ts300,persist,TIAUSDT,"0-12,14-18,21-23",300,True,active,0,0,0,0,0.0,,0,0,40,2,2,0.0,0.0,-6.6894,0.0,0
2026-05-31T00:40:18.380126+00:00,inj_only,forward_optimized_long_ms_inj_only,persist,INJUSDT,"0-12,14-18,21-23",,True,active,0,0,0,0,0.0,,1,-3.092324,0,5,4,0.75,6.478493,18.056416,0.0,0
2026-05-31T00:40:18.422846+00:00,tia_only,forward_optimized_long_ms_tia_only,persist,TIAUSDT,"0-12,14-18,21-23",,True,active,0,0,0,0,0.0,,1,-1.536757,0,3,2,0.5,1.154379,0.766695,0.0,0
2026-05-31T00:40:18.480974+00:00,near_only_observation,forward_optimized_long_ms_near_only_observation,persist,NEARUSDT,"0-12,14-18,21-23",,True,active,1,0,0,0,0.0,,1,-0.448211,20,5,4,0.25,0.094557,-11.174017,0.0,0
2026-05-31T00:40:19.248568+00:00,utc_01_cluster,forward_optimized_long_ms_utc01,persist,"INJUSDT,NEARUSDT,TIAUSDT",1,,True,active,0,0,0,0,0.0,,0,0,2179,1,1,0.0,0.0,-4.966327,0.0,0
2026-05-31T00:45:21.171661+00:00,baseline,forward_optimized_long_ms_baseline,persist,"INJUSDT,NEARUSDT,TIAUSDT",,,True,active,1,0,0,0,0.0,,3,-5.045277,7,10,7,0.428571,0.754514,-3.804979,0.0,0
2026-05-31T00:45:21.804181+00:00,regime_filtered,forward_optimized_long_ms_regime_filtered,persist,"INJUSDT,NEARUSDT,TIAUSDT","0-12,14-18,21-23",,True,active,1,0,0,0,0.0,,3,-5.045277,7,10,7,0.428571,0.571271,-8.776759,0.0,0
2026-05-31T00:45:22.142517+00:00,inj_tia_regime_filtered,forward_optimized_long_ms_inj_tia_regime,persist,"INJUSDT,TIAUSDT","0-12,14-18,21-23",,True,active,0,0,0,0,0.0,,2,-1.841607,0,11,9,0.555556,1.848254,11.768097,0.0,0
2026-05-31T00:45:23.683458+00:00,inj_tia_plus_candidates,forward_optimized_long_ms_inj_tia_plus_candidates,persist,"INJUSDT,TIAUSDT,JUPUSDT,BOMEUSDT","0-12,14-18,21-23",,True,active,0,0,0,0,0.0,,2,-4.629081,1599,6,4,0.75,3.983276,14.815925,0.0,0
2026-05-31T00:45:24.013036+00:00,inj_tia_fast_time_stop,forward_optimized_long_ms_inj_tia_fast_ts300,persist,"INJUSDT,TIAUSDT","0-12,14-18,21-23",300,True,active,0,0,0,0,0.0,,1,-1.370873,40,7,6,0.333333,0.442453,-6.09261,0.0,0
2026-05-31T00:45:24.344373+00:00,inj_fast_tia_standard,forward_optimized_long_ms_inj_fast_tia_standard,persist,"INJUSDT,TIAUSDT","0-12,14-18,21-23","{'INJUSDT': 300, 'TIAUSDT': 600}",True,active,0,0,0,0,0.0,,2,-2.90763,0,9,7,0.571429,0.993058,-0.055584,0.0,0
2026-05-31T00:45:24.374504+00:00,inj_fast_time_stop,forward_optimized_long_ms_inj_fast_ts300,persist,INJUSDT,"0-12,14-18,21-23",300,True,active,0,0,0,0,0.0,,1,-1.370873,0,8,7,0.571429,2.115314,4.1925,0.0,0
2026-05-31T00:45:24.403424+00:00,tia_fast_time_stop,forward_optimized_long_ms_tia_fast_ts300,persist,TIAUSDT,"0-12,14-18,21-23",300,True,active,0,0,0,0,0.0,,0,0,40,2,2,0.0,0.0,-6.6894,0.0,0
2026-05-31T00:45:24.433429+00:00,inj_only,forward_optimized_long_ms_inj_only,persist,INJUSDT,"0-12,14-18,21-23",,True,active,0,0,0,0,0.0,,1,-3.092324,0,5,4,0.75,6.478493,18.056416,0.0,0
2026-05-31T00:45:24.459247+00:00,tia_only,forward_optimized_long_ms_tia_only,persist,TIAUSDT,"0-12,14-18,21-23",,True,active,0,0,0,0,0.0,,1,-1.536757,0,3,2,0.5,1.154379,0.766695,0.0,0
2026-05-31T00:45:24.494537+00:00,near_only_observation,forward_optimized_long_ms_near_only_observation,persist,NEARUSDT,"0-12,14-18,21-23",,True,active,1,0,0,0,0.0,,1,-0.416196,7,5,4,0.25,0.094557,-11.174017,0.0,0
2026-05-31T00:45:25.182038+00:00,utc_01_cluster,forward_optimized_long_ms_utc01,persist,"INJUSDT,NEARUSDT,TIAUSDT",1,,True,active,0,0,0,0,0.0,,0,0,2179,1,1,0.0,0.0,-4.966327,0.0,0
2026-05-31T00:50:27.333002+00:00,baseline,forward_optimized_long_ms_baseline,persist,"INJUSDT,NEARUSDT,TIAUSDT",,,True,active,1,0,0,0,0.0,,3,-5.013262,3,10,7,0.428571,0.754514,-3.804979,0.0,0
2026-05-31T00:50:27.971873+00:00,regime_filtered,forward_optimized_long_ms_regime_filtered,persist,"INJUSDT,NEARUSDT,TIAUSDT","0-12,14-18,21-23",,True,active,1,0,0,0,0.0,,3,-5.013262,3,10,7,0.428571,0.571271,-8.776759,0.0,0
2026-05-31T00:50:28.316020+00:00,inj_tia_regime_filtered,forward_optimized_long_ms_inj_tia_regime,persist,"INJUSDT,TIAUSDT","0-12,14-18,21-23",,True,active,0,0,0,0,0.0,,2,-1.841607,0,11,9,0.555556,1.848254,11.768097,0.0,0
2026-05-31T00:50:30.092768+00:00,inj_tia_plus_candidates,forward_optimized_long_ms_inj_tia_plus_candidates,persist,"INJUSDT,TIAUSDT,JUPUSDT,BOMEUSDT","0-12,14-18,21-23",,True,active,0,0,0,0,0.0,,2,-4.629081,1599,6,4,0.75,3.983276,14.815925,0.0,0
2026-05-31T00:50:30.436263+00:00,inj_tia_fast_time_stop,forward_optimized_long_ms_inj_tia_fast_ts300,persist,"INJUSDT,TIAUSDT","0-12,14-18,21-23",300,True,active,0,0,0,0,0.0,,1,-1.370873,40,7,6,0.333333,0.442453,-6.09261,0.0,0
2026-05-31T00:50:30.771985+00:00,inj_fast_tia_standard,forward_optimized_long_ms_inj_fast_tia_standard,persist,"INJUSDT,TIAUSDT","0-12,14-18,21-23","{'INJUSDT': 300, 'TIAUSDT': 600}",True,active,0,0,0,0,0.0,,2,-2.90763,0,9,7,0.571429,0.993058,-0.055584,0.0,0
2026-05-31T00:50:30.806640+00:00,inj_fast_time_stop,forward_optimized_long_ms_inj_fast_ts300,persist,INJUSDT,"0-12,14-18,21-23",300,True,active,0,0,0,0,0.0,,1,-1.370873,0,8,7,0.571429,2.115314,4.1925,0.0,0
2026-05-31T00:50:30.841944+00:00,tia_fast_time_stop,forward_optimized_long_ms_tia_fast_ts300,persist,TIAUSDT,"0-12,14-18,21-23",300,True,active,0,0,0,0,0.0,,0,0,40,2,2,0.0,0.0,-6.6894,0.0,0
2026-05-31T00:50:30.869450+00:00,inj_only,forward_optimized_long_ms_inj_only,persist,INJUSDT,"0-12,14-18,21-23",,True,active,0,0,0,0,0.0,,1,-3.092324,0,5,4,0.75,6.478493,18.056416,0.0,0
2026-05-31T00:50:30.895824+00:00,tia_only,forward_optimized_long_ms_tia_only,persist,TIAUSDT,"0-12,14-18,21-23",,True,active,0,0,0,0,0.0,,1,-1.536757,0,3,2,0.5,1.154379,0.766695,0.0,0
2026-05-31T00:50:30.938034+00:00,near_only_observation,forward_optimized_long_ms_near_only_observation,persist,NEARUSDT,"0-12,14-18,21-23",,True,active,1,0,0,0,0.0,,1,-0.384181,3,5,4,0.25,0.094557,-11.174017,0.0,0
2026-05-31T00:50:31.644726+00:00,utc_01_cluster,forward_optimized_long_ms_utc01,persist,"INJUSDT,NEARUSDT,TIAUSDT",1,,True,active,0,0,0,0,0.0,,0,0,2179,1,1,0.0,0.0,-4.966327,0.0,0
2026-05-31T00:55:33.827796+00:00,baseline,forward_optimized_long_ms_baseline,persist,"INJUSDT,NEARUSDT,TIAUSDT",,,True,active,1,0,0,0,0.0,,3,-5.109307,1,10,7,0.428571,0.754514,-3.804979,0.0,0
2026-05-31T00:55:34.466075+00:00,regime_filtered,forward_optimized_long_ms_regime_filtered,persist,"INJUSDT,NEARUSDT,TIAUSDT","0-12,14-18,21-23",,True,active,1,0,0,0,0.0,,3,-5.109307,1,10,7,0.428571,0.571271,-8.776759,0.0,0
2026-05-31T00:55:34.804166+00:00,inj_tia_regime_filtered,forward_optimized_long_ms_inj_tia_regime,persist,"INJUSDT,TIAUSDT","0-12,14-18,21-23",,True,active,0,0,0,0,0.0,,2,-1.841607,0,11,9,0.555556,1.848254,11.768097,0.0,0
2026-05-31T00:55:36.789739+00:00,inj_tia_plus_candidates,forward_optimized_long_ms_inj_tia_plus_candidates,persist,"INJUSDT,TIAUSDT,JUPUSDT,BOMEUSDT","0-12,14-18,21-23",,True,active,0,0,0,0,0.0,,2,-4.629081,1599,6,4,0.75,3.983276,14.815925,0.0,0
2026-05-31T00:55:37.128971+00:00,inj_tia_fast_time_stop,forward_optimized_long_ms_inj_tia_fast_ts300,persist,"INJUSDT,TIAUSDT","0-12,14-18,21-23",300,True,active,0,0,0,0,0.0,,1,-1.370873,40,7,6,0.333333,0.442453,-6.09261,0.0,0
2026-05-31T00:55:37.456932+00:00,inj_fast_tia_standard,forward_optimized_long_ms_inj_fast_tia_standard,persist,"INJUSDT,TIAUSDT","0-12,14-18,21-23","{'INJUSDT': 300, 'TIAUSDT': 600}",True,active,0,0,0,0,0.0,,2,-2.90763,0,9,7,0.571429,0.993058,-0.055584,0.0,0
2026-05-31T00:55:37.483218+00:00,inj_fast_time_stop,forward_optimized_long_ms_inj_fast_ts300,persist,INJUSDT,"0-12,14-18,21-23",300,True,active,0,0,0,0,0.0,,1,-1.370873,0,8,7,0.571429,2.115314,4.1925,0.0,0
2026-05-31T00:55:37.506899+00:00,tia_fast_time_stop,forward_optimized_long_ms_tia_fast_ts300,persist,TIAUSDT,"0-12,14-18,21-23",300,True,active,0,0,0,0,0.0,,0,0,40,2,2,0.0,0.0,-6.6894,0.0,0
2026-05-31T00:55:37.534385+00:00,inj_only,forward_optimized_long_ms_inj_only,persist,INJUSDT,"0-12,14-18,21-23",,True,active,0,0,0,0,0.0,,1,-3.092324,0,5,4,0.75,6.478493,18.056416,0.0,0
2026-05-31T00:55:37.560658+00:00,tia_only,forward_optimized_long_ms_tia_only,persist,TIAUSDT,"0-12,14-18,21-23",,True,active,0,0,0,0,0.0,,1,-1.536757,0,3,2,0.5,1.154379,0.766695,0.0,0
2026-05-31T00:55:37.593661+00:00,near_only_observation,forward_optimized_long_ms_near_only_observation,persist,NEARUSDT,"0-12,14-18,21-23",,True,active,1,0,0,0,0.0,,1,-0.480226,1,5,4,0.25,0.094557,-11.174017,0.0,0
2026-05-31T00:55:38.375057+00:00,utc_01_cluster,forward_optimized_long_ms_utc01,persist,"INJUSDT,NEARUSDT,TIAUSDT",1,,True,active,0,0,0,0,0.0,,0,0,2179,1,1,0.0,0.0,-4.966327,0.0,0
2026-05-31T01:00:39.876922+00:00,baseline,forward_optimized_long_ms_baseline,persist,"INJUSDT,NEARUSDT,TIAUSDT",,,True,active,2,0,0,0,0.0,,3,-4.800344,58,10,7,0.428571,0.754514,-3.804979,0.0,0
2026-05-31T01:00:40.517779+00:00,regime_filtered,forward_optimized_long_ms_regime_filtered,persist,"INJUSDT,NEARUSDT,TIAUSDT","0-12,14-18,21-23",,True,active,2,0,0,0,0.0,,3,-4.800344,58,10,7,0.428571,0.571271,-8.776759,0.0,0
2026-05-31T01:00:40.872230+00:00,inj_tia_regime_filtered,forward_optimized_long_ms_inj_tia_regime,persist,"INJUSDT,TIAUSDT","0-12,14-18,21-23",,True,active,1,0,0,0,0.0,,2,-1.487981,1,11,9,0.555556,1.848254,11.768097,0.0,0
2026-05-31T01:00:42.870796+00:00,inj_tia_plus_candidates,forward_optimized_long_ms_inj_tia_plus_candidates,persist,"INJUSDT,TIAUSDT,JUPUSDT,BOMEUSDT","0-12,14-18,21-23",,True,active,1,0,0,0,0.0,,2,-4.288103,1600,6,4,0.75,3.983276,14.815925,0.0,0
2026-05-31T01:00:43.211242+00:00,inj_tia_fast_time_stop,forward_optimized_long_ms_inj_tia_fast_ts300,persist,"INJUSDT,TIAUSDT","0-12,14-18,21-23",300,True,active,1,0,0,0,0.0,,1,-1.022142,41,7,6,0.333333,0.442453,-6.09261,0.0,0
2026-05-31T01:00:43.541196+00:00,inj_fast_tia_standard,forward_optimized_long_ms_inj_fast_tia_standard,persist,"INJUSDT,TIAUSDT","0-12,14-18,21-23","{'INJUSDT': 300, 'TIAUSDT': 600}",True,active,1,0,0,0,0.0,,2,-2.558899,1,9,7,0.571429,0.993058,-0.055584,0.0,0
2026-05-31T01:00:43.570647+00:00,inj_fast_time_stop,forward_optimized_long_ms_inj_fast_ts300,persist,INJUSDT,"0-12,14-18,21-23",300,True,active,1,0,0,0,0.0,,1,-1.022142,1,8,7,0.571429,2.115314,4.1925,0.0,0
2026-05-31T01:00:43.594109+00:00,tia_fast_time_stop,forward_optimized_long_ms_tia_fast_ts300,persist,TIAUSDT,"0-12,14-18,21-23",300,True,active,0,0,0,0,0.0,,0,0,40,2,2,0.0,0.0,-6.6894,0.0,0
2026-05-31T01:00:43.620941+00:00,inj_only,forward_optimized_long_ms_inj_only,persist,INJUSDT,"0-12,14-18,21-23",,True,active,1,0,0,0,0.0,,1,-2.751346,1,5,4,0.75,6.478493,18.056416,0.0,0
2026-05-31T01:00:43.646701+00:00,tia_only,forward_optimized_long_ms_tia_only,persist,TIAUSDT,"0-12,14-18,21-23",,True,active,0,0,0,0,0.0,,1,-1.536757,0,3,2,0.5,1.154379,0.766695,0.0,0
2026-05-31T01:00:43.689961+00:00,near_only_observation,forward_optimized_long_ms_near_only_observation,persist,NEARUSDT,"0-12,14-18,21-23",,True,active,1,0,0,0,0.0,,1,-0.512241,57,5,4,0.25,0.094557,-11.174017,0.0,0
2026-05-31T01:00:44.373562+00:00,utc_01_cluster,forward_optimized_long_ms_utc01,persist,"INJUSDT,NEARUSDT,TIAUSDT",1,,True,active,2,0,0,0,0.0,,1,-0.107987,2179,2,1,0.0,0.0,-4.966327,0.0,0
2026-05-31T01:05:45.863619+00:00,baseline,forward_optimized_long_ms_baseline,persist,"INJUSDT,NEARUSDT,TIAUSDT",,,True,active,2,0,0,0,0.0,,3,-4.610806,33,10,7,0.428571,0.754514,-3.804979,0.0,0
2026-05-31T01:05:46.517659+00:00,regime_filtered,forward_optimized_long_ms_regime_filtered,persist,"INJUSDT,NEARUSDT,TIAUSDT","0-12,14-18,21-23",,True,active,2,0,0,0,0.0,,3,-4.610806,33,10,7,0.428571,0.571271,-8.776759,0.0,0
2026-05-31T01:05:46.877381+00:00,inj_tia_regime_filtered,forward_optimized_long_ms_inj_tia_regime,persist,"INJUSDT,TIAUSDT","0-12,14-18,21-23",,True,active,1,0,0,0,0.0,,2,-1.756249,3,11,9,0.555556,1.848254,11.768097,0.0,0
2026-05-31T01:05:48.443651+00:00,inj_tia_plus_candidates,forward_optimized_long_ms_inj_tia_plus_candidates,persist,"INJUSDT,TIAUSDT,JUPUSDT,BOMEUSDT","0-12,14-18,21-23",,True,active,1,0,0,0,0.0,,2,-4.546776,1602,6,4,0.75,3.983276,14.815925,0.0,0
2026-05-31T01:05:48.784465+00:00,inj_tia_fast_time_stop,forward_optimized_long_ms_inj_tia_fast_ts300,persist,"INJUSDT,TIAUSDT","0-12,14-18,21-23",300,True,active,1,0,0,0,0.0,,1,-1.286697,43,7,6,0.333333,0.442453,-6.09261,0.0,0
2026-05-31T01:05:49.122059+00:00,inj_fast_tia_standard,forward_optimized_long_ms_inj_fast_tia_standard,persist,"INJUSDT,TIAUSDT","0-12,14-18,21-23","{'INJUSDT': 300, 'TIAUSDT': 600}",True,active,1,0,0,0,0.0,,2,-2.823454,3,9,7,0.571429,0.993058,-0.055584,0.0,0
2026-05-31T01:05:49.150861+00:00,inj_fast_time_stop,forward_optimized_long_ms_inj_fast_ts300,persist,INJUSDT,"0-12,14-18,21-23",300,True,active,1,0,0,0,0.0,,1,-1.286697,3,8,7,0.571429,2.115314,4.1925,0.0,0
2026-05-31T01:05:49.175692+00:00,tia_fast_time_stop,forward_optimized_long_ms_tia_fast_ts300,persist,TIAUSDT,"0-12,14-18,21-23",300,True,active,0,0,0,0,0.0,,0,0,40,2,2,0.0,0.0,-6.6894,0.0,0
2026-05-31T01:05:49.207014+00:00,inj_only,forward_optimized_long_ms_inj_only,persist,INJUSDT,"0-12,14-18,21-23",,True,active,1,0,0,0,0.0,,1,-3.010019,3,5,4,0.75,6.478493,18.056416,0.0,0
2026-05-31T01:05:49.233029+00:00,tia_only,forward_optimized_long_ms_tia_only,persist,TIAUSDT,"0-12,14-18,21-23",,True,active,0,0,0,0,0.0,,1,-1.536757,0,3,2,0.5,1.154379,0.766695,0.0,0
2026-05-31T01:05:49.269830+00:00,near_only_observation,forward_optimized_long_ms_near_only_observation,persist,NEARUSDT,"0-12,14-18,21-23",,True,active,1,0,0,0,0.0,,1,-0.06403,30,5,4,0.25,0.094557,-11.174017,0.0,0
2026-05-31T01:05:49.939532+00:00,utc_01_cluster,forward_optimized_long_ms_utc01,persist,"INJUSDT,NEARUSDT,TIAUSDT",1,,True,active,1,0,0,0,0.0,,1,0.395951,1409,2,1,0.0,0.0,-4.966327,0.0,0
2026-05-31T01:10:51.425325+00:00,baseline,forward_optimized_long_ms_baseline,persist,"INJUSDT,NEARUSDT,TIAUSDT",,,True,active,1,0,0,0,0.0,,3,-4.738866,25,10,7,0.428571,0.754514,-3.804979,0.0,0
2026-05-31T01:10:52.061427+00:00,regime_filtered,forward_optimized_long_ms_regime_filtered,persist,"INJUSDT,NEARUSDT,TIAUSDT","0-12,14-18,21-23",,True,active,1,0,0,0,0.0,,3,-4.738866,25,10,7,0.428571,0.571271,-8.776759,0.0,0
2026-05-31T01:10:52.398869+00:00,inj_tia_regime_filtered,forward_optimized_long_ms_inj_tia_regime,persist,"INJUSDT,TIAUSDT","0-12,14-18,21-23",,True,active,0,0,0,0,0.0,,2,-1.756249,0,11,9,0.555556,1.848254,11.768097,0.0,0
2026-05-31T01:10:54.534736+00:00,inj_tia_plus_candidates,forward_optimized_long_ms_inj_tia_plus_candidates,persist,"INJUSDT,TIAUSDT,JUPUSDT,BOMEUSDT","0-12,14-18,21-23",,True,active,0,0,0,0,0.0,,2,-4.546776,1599,6,4,0.75,3.983276,14.815925,0.0,0
2026-05-31T01:10:54.862226+00:00,inj_tia_fast_time_stop,forward_optimized_long_ms_inj_tia_fast_ts300,persist,"INJUSDT,TIAUSDT","0-12,14-18,21-23",300,True,active,0,0,0,0,0.0,,1,-1.286697,40,7,6,0.333333,0.442453,-6.09261,0.0,0
2026-05-31T01:10:55.188605+00:00,inj_fast_tia_standard,forward_optimized_long_ms_inj_fast_tia_standard,persist,"INJUSDT,TIAUSDT","0-12,14-18,21-23","{'INJUSDT': 300, 'TIAUSDT': 600}",True,active,0,0,0,0,0.0,,2,-2.823454,0,9,7,0.571429,0.993058,-0.055584,0.0,0
2026-05-31T01:10:55.213649+00:00,inj_fast_time_stop,forward_optimized_long_ms_inj_fast_ts300,persist,INJUSDT,"0-12,14-18,21-23",300,True,active,0,0,0,0,0.0,,1,-1.286697,0,8,7,0.571429,2.115314,4.1925,0.0,0
2026-05-31T01:10:55.236338+00:00,tia_fast_time_stop,forward_optimized_long_ms_tia_fast_ts300,persist,TIAUSDT,"0-12,14-18,21-23",300,True,active,0,0,0,0,0.0,,0,0,40,2,2,0.0,0.0,-6.6894,0.0,0
2026-05-31T01:10:55.263405+00:00,inj_only,forward_optimized_long_ms_inj_only,persist,INJUSDT,"0-12,14-18,21-23",,True,active,0,0,0,0,0.0,,1,-3.010019,0,5,4,0.75,6.478493,18.056416,0.0,0
2026-05-31T01:10:55.291124+00:00,tia_only,forward_optimized_long_ms_tia_only,persist,TIAUSDT,"0-12,14-18,21-23",,True,active,0,0,0,0,0.0,,1,-1.536757,0,3,2,0.5,1.154379,0.766695,0.0,0
2026-05-31T01:10:55.328804+00:00,near_only_observation,forward_optimized_long_ms_near_only_observation,persist,NEARUSDT,"0-12,14-18,21-23",,True,active,1,0,0,0,0.0,,1,-0.19209,25,5,4,0.25,0.094557,-11.174017,0.0,0
2026-05-31T01:10:55.987443+00:00,utc_01_cluster,forward_optimized_long_ms_utc01,persist,"INJUSDT,NEARUSDT,TIAUSDT",1,,True,active,1,0,0,0,0.0,,1,0.251969,1404,2,1,0.0,0.0,-4.966327,0.0,0
2026-05-31T01:15:57.668830+00:00,baseline,forward_optimized_long_ms_baseline,persist,"INJUSDT,NEARUSDT,TIAUSDT",,,True,active,1,0,0,0,0.0,,3,-4.482746,40,10,7,0.428571,0.754514,-3.804979,0.0,0
2026-05-31T01:15:58.318352+00:00,regime_filtered,forward_optimized_long_ms_regime_filtered,persist,"INJUSDT,NEARUSDT,TIAUSDT","0-12,14-18,21-23",,True,active,1,0,0,0,0.0,,3,-4.482746,40,10,7,0.428571,0.571271,-8.776759,0.0,0
2026-05-31T01:15:58.663510+00:00,inj_tia_regime_filtered,forward_optimized_long_ms_inj_tia_regime,persist,"INJUSDT,TIAUSDT","0-12,14-18,21-23",,True,active,0,0,0,0,0.0,,2,-1.756249,0,11,9,0.555556,1.848254,11.768097,0.0,0
2026-05-31T01:16:00.312494+00:00,inj_tia_plus_candidates,forward_optimized_long_ms_inj_tia_plus_candidates,persist,"INJUSDT,TIAUSDT,JUPUSDT,BOMEUSDT","0-12,14-18,21-23",,True,active,0,0,0,0,0.0,,2,-4.546776,1599,6,4,0.75,3.983276,14.815925,0.0,0
2026-05-31T01:16:00.648594+00:00,inj_tia_fast_time_stop,forward_optimized_long_ms_inj_tia_fast_ts300,persist,"INJUSDT,TIAUSDT","0-12,14-18,21-23",300,True,active,0,0,0,0,0.0,,1,-1.286697,40,7,6,0.333333,0.442453,-6.09261,0.0,0
2026-05-31T01:16:00.983151+00:00,inj_fast_tia_standard,forward_optimized_long_ms_inj_fast_tia_standard,persist,"INJUSDT,TIAUSDT","0-12,14-18,21-23","{'INJUSDT': 300, 'TIAUSDT': 600}",True,active,0,0,0,0,0.0,,2,-2.823454,0,9,7,0.571429,0.993058,-0.055584,0.0,0
2026-05-31T01:16:01.008547+00:00,inj_fast_time_stop,forward_optimized_long_ms_inj_fast_ts300,persist,INJUSDT,"0-12,14-18,21-23",300,True,active,0,0,0,0,0.0,,1,-1.286697,0,8,7,0.571429,2.115314,4.1925,0.0,0
2026-05-31T01:16:01.031545+00:00,tia_fast_time_stop,forward_optimized_long_ms_tia_fast_ts300,persist,TIAUSDT,"0-12,14-18,21-23",300,True,active,0,0,0,0,0.0,,0,0,40,2,2,0.0,0.0,-6.6894,0.0,0
2026-05-31T01:16:01.073024+00:00,inj_only,forward_optimized_long_ms_inj_only,persist,INJUSDT,"0-12,14-18,21-23",,True,active,0,0,0,0,0.0,,1,-3.010019,0,5,4,0.75,6.478493,18.056416,0.0,0
2026-05-31T01:16:01.108611+00:00,tia_only,forward_optimized_long_ms_tia_only,persist,TIAUSDT,"0-12,14-18,21-23",,True,active,0,0,0,0,0.0,,1,-1.536757,0,3,2,0.5,1.154379,0.766695,0.0,0
2026-05-31T01:16:01.166567+00:00,near_only_observation,forward_optimized_long_ms_near_only_observation,persist,NEARUSDT,"0-12,14-18,21-23",,True,active,1,0,0,0,0.0,,1,0.06403,40,5,4,0.25,0.094557,-11.174017,0.0,0
2026-05-31T01:16:01.858319+00:00,utc_01_cluster,forward_optimized_long_ms_utc01,persist,"INJUSDT,NEARUSDT,TIAUSDT",1,,True,active,1,0,0,0,0.0,,1,0.539933,1419,2,1,0.0,0.0,-4.966327,0.0,0
2026-05-31T01:21:03.341126+00:00,baseline,forward_optimized_long_ms_baseline,persist,"INJUSDT,NEARUSDT,TIAUSDT",,,True,active,1,0,0,1,0.044411,1.0,2,-4.546776,32,10,8,0.5,0.75738,-3.760568,0.0,0
2026-05-31T01:21:03.982838+00:00,regime_filtered,forward_optimized_long_ms_regime_filtered,persist,"INJUSDT,NEARUSDT,TIAUSDT","0-12,14-18,21-23",,True,active,1,0,0,1,0.044411,1.0,2,-4.546776,32,10,8,0.5,0.573441,-8.732348,0.0,0
2026-05-31T01:21:04.333766+00:00,inj_tia_regime_filtered,forward_optimized_long_ms_inj_tia_regime,persist,"INJUSDT,TIAUSDT","0-12,14-18,21-23",,True,active,0,0,0,0,0.0,,2,-1.756249,0,11,9,0.555556,1.848254,11.768097,0.0,0
2026-05-31T01:21:06.122000+00:00,inj_tia_plus_candidates,forward_optimized_long_ms_inj_tia_plus_candidates,persist,"INJUSDT,TIAUSDT,JUPUSDT,BOMEUSDT","0-12,14-18,21-23",,True,active,0,0,0,0,0.0,,2,-4.546776,1599,6,4,0.75,3.983276,14.815925,0.0,0
2026-05-31T01:21:06.457036+00:00,inj_tia_fast_time_stop,forward_optimized_long_ms_inj_tia_fast_ts300,persist,"INJUSDT,TIAUSDT","0-12,14-18,21-23",300,True,active,0,0,0,0,0.0,,1,-1.286697,40,7,6,0.333333,0.442453,-6.09261,0.0,0
2026-05-31T01:21:06.789133+00:00,inj_fast_tia_standard,forward_optimized_long_ms_inj_fast_tia_standard,persist,"INJUSDT,TIAUSDT","0-12,14-18,21-23","{'INJUSDT': 300, 'TIAUSDT': 600}",True,active,0,0,0,0,0.0,,2,-2.823454,0,9,7,0.571429,0.993058,-0.055584,0.0,0
2026-05-31T01:21:06.814171+00:00,inj_fast_time_stop,forward_optimized_long_ms_inj_fast_ts300,persist,INJUSDT,"0-12,14-18,21-23",300,True,active,0,0,0,0,0.0,,1,-1.286697,0,8,7,0.571429,2.115314,4.1925,0.0,0
2026-05-31T01:21:06.836832+00:00,tia_fast_time_stop,forward_optimized_long_ms_tia_fast_ts300,persist,TIAUSDT,"0-12,14-18,21-23",300,True,active,0,0,0,0,0.0,,0,0,40,2,2,0.0,0.0,-6.6894,0.0,0
2026-05-31T01:21:06.865899+00:00,inj_only,forward_optimized_long_ms_inj_only,persist,INJUSDT,"0-12,14-18,21-23",,True,active,0,0,0,0,0.0,,1,-3.010019,0,5,4,0.75,6.478493,18.056416,0.0,0
2026-05-31T01:21:06.907153+00:00,tia_only,forward_optimized_long_ms_tia_only,persist,TIAUSDT,"0-12,14-18,21-23",,True,active,0,0,0,0,0.0,,1,-1.536757,0,3,2,0.5,1.154379,0.766695,0.0,0
2026-05-31T01:21:06.946534+00:00,near_only_observation,forward_optimized_long_ms_near_only_observation,persist,NEARUSDT,"0-12,14-18,21-23",,True,active,1,0,0,1,0.044411,1.0,0,0,32,5,5,0.4,0.098156,-11.129606,0.0,0
2026-05-31T01:21:07.638462+00:00,utc_01_cluster,forward_optimized_long_ms_utc01,persist,"INJUSDT,NEARUSDT,TIAUSDT",1,,True,active,1,0,0,0,0.0,,1,0.467942,1411,2,1,0.0,0.0,-4.966327,0.0,0
2026-05-31T01:26:09.334020+00:00,baseline,forward_optimized_long_ms_baseline,persist,"INJUSDT,NEARUSDT,TIAUSDT",,,True,active,0,0,0,0,0.0,,2,-4.546776,20,10,8,0.5,0.75738,-3.760568,0.0,0
2026-05-31T01:26:09.968503+00:00,regime_filtered,forward_optimized_long_ms_regime_filtered,persist,"INJUSDT,NEARUSDT,TIAUSDT","0-12,14-18,21-23",,True,active,0,0,0,0,0.0,,2,-4.546776,20,10,8,0.5,0.573441,-8.732348,0.0,0
2026-05-31T01:26:10.306536+00:00,inj_tia_regime_filtered,forward_optimized_long_ms_inj_tia_regime,persist,"INJUSDT,TIAUSDT","0-12,14-18,21-23",,True,active,0,0,0,0,0.0,,2,-1.756249,0,11,9,0.555556,1.848254,11.768097,0.0,0
2026-05-31T01:26:12.072554+00:00,inj_tia_plus_candidates,forward_optimized_long_ms_inj_tia_plus_candidates,persist,"INJUSDT,TIAUSDT,JUPUSDT,BOMEUSDT","0-12,14-18,21-23",,True,active,0,0,0,0,0.0,,2,-4.546776,1599,6,4,0.75,3.983276,14.815925,0.0,0
2026-05-31T01:26:12.404957+00:00,inj_tia_fast_time_stop,forward_optimized_long_ms_inj_tia_fast_ts300,persist,"INJUSDT,TIAUSDT","0-12,14-18,21-23",300,True,active,0,0,0,0,0.0,,1,-1.286697,40,7,6,0.333333,0.442453,-6.09261,0.0,0
2026-05-31T01:26:12.740280+00:00,inj_fast_tia_standard,forward_optimized_long_ms_inj_fast_tia_standard,persist,"INJUSDT,TIAUSDT","0-12,14-18,21-23","{'INJUSDT': 300, 'TIAUSDT': 600}",True,active,0,0,0,0,0.0,,2,-2.823454,0,9,7,0.571429,0.993058,-0.055584,0.0,0
2026-05-31T01:26:12.777958+00:00,inj_fast_time_stop,forward_optimized_long_ms_inj_fast_ts300,persist,INJUSDT,"0-12,14-18,21-23",300,True,active,0,0,0,0,0.0,,1,-1.286697,0,8,7,0.571429,2.115314,4.1925,0.0,0
2026-05-31T01:26:12.815832+00:00,tia_fast_time_stop,forward_optimized_long_ms_tia_fast_ts300,persist,TIAUSDT,"0-12,14-18,21-23",300,True,active,0,0,0,0,0.0,,0,0,40,2,2,0.0,0.0,-6.6894,0.0,0
2026-05-31T01:26:12.860230+00:00,inj_only,forward_optimized_long_ms_inj_only,persist,INJUSDT,"0-12,14-18,21-23",,True,active,0,0,0,0,0.0,,1,-3.010019,0,5,4,0.75,6.478493,18.056416,0.0,0
2026-05-31T01:26:12.903652+00:00,tia_only,forward_optimized_long_ms_tia_only,persist,TIAUSDT,"0-12,14-18,21-23",,True,active,0,0,0,0,0.0,,1,-1.536757,0,3,2,0.5,1.154379,0.766695,0.0,0
2026-05-31T01:26:12.937366+00:00,near_only_observation,forward_optimized_long_ms_near_only_observation,persist,NEARUSDT,"0-12,14-18,21-23",,True,active,0,0,0,0,0.0,,0,0,20,5,5,0.4,0.098156,-11.129606,0.0,0
2026-05-31T01:26:13.610377+00:00,utc_01_cluster,forward_optimized_long_ms_utc01,persist,"INJUSDT,NEARUSDT,TIAUSDT",1,,True,active,1,0,0,0,0.0,,1,0.611924,1394,2,1,0.0,0.0,-4.966327,0.0,0
2026-05-31T01:31:15.758982+00:00,baseline,forward_optimized_long_ms_baseline,persist,"INJUSDT,NEARUSDT,TIAUSDT",,,True,active,1,0,0,0,0.0,,2,-4.429197,39,10,8,0.5,0.75738,-3.760568,0.0,0
2026-05-31T01:31:16.409602+00:00,regime_filtered,forward_optimized_long_ms_regime_filtered,persist,"INJUSDT,NEARUSDT,TIAUSDT","0-12,14-18,21-23",,True,active,1,0,0,0,0.0,,2,-4.429197,39,10,8,0.5,0.573441,-8.732348,0.0,0
2026-05-31T01:31:16.764289+00:00,inj_tia_regime_filtered,forward_optimized_long_ms_inj_tia_regime,persist,"INJUSDT,TIAUSDT","0-12,14-18,21-23",,True,active,1,0,0,0,0.0,,2,-1.634309,3,11,9,0.555556,1.848254,11.768097,0.0,0
2026-05-31T01:31:18.322431+00:00,inj_tia_plus_candidates,forward_optimized_long_ms_inj_tia_plus_candidates,persist,"INJUSDT,TIAUSDT,JUPUSDT,BOMEUSDT","0-12,14-18,21-23",,True,active,1,0,0,0,0.0,,2,-4.429197,1602,6,4,0.75,3.983276,14.815925,0.0,0
2026-05-31T01:31:18.660780+00:00,inj_tia_fast_time_stop,forward_optimized_long_ms_inj_tia_fast_ts300,persist,"INJUSDT,TIAUSDT","0-12,14-18,21-23",300,True,active,1,0,0,0,0.0,,1,-1.166445,43,7,6,0.333333,0.442453,-6.09261,0.0,0
2026-05-31T01:31:18.994968+00:00,inj_fast_tia_standard,forward_optimized_long_ms_inj_fast_tia_standard,persist,"INJUSDT,TIAUSDT","0-12,14-18,21-23","{'INJUSDT': 300, 'TIAUSDT': 600}",True,active,1,0,0,0,0.0,,2,-2.703202,3,9,7,0.571429,0.993058,-0.055584,0.0,0
2026-05-31T01:31:19.021813+00:00,inj_fast_time_stop,forward_optimized_long_ms_inj_fast_ts300,persist,INJUSDT,"0-12,14-18,21-23",300,True,active,1,0,0,0,0.0,,1,-1.166445,3,8,7,0.571429,2.115314,4.1925,0.0,0
2026-05-31T01:31:19.050694+00:00,tia_fast_time_stop,forward_optimized_long_ms_tia_fast_ts300,persist,TIAUSDT,"0-12,14-18,21-23",300,True,active,0,0,0,0,0.0,,0,0,40,2,2,0.0,0.0,-6.6894,0.0,0
2026-05-31T01:31:19.083605+00:00,inj_only,forward_optimized_long_ms_inj_only,persist,INJUSDT,"0-12,14-18,21-23",,True,active,1,0,0,0,0.0,,1,-2.89244,3,5,4,0.75,6.478493,18.056416,0.0,0
2026-05-31T01:31:19.124214+00:00,tia_only,forward_optimized_long_ms_tia_only,persist,TIAUSDT,"0-12,14-18,21-23",,True,active,0,0,0,0,0.0,,1,-1.536757,0,3,2,0.5,1.154379,0.766695,0.0,0
2026-05-31T01:31:19.154973+00:00,near_only_observation,forward_optimized_long_ms_near_only_observation,persist,NEARUSDT,"0-12,14-18,21-23",,True,active,0,0,0,0,0.0,,0,0,36,5,5,0.4,0.098156,-11.129606,0.0,0
2026-05-31T01:31:19.828475+00:00,utc_01_cluster,forward_optimized_long_ms_utc01,persist,"INJUSDT,NEARUSDT,TIAUSDT",1,,True,active,1,0,0,0,0.0,,1,0.359955,1395,2,1,0.0,0.0,-4.966327,0.0,0
2026-05-31T01:36:21.763555+00:00,baseline,forward_optimized_long_ms_baseline,persist,"INJUSDT,NEARUSDT,TIAUSDT",,,True,active,0,0,0,0,0.0,,2,-4.429197,60,10,8,0.5,0.75738,-3.760568,0.0,0
2026-05-31T01:36:22.410431+00:00,regime_filtered,forward_optimized_long_ms_regime_filtered,persist,"INJUSDT,NEARUSDT,TIAUSDT","0-12,14-18,21-23",,True,active,0,0,0,0,0.0,,2,-4.429197,60,10,8,0.5,0.573441,-8.732348,0.0,0
2026-05-31T01:36:22.755341+00:00,inj_tia_regime_filtered,forward_optimized_long_ms_inj_tia_regime,persist,"INJUSDT,TIAUSDT","0-12,14-18,21-23",,True,active,0,0,0,0,0.0,,2,-1.634309,0,11,9,0.555556,1.848254,11.768097,0.0,0
2026-05-31T01:36:24.460184+00:00,inj_tia_plus_candidates,forward_optimized_long_ms_inj_tia_plus_candidates,persist,"INJUSDT,TIAUSDT,JUPUSDT,BOMEUSDT","0-12,14-18,21-23",,True,active,0,0,0,0,0.0,,2,-4.429197,1599,6,4,0.75,3.983276,14.815925,0.0,0
2026-05-31T01:36:24.790981+00:00,inj_tia_fast_time_stop,forward_optimized_long_ms_inj_tia_fast_ts300,persist,"INJUSDT,TIAUSDT","0-12,14-18,21-23",300,True,active,0,0,0,0,0.0,,1,-1.166445,40,7,6,0.333333,0.442453,-6.09261,0.0,0
2026-05-31T01:36:25.130787+00:00,inj_fast_tia_standard,forward_optimized_long_ms_inj_fast_tia_standard,persist,"INJUSDT,TIAUSDT","0-12,14-18,21-23","{'INJUSDT': 300, 'TIAUSDT': 600}",True,active,0,0,0,0,0.0,,2,-2.703202,0,9,7,0.571429,0.993058,-0.055584,0.0,0
2026-05-31T01:36:25.168744+00:00,inj_fast_time_stop,forward_optimized_long_ms_inj_fast_ts300,persist,INJUSDT,"0-12,14-18,21-23",300,True,active,0,0,0,0,0.0,,1,-1.166445,0,8,7,0.571429,2.115314,4.1925,0.0,0
2026-05-31T01:36:25.208042+00:00,tia_fast_time_stop,forward_optimized_long_ms_tia_fast_ts300,persist,TIAUSDT,"0-12,14-18,21-23",300,True,active,0,0,0,0,0.0,,0,0,40,2,2,0.0,0.0,-6.6894,0.0,0
2026-05-31T01:36:25.251657+00:00,inj_only,forward_optimized_long_ms_inj_only,persist,INJUSDT,"0-12,14-18,21-23",,True,active,0,0,0,0,0.0,,1,-2.89244,0,5,4,0.75,6.478493,18.056416,0.0,0
2026-05-31T01:36:25.277001+00:00,tia_only,forward_optimized_long_ms_tia_only,persist,TIAUSDT,"0-12,14-18,21-23",,True,active,0,0,0,0,0.0,,1,-1.536757,0,3,2,0.5,1.154379,0.766695,0.0,0
2026-05-31T01:36:25.315123+00:00,near_only_observation,forward_optimized_long_ms_near_only_observation,persist,NEARUSDT,"0-12,14-18,21-23",,True,active,0,0,0,0,0.0,,0,0,60,5,5,0.4,0.098156,-11.129606,0.0,0
2026-05-31T01:36:26.003789+00:00,utc_01_cluster,forward_optimized_long_ms_utc01,persist,"INJUSDT,NEARUSDT,TIAUSDT",1,,True,active,1,0,0,0,0.0,,1,0.287964,1403,2,1,0.0,0.0,-4.966327,0.0,0
2026-05-31T01:41:28.140054+00:00,baseline,forward_optimized_long_ms_baseline,persist,"INJUSDT,NEARUSDT,TIAUSDT",,,True,active,1,0,0,0,0.0,,2,-4.417439,86,10,8,0.5,0.75738,-3.760568,0.0,0
2026-05-31T01:41:28.783819+00:00,regime_filtered,forward_optimized_long_ms_regime_filtered,persist,"INJUSDT,NEARUSDT,TIAUSDT","0-12,14-18,21-23",,True,active,1,0,0,0,0.0,,2,-4.417439,86,10,8,0.5,0.573441,-8.732348,0.0,0
2026-05-31T01:41:29.134592+00:00,inj_tia_regime_filtered,forward_optimized_long_ms_inj_tia_regime,persist,"INJUSDT,TIAUSDT","0-12,14-18,21-23",,True,active,1,0,0,0,0.0,,2,-1.622115,2,11,9,0.555556,1.848254,11.768097,0.0,0
2026-05-31T01:41:30.679231+00:00,inj_tia_plus_candidates,forward_optimized_long_ms_inj_tia_plus_candidates,persist,"INJUSDT,TIAUSDT,JUPUSDT,BOMEUSDT","0-12,14-18,21-23",,True,active,1,0,0,0,0.0,,2,-4.417439,1601,6,4,0.75,3.983276,14.815925,0.0,0
2026-05-31T01:41:31.025412+00:00,inj_tia_fast_time_stop,forward_optimized_long_ms_inj_tia_fast_ts300,persist,"INJUSDT,TIAUSDT","0-12,14-18,21-23",300,True,active,1,0,0,0,0.0,,1,-1.154419,42,7,6,0.333333,0.442453,-6.09261,0.0,0
2026-05-31T01:41:31.369752+00:00,inj_fast_tia_standard,forward_optimized_long_ms_inj_fast_tia_standard,persist,"INJUSDT,TIAUSDT","0-12,14-18,21-23","{'INJUSDT': 300, 'TIAUSDT': 600}",True,active,1,0,0,0,0.0,,2,-2.691176,2,9,7,0.571429,0.993058,-0.055584,0.0,0
2026-05-31T01:41:31.401021+00:00,inj_fast_time_stop,forward_optimized_long_ms_inj_fast_ts300,persist,INJUSDT,"0-12,14-18,21-23",300,True,active,1,0,0,0,0.0,,1,-1.154419,2,8,7,0.571429,2.115314,4.1925,0.0,0
2026-05-31T01:41:31.439308+00:00,tia_fast_time_stop,forward_optimized_long_ms_tia_fast_ts300,persist,TIAUSDT,"0-12,14-18,21-23",300,True,active,0,0,0,0,0.0,,0,0,40,2,2,0.0,0.0,-6.6894,0.0,0
2026-05-31T01:41:31.473921+00:00,inj_only,forward_optimized_long_ms_inj_only,persist,INJUSDT,"0-12,14-18,21-23",,True,active,1,0,0,0,0.0,,1,-2.880682,2,5,4,0.75,6.478493,18.056416,0.0,0
2026-05-31T01:41:31.512219+00:00,tia_only,forward_optimized_long_ms_tia_only,persist,TIAUSDT,"0-12,14-18,21-23",,True,active,0,0,0,0,0.0,,1,-1.536757,0,3,2,0.5,1.154379,0.766695,0.0,0
2026-05-31T01:41:31.552620+00:00,near_only_observation,forward_optimized_long_ms_near_only_observation,persist,NEARUSDT,"0-12,14-18,21-23",,True,active,0,0,0,0,0.0,,0,0,84,5,5,0.4,0.098156,-11.129606,0.0,0
2026-05-31T01:41:32.237974+00:00,utc_01_cluster,forward_optimized_long_ms_utc01,persist,"INJUSDT,NEARUSDT,TIAUSDT",1,,True,active,1,0,0,0,0.0,,1,0.0,1403,2,1,0.0,0.0,-4.966327,0.0,0
2026-05-31T01:46:34.190289+00:00,baseline,forward_optimized_long_ms_baseline,persist,"INJUSDT,NEARUSDT,TIAUSDT",,,True,active,0,0,0,0,0.0,,2,-4.417439,89,10,8,0.5,0.75738,-3.760568,0.0,0
2026-05-31T01:46:34.837378+00:00,regime_filtered,forward_optimized_long_ms_regime_filtered,persist,"INJUSDT,NEARUSDT,TIAUSDT","0-12,14-18,21-23",,True,active,0,0,0,0,0.0,,2,-4.417439,89,10,8,0.5,0.573441,-8.732348,0.0,0
2026-05-31T01:46:35.185933+00:00,inj_tia_regime_filtered,forward_optimized_long_ms_inj_tia_regime,persist,"INJUSDT,TIAUSDT","0-12,14-18,21-23",,True,active,0,0,0,0,0.0,,2,-1.622115,0,11,9,0.555556,1.848254,11.768097,0.0,0
2026-05-31T01:46:36.740210+00:00,inj_tia_plus_candidates,forward_optimized_long_ms_inj_tia_plus_candidates,persist,"INJUSDT,TIAUSDT,JUPUSDT,BOMEUSDT","0-12,14-18,21-23",,True,active,0,0,0,0,0.0,,2,-4.417439,1599,6,4,0.75,3.983276,14.815925,0.0,0
2026-05-31T01:46:37.075200+00:00,inj_tia_fast_time_stop,forward_optimized_long_ms_inj_tia_fast_ts300,persist,"INJUSDT,TIAUSDT","0-12,14-18,21-23",300,True,active,0,0,0,0,0.0,,1,-1.154419,40,7,6,0.333333,0.442453,-6.09261,0.0,0
2026-05-31T01:46:37.412382+00:00,inj_fast_tia_standard,forward_optimized_long_ms_inj_fast_tia_standard,persist,"INJUSDT,TIAUSDT","0-12,14-18,21-23","{'INJUSDT': 300, 'TIAUSDT': 600}",True,active,0,0,0,0,0.0,,2,-2.691176,0,9,7,0.571429,0.993058,-0.055584,0.0,0
2026-05-31T01:46:37.439246+00:00,inj_fast_time_stop,forward_optimized_long_ms_inj_fast_ts300,persist,INJUSDT,"0-12,14-18,21-23",300,True,active,0,0,0,0,0.0,,1,-1.154419,0,8,7,0.571429,2.115314,4.1925,0.0,0
2026-05-31T01:46:37.468194+00:00,tia_fast_time_stop,forward_optimized_long_ms_tia_fast_ts300,persist,TIAUSDT,"0-12,14-18,21-23",300,True,active,0,0,0,0,0.0,,0,0,40,2,2,0.0,0.0,-6.6894,0.0,0
2026-05-31T01:46:37.515269+00:00,inj_only,forward_optimized_long_ms_inj_only,persist,INJUSDT,"0-12,14-18,21-23",,True,active,0,0,0,0,0.0,,1,-2.880682,0,5,4,0.75,6.478493,18.056416,0.0,0
2026-05-31T01:46:37.545394+00:00,tia_only,forward_optimized_long_ms_tia_only,persist,TIAUSDT,"0-12,14-18,21-23",,True,active,0,0,0,0,0.0,,1,-1.536757,0,3,2,0.5,1.154379,0.766695,0.0,0
2026-05-31T01:46:37.596112+00:00,near_only_observation,forward_optimized_long_ms_near_only_observation,persist,NEARUSDT,"0-12,14-18,21-23",,True,active,0,0,0,0,0.0,,0,0,89,5,5,0.4,0.098156,-11.129606,0.0,0
2026-05-31T01:46:38.285171+00:00,utc_01_cluster,forward_optimized_long_ms_utc01,persist,"INJUSDT,NEARUSDT,TIAUSDT",1,,True,active,1,0,0,0,0.0,,1,0.107987,1384,2,1,0.0,0.0,-4.966327,0.0,0
2026-05-31T01:51:39.777112+00:00,baseline,forward_optimized_long_ms_baseline,persist,"INJUSDT,NEARUSDT,TIAUSDT",,,True,active,0,0,0,0,0.0,,2,-4.417439,93,10,8,0.5,0.75738,-3.760568,0.0,0
2026-05-31T01:51:40.413573+00:00,regime_filtered,forward_optimized_long_ms_regime_filtered,persist,"INJUSDT,NEARUSDT,TIAUSDT","0-12,14-18,21-23",,True,active,0,0,0,0,0.0,,2,-4.417439,93,10,8,0.5,0.573441,-8.732348,0.0,0
2026-05-31T01:51:40.749433+00:00,inj_tia_regime_filtered,forward_optimized_long_ms_inj_tia_regime,persist,"INJUSDT,TIAUSDT","0-12,14-18,21-23",,True,active,0,0,0,0,0.0,,2,-1.622115,0,11,9,0.555556,1.848254,11.768097,0.0,0
2026-05-31T01:51:42.370007+00:00,inj_tia_plus_candidates,forward_optimized_long_ms_inj_tia_plus_candidates,persist,"INJUSDT,TIAUSDT,JUPUSDT,BOMEUSDT","0-12,14-18,21-23",,True,active,0,0,0,0,0.0,,2,-4.417439,1599,6,4,0.75,3.983276,14.815925,0.0,0
2026-05-31T01:51:42.694926+00:00,inj_tia_fast_time_stop,forward_optimized_long_ms_inj_tia_fast_ts300,persist,"INJUSDT,TIAUSDT","0-12,14-18,21-23",300,True,active,0,0,0,0,0.0,,1,-1.154419,40,7,6,0.333333,0.442453,-6.09261,0.0,0
2026-05-31T01:51:43.025632+00:00,inj_fast_tia_standard,forward_optimized_long_ms_inj_fast_tia_standard,persist,"INJUSDT,TIAUSDT","0-12,14-18,21-23","{'INJUSDT': 300, 'TIAUSDT': 600}",True,active,0,0,0,0,0.0,,2,-2.691176,0,9,7,0.571429,0.993058,-0.055584,0.0,0
2026-05-31T01:51:43.050833+00:00,inj_fast_time_stop,forward_optimized_long_ms_inj_fast_ts300,persist,INJUSDT,"0-12,14-18,21-23",300,True,active,0,0,0,0,0.0,,1,-1.154419,0,8,7,0.571429,2.115314,4.1925,0.0,0
2026-05-31T01:51:43.073776+00:00,tia_fast_time_stop,forward_optimized_long_ms_tia_fast_ts300,persist,TIAUSDT,"0-12,14-18,21-23",300,True,active,0,0,0,0,0.0,,0,0,40,2,2,0.0,0.0,-6.6894,0.0,0
2026-05-31T01:51:43.101414+00:00,inj_only,forward_optimized_long_ms_inj_only,persist,INJUSDT,"0-12,14-18,21-23",,True,active,0,0,0,0,0.0,,1,-2.880682,0,5,4,0.75,6.478493,18.056416,0.0,0
2026-05-31T01:51:43.127803+00:00,tia_only,forward_optimized_long_ms_tia_only,persist,TIAUSDT,"0-12,14-18,21-23",,True,active,0,0,0,0,0.0,,1,-1.536757,0,3,2,0.5,1.154379,0.766695,0.0,0
2026-05-31T01:51:43.161153+00:00,near_only_observation,forward_optimized_long_ms_near_only_observation,persist,NEARUSDT,"0-12,14-18,21-23",,True,active,0,0,0,0,0.0,,0,0,93,5,5,0.4,0.098156,-11.129606,0.0,0
2026-05-31T01:51:43.817830+00:00,utc_01_cluster,forward_optimized_long_ms_utc01,persist,"INJUSDT,NEARUSDT,TIAUSDT",1,,True,active,1,0,0,0,0.0,,1,-0.071991,1383,2,1,0.0,0.0,-4.966327,0.0,0
2026-05-31T01:56:45.917632+00:00,baseline,forward_optimized_long_ms_baseline,persist,"INJUSDT,NEARUSDT,TIAUSDT",,,True,active,0,0,0,0,0.0,,2,-4.417439,104,10,8,0.5,0.75738,-3.760568,0.0,0
2026-05-31T01:56:46.554566+00:00,regime_filtered,forward_optimized_long_ms_regime_filtered,persist,"INJUSDT,NEARUSDT,TIAUSDT","0-12,14-18,21-23",,True,active,0,0,0,0,0.0,,2,-4.417439,104,10,8,0.5,0.573441,-8.732348,0.0,0
2026-05-31T01:56:46.890932+00:00,inj_tia_regime_filtered,forward_optimized_long_ms_inj_tia_regime,persist,"INJUSDT,TIAUSDT","0-12,14-18,21-23",,True,active,0,0,0,0,0.0,,2,-1.622115,0,11,9,0.555556,1.848254,11.768097,0.0,0
2026-05-31T01:56:48.649213+00:00,inj_tia_plus_candidates,forward_optimized_long_ms_inj_tia_plus_candidates,persist,"INJUSDT,TIAUSDT,JUPUSDT,BOMEUSDT","0-12,14-18,21-23",,True,active,0,0,0,0,0.0,,2,-4.417439,1599,6,4,0.75,3.983276,14.815925,0.0,0
2026-05-31T01:56:48.981859+00:00,inj_tia_fast_time_stop,forward_optimized_long_ms_inj_tia_fast_ts300,persist,"INJUSDT,TIAUSDT","0-12,14-18,21-23",300,True,active,0,0,0,0,0.0,,1,-1.154419,40,7,6,0.333333,0.442453,-6.09261,0.0,0
2026-05-31T01:56:49.318232+00:00,inj_fast_tia_standard,forward_optimized_long_ms_inj_fast_tia_standard,persist,"INJUSDT,TIAUSDT","0-12,14-18,21-23","{'INJUSDT': 300, 'TIAUSDT': 600}",True,active,0,0,0,0,0.0,,2,-2.691176,0,9,7,0.571429,0.993058,-0.055584,0.0,0
2026-05-31T01:56:49.343603+00:00,inj_fast_time_stop,forward_optimized_long_ms_inj_fast_ts300,persist,INJUSDT,"0-12,14-18,21-23",300,True,active,0,0,0,0,0.0,,1,-1.154419,0,8,7,0.571429,2.115314,4.1925,0.0,0
2026-05-31T01:56:49.370740+00:00,tia_fast_time_stop,forward_optimized_long_ms_tia_fast_ts300,persist,TIAUSDT,"0-12,14-18,21-23",300,True,active,0,0,0,0,0.0,,0,0,40,2,2,0.0,0.0,-6.6894,0.0,0
2026-05-31T01:56:49.413765+00:00,inj_only,forward_optimized_long_ms_inj_only,persist,INJUSDT,"0-12,14-18,21-23",,True,active,0,0,0,0,0.0,,1,-2.880682,0,5,4,0.75,6.478493,18.056416,0.0,0
2026-05-31T01:56:49.450304+00:00,tia_only,forward_optimized_long_ms_tia_only,persist,TIAUSDT,"0-12,14-18,21-23",,True,active,0,0,0,0,0.0,,1,-1.536757,0,3,2,0.5,1.154379,0.766695,0.0,0
2026-05-31T01:56:49.488450+00:00,near_only_observation,forward_optimized_long_ms_near_only_observation,persist,NEARUSDT,"0-12,14-18,21-23",,True,active,0,0,0,0,0.0,,0,0,104,5,5,0.4,0.098156,-11.129606,0.0,0
2026-05-31T01:56:50.158715+00:00,utc_01_cluster,forward_optimized_long_ms_utc01,persist,"INJUSDT,NEARUSDT,TIAUSDT",1,,True,active,1,0,0,0,0.0,,1,-0.071991,1390,2,1,0.0,0.0,-4.966327,0.0,0
2026-05-31T02:01:52.048211+00:00,baseline,forward_optimized_long_ms_baseline,persist,"INJUSDT,NEARUSDT,TIAUSDT",,,True,active,0,0,0,0,0.0,,2,-4.417439,106,10,8,0.5,0.75738,-3.760568,0.0,0
2026-05-31T02:01:52.678953+00:00,regime_filtered,forward_optimized_long_ms_regime_filtered,persist,"INJUSDT,NEARUSDT,TIAUSDT","0-12,14-18,21-23",,True,active,0,0,0,0,0.0,,2,-4.417439,106,10,8,0.5,0.573441,-8.732348,0.0,0
2026-05-31T02:01:53.015395+00:00,inj_tia_regime_filtered,forward_optimized_long_ms_inj_tia_regime,persist,"INJUSDT,TIAUSDT","0-12,14-18,21-23",,True,active,0,0,0,0,0.0,,2,-1.622115,0,11,9,0.555556,1.848254,11.768097,0.0,0
2026-05-31T02:01:55.157764+00:00,inj_tia_plus_candidates,forward_optimized_long_ms_inj_tia_plus_candidates,persist,"INJUSDT,TIAUSDT,JUPUSDT,BOMEUSDT","0-12,14-18,21-23",,True,active,0,0,0,0,0.0,,2,-4.417439,1599,6,4,0.75,3.983276,14.815925,0.0,0
2026-05-31T02:01:55.485183+00:00,inj_tia_fast_time_stop,forward_optimized_long_ms_inj_tia_fast_ts300,persist,"INJUSDT,TIAUSDT","0-12,14-18,21-23",300,True,active,0,0,0,0,0.0,,1,-1.154419,40,7,6,0.333333,0.442453,-6.09261,0.0,0
2026-05-31T02:01:55.819204+00:00,inj_fast_tia_standard,forward_optimized_long_ms_inj_fast_tia_standard,persist,"INJUSDT,TIAUSDT","0-12,14-18,21-23","{'INJUSDT': 300, 'TIAUSDT': 600}",True,active,0,0,0,0,0.0,,2,-2.691176,0,9,7,0.571429,0.993058,-0.055584,0.0,0
2026-05-31T02:01:55.851153+00:00,inj_fast_time_stop,forward_optimized_long_ms_inj_fast_ts300,persist,INJUSDT,"0-12,14-18,21-23",300,True,active,0,0,0,0,0.0,,1,-1.154419,0,8,7,0.571429,2.115314,4.1925,0.0,0
2026-05-31T02:01:55.877049+00:00,tia_fast_time_stop,forward_optimized_long_ms_tia_fast_ts300,persist,TIAUSDT,"0-12,14-18,21-23",300,True,active,0,0,0,0,0.0,,0,0,40,2,2,0.0,0.0,-6.6894,0.0,0
2026-05-31T02:01:55.904590+00:00,inj_only,forward_optimized_long_ms_inj_only,persist,INJUSDT,"0-12,14-18,21-23",,True,active,0,0,0,0,0.0,,1,-2.880682,0,5,4,0.75,6.478493,18.056416,0.0,0
2026-05-31T02:01:55.931847+00:00,tia_only,forward_optimized_long_ms_tia_only,persist,TIAUSDT,"0-12,14-18,21-23",,True,active,0,0,0,0,0.0,,1,-1.536757,0,3,2,0.5,1.154379,0.766695,0.0,0
2026-05-31T02:01:55.965632+00:00,near_only_observation,forward_optimized_long_ms_near_only_observation,persist,NEARUSDT,"0-12,14-18,21-23",,True,active,0,0,0,0,0.0,,0,0,106,5,5,0.4,0.098156,-11.129606,0.0,0
2026-05-31T02:01:56.638516+00:00,utc_01_cluster,forward_optimized_long_ms_utc01,persist,"INJUSDT,NEARUSDT,TIAUSDT",1,,True,active,1,0,0,0,0.0,,1,0.0,1381,2,1,0.0,0.0,-4.966327,0.0,0
2026-05-31T02:06:58.105911+00:00,baseline,forward_optimized_long_ms_baseline,persist,"INJUSDT,NEARUSDT,TIAUSDT",,,True,active,2,0,0,0,0.0,,3,-4.274404,138,11,8,0.5,0.75738,-3.760568,0.0,0
2026-05-31T02:06:58.763489+00:00,regime_filtered,forward_optimized_long_ms_regime_filtered,persist,"INJUSDT,NEARUSDT,TIAUSDT","0-12,14-18,21-23",,True,active,2,0,0,0,0.0,,3,-4.274404,138,11,8,0.5,0.573441,-8.732348,0.0,0
2026-05-31T02:06:59.124612+00:00,inj_tia_regime_filtered,forward_optimized_long_ms_inj_tia_regime,persist,"INJUSDT,TIAUSDT","0-12,14-18,21-23",,True,active,0,0,0,0,0.0,,2,-1.622115,0,11,9,0.555556,1.848254,11.768097,0.0,0
2026-05-31T02:07:00.789541+00:00,inj_tia_plus_candidates,forward_optimized_long_ms_inj_tia_plus_candidates,persist,"INJUSDT,TIAUSDT,JUPUSDT,BOMEUSDT","0-12,14-18,21-23",,True,active,0,0,0,0,0.0,,2,-4.417439,1599,6,4,0.75,3.983276,14.815925,0.0,0
2026-05-31T02:07:01.123864+00:00,inj_tia_fast_time_stop,forward_optimized_long_ms_inj_tia_fast_ts300,persist,"INJUSDT,TIAUSDT","0-12,14-18,21-23",300,True,active,0,0,0,0,0.0,,1,-1.154419,40,7,6,0.333333,0.442453,-6.09261,0.0,0
2026-05-31T02:07:01.459948+00:00,inj_fast_tia_standard,forward_optimized_long_ms_inj_fast_tia_standard,persist,"INJUSDT,TIAUSDT","0-12,14-18,21-23","{'INJUSDT': 300, 'TIAUSDT': 600}",True,active,0,0,0,0,0.0,,2,-2.691176,0,9,7,0.571429,0.993058,-0.055584,0.0,0
2026-05-31T02:07:01.501686+00:00,inj_fast_time_stop,forward_optimized_long_ms_inj_fast_ts300,persist,INJUSDT,"0-12,14-18,21-23",300,True,active,0,0,0,0,0.0,,1,-1.154419,0,8,7,0.571429,2.115314,4.1925,0.0,0
2026-05-31T02:07:01.540932+00:00,tia_fast_time_stop,forward_optimized_long_ms_tia_fast_ts300,persist,TIAUSDT,"0-12,14-18,21-23",300,True,active,0,0,0,0,0.0,,0,0,40,2,2,0.0,0.0,-6.6894,0.0,0
2026-05-31T02:07:01.583256+00:00,inj_only,forward_optimized_long_ms_inj_only,persist,INJUSDT,"0-12,14-18,21-23",,True,active,0,0,0,0,0.0,,1,-2.880682,0,5,4,0.75,6.478493,18.056416,0.0,0
2026-05-31T02:07:01.609048+00:00,tia_only,forward_optimized_long_ms_tia_only,persist,TIAUSDT,"0-12,14-18,21-23",,True,active,0,0,0,0,0.0,,1,-1.536757,0,3,2,0.5,1.154379,0.766695,0.0,0
2026-05-31T02:07:01.651697+00:00,near_only_observation,forward_optimized_long_ms_near_only_observation,persist,NEARUSDT,"0-12,14-18,21-23",,True,active,2,0,0,0,0.0,,1,0.143035,138,6,5,0.4,0.098156,-11.129606,0.0,0
2026-05-31T02:07:02.351915+00:00,utc_01_cluster,forward_optimized_long_ms_utc01,persist,"INJUSDT,NEARUSDT,TIAUSDT",1,,True,active,1,0,0,0,0.0,,1,0.467942,1411,2,1,0.0,0.0,-4.966327,0.0,0
2026-05-31T02:12:04.077931+00:00,baseline,forward_optimized_long_ms_baseline,persist,"INJUSDT,NEARUSDT,TIAUSDT",,,True,active,1,0,0,0,0.0,,3,-4.739267,6,11,8,0.5,0.75738,-3.760568,0.0,0
2026-05-31T02:12:04.727345+00:00,regime_filtered,forward_optimized_long_ms_regime_filtered,persist,"INJUSDT,NEARUSDT,TIAUSDT","0-12,14-18,21-23",,True,active,1,0,0,0,0.0,,3,-4.739267,6,11,8,0.5,0.573441,-8.732348,0.0,0
2026-05-31T02:12:05.085270+00:00,inj_tia_regime_filtered,forward_optimized_long_ms_inj_tia_regime,persist,"INJUSDT,TIAUSDT","0-12,14-18,21-23",,True,active,0,0,0,0,0.0,,2,-1.622115,0,11,9,0.555556,1.848254,11.768097,0.0,0
2026-05-31T02:12:06.617877+00:00,inj_tia_plus_candidates,forward_optimized_long_ms_inj_tia_plus_candidates,persist,"INJUSDT,TIAUSDT,JUPUSDT,BOMEUSDT","0-12,14-18,21-23",,True,active,0,0,0,0,0.0,,2,-4.417439,1599,6,4,0.75,3.983276,14.815925,0.0,0
2026-05-31T02:12:06.956820+00:00,inj_tia_fast_time_stop,forward_optimized_long_ms_inj_tia_fast_ts300,persist,"INJUSDT,TIAUSDT","0-12,14-18,21-23",300,True,active,0,0,0,0,0.0,,1,-1.154419,40,7,6,0.333333,0.442453,-6.09261,0.0,0
2026-05-31T02:12:07.300859+00:00,inj_fast_tia_standard,forward_optimized_long_ms_inj_fast_tia_standard,persist,"INJUSDT,TIAUSDT","0-12,14-18,21-23","{'INJUSDT': 300, 'TIAUSDT': 600}",True,active,0,0,0,0,0.0,,2,-2.691176,0,9,7,0.571429,0.993058,-0.055584,0.0,0
2026-05-31T02:12:07.332810+00:00,inj_fast_time_stop,forward_optimized_long_ms_inj_fast_ts300,persist,INJUSDT,"0-12,14-18,21-23",300,True,active,0,0,0,0,0.0,,1,-1.154419,0,8,7,0.571429,2.115314,4.1925,0.0,0
2026-05-31T02:12:07.358755+00:00,tia_fast_time_stop,forward_optimized_long_ms_tia_fast_ts300,persist,TIAUSDT,"0-12,14-18,21-23",300,True,active,0,0,0,0,0.0,,0,0,40,2,2,0.0,0.0,-6.6894,0.0,0
2026-05-31T02:12:07.394397+00:00,inj_only,forward_optimized_long_ms_inj_only,persist,INJUSDT,"0-12,14-18,21-23",,True,active,0,0,0,0,0.0,,1,-2.880682,0,5,4,0.75,6.478493,18.056416,0.0,0
2026-05-31T02:12:07.431083+00:00,tia_only,forward_optimized_long_ms_tia_only,persist,TIAUSDT,"0-12,14-18,21-23",,True,active,0,0,0,0,0.0,,1,-1.536757,0,3,2,0.5,1.154379,0.766695,0.0,0
2026-05-31T02:12:07.469542+00:00,near_only_observation,forward_optimized_long_ms_near_only_observation,persist,NEARUSDT,"0-12,14-18,21-23",,True,active,1,0,0,0,0.0,,1,-0.321828,6,6,5,0.4,0.098156,-11.129606,0.0,0
2026-05-31T02:12:08.139462+00:00,utc_01_cluster,forward_optimized_long_ms_utc01,persist,"INJUSDT,NEARUSDT,TIAUSDT",1,,True,active,1,0,0,0,0.0,,1,0.0,1385,2,1,0.0,0.0,-4.966327,0.0,0
2026-05-31T02:17:09.899076+00:00,baseline,forward_optimized_long_ms_baseline,persist,"INJUSDT,NEARUSDT,TIAUSDT",,,True,active,1,0,0,0,0.0,,3,-4.095611,13,11,8,0.5,0.75738,-3.760568,0.0,0
2026-05-31T02:17:10.554956+00:00,regime_filtered,forward_optimized_long_ms_regime_filtered,persist,"INJUSDT,NEARUSDT,TIAUSDT","0-12,14-18,21-23",,True,active,1,0,0,0,0.0,,3,-4.095611,13,11,8,0.5,0.573441,-8.732348,0.0,0
2026-05-31T02:17:10.915595+00:00,inj_tia_regime_filtered,forward_optimized_long_ms_inj_tia_regime,persist,"INJUSDT,TIAUSDT","0-12,14-18,21-23",,True,active,0,0,0,0,0.0,,2,-1.622115,0,11,9,0.555556,1.848254,11.768097,0.0,0
2026-05-31T02:17:12.933256+00:00,inj_tia_plus_candidates,forward_optimized_long_ms_inj_tia_plus_candidates,persist,"INJUSDT,TIAUSDT,JUPUSDT,BOMEUSDT","0-12,14-18,21-23",,True,active,0,0,0,0,0.0,,2,-4.417439,1599,6,4,0.75,3.983276,14.815925,0.0,0
2026-05-31T02:17:13.269466+00:00,inj_tia_fast_time_stop,forward_optimized_long_ms_inj_tia_fast_ts300,persist,"INJUSDT,TIAUSDT","0-12,14-18,21-23",300,True,active,0,0,0,0,0.0,,1,-1.154419,40,7,6,0.333333,0.442453,-6.09261,0.0,0
2026-05-31T02:17:13.608188+00:00,inj_fast_tia_standard,forward_optimized_long_ms_inj_fast_tia_standard,persist,"INJUSDT,TIAUSDT","0-12,14-18,21-23","{'INJUSDT': 300, 'TIAUSDT': 600}",True,active,0,0,0,0,0.0,,2,-2.691176,0,9,7,0.571429,0.993058,-0.055584,0.0,0
2026-05-31T02:17:13.652514+00:00,inj_fast_time_stop,forward_optimized_long_ms_inj_fast_ts300,persist,INJUSDT,"0-12,14-18,21-23",300,True,active,0,0,0,0,0.0,,1,-1.154419,0,8,7,0.571429,2.115314,4.1925,0.0,0
2026-05-31T02:17:13.692272+00:00,tia_fast_time_stop,forward_optimized_long_ms_tia_fast_ts300,persist,TIAUSDT,"0-12,14-18,21-23",300,True,active,0,0,0,0,0.0,,0,0,40,2,2,0.0,0.0,-6.6894,0.0,0
2026-05-31T02:17:13.737492+00:00,inj_only,forward_optimized_long_ms_inj_only,persist,INJUSDT,"0-12,14-18,21-23",,True,active,0,0,0,0,0.0,,1,-2.880682,0,5,4,0.75,6.478493,18.056416,0.0,0
2026-05-31T02:17:13.783797+00:00,tia_only,forward_optimized_long_ms_tia_only,persist,TIAUSDT,"0-12,14-18,21-23",,True,active,0,0,0,0,0.0,,1,-1.536757,0,3,2,0.5,1.154379,0.766695,0.0,0
2026-05-31T02:17:13.828693+00:00,near_only_observation,forward_optimized_long_ms_near_only_observation,persist,NEARUSDT,"0-12,14-18,21-23",,True,active,1,0,0,0,0.0,,1,0.321828,13,6,5,0.4,0.098156,-11.129606,0.0,0
2026-05-31T02:17:14.523976+00:00,utc_01_cluster,forward_optimized_long_ms_utc01,persist,"INJUSDT,NEARUSDT,TIAUSDT",1,,True,active,1,0,0,0,0.0,,1,0.64792,1392,2,1,0.0,0.0,-4.966327,0.0,0
2026-05-31T02:22:16.053249+00:00,baseline,forward_optimized_long_ms_baseline,persist,"INJUSDT,NEARUSDT,TIAUSDT",,,True,active,2,0,0,0,0.0,,3,-4.058398,22,11,8,0.5,0.75738,-3.760568,0.0,0
2026-05-31T02:22:16.706670+00:00,regime_filtered,forward_optimized_long_ms_regime_filtered,persist,"INJUSDT,NEARUSDT,TIAUSDT","0-12,14-18,21-23",,True,active,2,0,0,0,0.0,,3,-4.058398,22,11,8,0.5,0.573441,-8.732348,0.0,0
2026-05-31T02:22:17.065699+00:00,inj_tia_regime_filtered,forward_optimized_long_ms_inj_tia_regime,persist,"INJUSDT,TIAUSDT","0-12,14-18,21-23",,True,active,1,0,0,0,0.0,,2,-1.731861,2,11,9,0.555556,1.848254,11.768097,0.0,0
2026-05-31T02:22:19.322001+00:00,inj_tia_plus_candidates,forward_optimized_long_ms_inj_tia_plus_candidates,persist,"INJUSDT,TIAUSDT,JUPUSDT,BOMEUSDT","0-12,14-18,21-23",,True,active,1,0,0,0,0.0,,2,-4.52326,1601,6,4,0.75,3.983276,14.815925,0.0,0
2026-05-31T02:22:19.664893+00:00,inj_tia_fast_time_stop,forward_optimized_long_ms_inj_tia_fast_ts300,persist,"INJUSDT,TIAUSDT","0-12,14-18,21-23",300,True,active,1,0,0,0,0.0,,1,-1.262646,42,7,6,0.333333,0.442453,-6.09261,0.0,0
2026-05-31T02:22:20.006692+00:00,inj_fast_tia_standard,forward_optimized_long_ms_inj_fast_tia_standard,persist,"INJUSDT,TIAUSDT","0-12,14-18,21-23","{'INJUSDT': 300, 'TIAUSDT': 600}",True,active,1,0,0,0,0.0,,2,-2.799403,2,9,7,0.571429,0.993058,-0.055584,0.0,0
2026-05-31T02:22:20.050004+00:00,inj_fast_time_stop,forward_optimized_long_ms_inj_fast_ts300,persist,INJUSDT,"0-12,14-18,21-23",300,True,active,1,0,0,0,0.0,,1,-1.262646,2,8,7,0.571429,2.115314,4.1925,0.0,0
2026-05-31T02:22:20.089970+00:00,tia_fast_time_stop,forward_optimized_long_ms_tia_fast_ts300,persist,TIAUSDT,"0-12,14-18,21-23",300,True,active,0,0,0,0,0.0,,0,0,40,2,2,0.0,0.0,-6.6894,0.0,0
2026-05-31T02:22:20.138695+00:00,inj_only,forward_optimized_long_ms_inj_only,persist,INJUSDT,"0-12,14-18,21-23",,True,active,1,0,0,0,0.0,,1,-2.986503,2,5,4,0.75,6.478493,18.056416,0.0,0
2026-05-31T02:22:20.183958+00:00,tia_only,forward_optimized_long_ms_tia_only,persist,TIAUSDT,"0-12,14-18,21-23",,True,active,0,0,0,0,0.0,,1,-1.536757,0,3,2,0.5,1.154379,0.766695,0.0,0
2026-05-31T02:22:20.242680+00:00,near_only_observation,forward_optimized_long_ms_near_only_observation,persist,NEARUSDT,"0-12,14-18,21-23",,True,active,1,0,0,0,0.0,,1,0.464862,20,6,5,0.4,0.098156,-11.129606,0.0,0
2026-05-31T02:22:20.946660+00:00,utc_01_cluster,forward_optimized_long_ms_utc01,persist,"INJUSDT,NEARUSDT,TIAUSDT",1,,True,active,1,0,0,0,0.0,,1,0.791902,1399,2,1,0.0,0.0,-4.966327,0.0,0
2026-05-31T02:27:22.665938+00:00,baseline,forward_optimized_long_ms_baseline,persist,"INJUSDT,NEARUSDT,TIAUSDT",,,True,active,2,0,0,0,0.0,,3,-4.18725,13,11,8,0.5,0.75738,-3.760568,0.0,0
2026-05-31T02:27:23.296568+00:00,regime_filtered,forward_optimized_long_ms_regime_filtered,persist,"INJUSDT,NEARUSDT,TIAUSDT","0-12,14-18,21-23",,True,active,2,0,0,0,0.0,,3,-4.18725,13,11,8,0.5,0.573441,-8.732348,0.0,0
2026-05-31T02:27:23.630346+00:00,inj_tia_regime_filtered,forward_optimized_long_ms_inj_tia_regime,persist,"INJUSDT,TIAUSDT","0-12,14-18,21-23",,True,active,1,0,0,0,0.0,,2,-1.902577,1,11,9,0.555556,1.848254,11.768097,0.0,0
2026-05-31T02:27:25.367490+00:00,inj_tia_plus_candidates,forward_optimized_long_ms_inj_tia_plus_candidates,persist,"INJUSDT,TIAUSDT,JUPUSDT,BOMEUSDT","0-12,14-18,21-23",,True,active,1,0,0,0,0.0,,2,-4.687871,1600,6,4,0.75,3.983276,14.815925,0.0,0
2026-05-31T02:27:25.694220+00:00,inj_tia_fast_time_stop,forward_optimized_long_ms_inj_tia_fast_ts300,persist,"INJUSDT,TIAUSDT","0-12,14-18,21-23",300,True,active,1,0,0,0,0.0,,1,-1.430999,41,7,6,0.333333,0.442453,-6.09261,0.0,0
2026-05-31T02:27:26.020045+00:00,inj_fast_tia_standard,forward_optimized_long_ms_inj_fast_tia_standard,persist,"INJUSDT,TIAUSDT","0-12,14-18,21-23","{'INJUSDT': 300, 'TIAUSDT': 600}",True,active,1,0,0,0,0.0,,2,-2.967756,1,9,7,0.571429,0.993058,-0.055584,0.0,0
2026-05-31T02:27:26.044181+00:00,inj_fast_time_stop,forward_optimized_long_ms_inj_fast_ts300,persist,INJUSDT,"0-12,14-18,21-23",300,True,active,1,0,0,0,0.0,,1,-1.430999,1,8,7,0.571429,2.115314,4.1925,0.0,0
2026-05-31T02:27:26.065487+00:00,tia_fast_time_stop,forward_optimized_long_ms_tia_fast_ts300,persist,TIAUSDT,"0-12,14-18,21-23",300,True,active,0,0,0,0,0.0,,0,0,40,2,2,0.0,0.0,-6.6894,0.0,0
2026-05-31T02:27:26.091429+00:00,inj_only,forward_optimized_long_ms_inj_only,persist,INJUSDT,"0-12,14-18,21-23",,True,active,1,0,0,0,0.0,,1,-3.151114,1,5,4,0.75,6.478493,18.056416,0.0,0
2026-05-31T02:27:26.115353+00:00,tia_only,forward_optimized_long_ms_tia_only,persist,TIAUSDT,"0-12,14-18,21-23",,True,active,0,0,0,0,0.0,,1,-1.536757,0,3,2,0.5,1.154379,0.766695,0.0,0
2026-05-31T02:27:26.144459+00:00,near_only_observation,forward_optimized_long_ms_near_only_observation,persist,NEARUSDT,"0-12,14-18,21-23",,True,active,1,0,0,0,0.0,,1,0.500621,12,6,5,0.4,0.098156,-11.129606,0.0,0
2026-05-31T02:27:26.796228+00:00,utc_01_cluster,forward_optimized_long_ms_utc01,persist,"INJUSDT,NEARUSDT,TIAUSDT",1,,True,active,1,0,0,0,0.0,,1,0.827898,1391,2,1,0.0,0.0,-4.966327,0.0,0
2026-05-31T02:32:29.139935+00:00,baseline,forward_optimized_long_ms_baseline,persist,"INJUSDT,NEARUSDT,TIAUSDT",,,True,active,2,0,0,0,0.0,,3,-4.709931,4,11,8,0.5,0.75738,-3.760568,0.0,0
2026-05-31T02:32:29.772219+00:00,regime_filtered,forward_optimized_long_ms_regime_filtered,persist,"INJUSDT,NEARUSDT,TIAUSDT","0-12,14-18,21-23",,True,active,2,0,0,0,0.0,,3,-4.709931,4,11,8,0.5,0.573441,-8.732348,0.0,0
2026-05-31T02:32:30.107579+00:00,inj_tia_regime_filtered,forward_optimized_long_ms_inj_tia_regime,persist,"INJUSDT,TIAUSDT","0-12,14-18,21-23",,True,active,1,0,0,0,0.0,,2,-2.036711,1,11,9,0.555556,1.848254,11.768097,0.0,0
2026-05-31T02:32:32.072239+00:00,inj_tia_plus_candidates,forward_optimized_long_ms_inj_tia_plus_candidates,persist,"INJUSDT,TIAUSDT,JUPUSDT,BOMEUSDT","0-12,14-18,21-23",,True,active,1,0,0,0,0.0,,2,-4.817207,1600,6,4,0.75,3.983276,14.815925,0.0,0
2026-05-31T02:32:32.399737+00:00,inj_tia_fast_time_stop,forward_optimized_long_ms_inj_tia_fast_ts300,persist,"INJUSDT,TIAUSDT","0-12,14-18,21-23",300,True,active,1,0,0,0,0.0,,1,-1.563276,41,7,6,0.333333,0.442453,-6.09261,0.0,0
2026-05-31T02:32:32.727283+00:00,inj_fast_tia_standard,forward_optimized_long_ms_inj_fast_tia_standard,persist,"INJUSDT,TIAUSDT","0-12,14-18,21-23","{'INJUSDT': 300, 'TIAUSDT': 600}",True,active,1,0,0,0,0.0,,2,-3.100033,1,9,7,0.571429,0.993058,-0.055584,0.0,0
2026-05-31T02:32:32.751249+00:00,inj_fast_time_stop,forward_optimized_long_ms_inj_fast_ts300,persist,INJUSDT,"0-12,14-18,21-23",300,True,active,1,0,0,0,0.0,,1,-1.563276,1,8,7,0.571429,2.115314,4.1925,0.0,0
2026-05-31T02:32:32.772918+00:00,tia_fast_time_stop,forward_optimized_long_ms_tia_fast_ts300,persist,TIAUSDT,"0-12,14-18,21-23",300,True,active,0,0,0,0,0.0,,0,0,40,2,2,0.0,0.0,-6.6894,0.0,0
2026-05-31T02:32:32.798923+00:00,inj_only,forward_optimized_long_ms_inj_only,persist,INJUSDT,"0-12,14-18,21-23",,True,active,1,0,0,0,0.0,,1,-3.28045,1,5,4,0.75,6.478493,18.056416,0.0,0
2026-05-31T02:32:32.822991+00:00,tia_only,forward_optimized_long_ms_tia_only,persist,TIAUSDT,"0-12,14-18,21-23",,True,active,0,0,0,0,0.0,,1,-1.536757,0,3,2,0.5,1.154379,0.766695,0.0,0
2026-05-31T02:32:32.852746+00:00,near_only_observation,forward_optimized_long_ms_near_only_observation,persist,NEARUSDT,"0-12,14-18,21-23",,True,active,1,0,0,0,0.0,,1,0.107276,3,6,5,0.4,0.098156,-11.129606,0.0,0
2026-05-31T02:32:33.504598+00:00,utc_01_cluster,forward_optimized_long_ms_utc01,persist,"INJUSDT,NEARUSDT,TIAUSDT",1,,True,active,1,0,0,0,0.0,,1,0.431947,1382,2,1,0.0,0.0,-4.966327,0.0,0
2026-05-31T02:37:34.986312+00:00,baseline,forward_optimized_long_ms_baseline,persist,"INJUSDT,NEARUSDT,TIAUSDT",,,True,active,3,0,0,0,0.0,,3,-5.681147,8,11,8,0.5,0.75738,-3.760568,0.0,0
2026-05-31T02:37:35.614927+00:00,regime_filtered,forward_optimized_long_ms_regime_filtered,persist,"INJUSDT,NEARUSDT,TIAUSDT","0-12,14-18,21-23",,True,active,3,0,0,0,0.0,,3,-5.681147,8,11,8,0.5,0.573441,-8.732348,0.0,0
2026-05-31T02:37:35.949746+00:00,inj_tia_regime_filtered,forward_optimized_long_ms_inj_tia_regime,persist,"INJUSDT,TIAUSDT","0-12,14-18,21-23",,True,active,2,0,0,0,0.0,,2,-2.937718,4,11,9,0.555556,1.848254,11.768097,0.0,0
2026-05-31T02:37:37.535597+00:00,inj_tia_plus_candidates,forward_optimized_long_ms_inj_tia_plus_candidates,persist,"INJUSDT,TIAUSDT,JUPUSDT,BOMEUSDT","0-12,14-18,21-23",,True,active,2,0,0,0,0.0,,2,-5.716906,1603,6,4,0.75,3.983276,14.815925,0.0,0
2026-05-31T02:37:37.859999+00:00,inj_tia_fast_time_stop,forward_optimized_long_ms_inj_tia_fast_ts300,persist,"INJUSDT,TIAUSDT","0-12,14-18,21-23",300,True,active,1,0,0,0,0.0,,1,-1.599352,44,7,6,0.333333,0.442453,-6.09261,0.0,0
2026-05-31T02:37:38.185692+00:00,inj_fast_tia_standard,forward_optimized_long_ms_inj_fast_tia_standard,persist,"INJUSDT,TIAUSDT","0-12,14-18,21-23","{'INJUSDT': 300, 'TIAUSDT': 600}",True,active,2,0,0,0,0.0,,2,-4.000534,4,9,7,0.571429,0.993058,-0.055584,0.0,0
2026-05-31T02:37:38.208410+00:00,inj_fast_time_stop,forward_optimized_long_ms_inj_fast_ts300,persist,INJUSDT,"0-12,14-18,21-23",300,True,active,1,0,0,0,0.0,,1,-1.599352,2,8,7,0.571429,2.115314,4.1925,0.0,0
2026-05-31T02:37:38.227837+00:00,tia_fast_time_stop,forward_optimized_long_ms_tia_fast_ts300,persist,TIAUSDT,"0-12,14-18,21-23",300,True,active,0,0,0,0,0.0,,0,0,42,2,2,0.0,0.0,-6.6894,0.0,0
2026-05-31T02:37:38.252462+00:00,inj_only,forward_optimized_long_ms_inj_only,persist,INJUSDT,"0-12,14-18,21-23",,True,active,1,0,0,0,0.0,,1,-3.315724,2,5,4,0.75,6.478493,18.056416,0.0,0
2026-05-31T02:37:38.275841+00:00,tia_only,forward_optimized_long_ms_tia_only,persist,TIAUSDT,"0-12,14-18,21-23",,True,active,1,0,0,0,0.0,,1,-2.401182,2,3,2,0.5,1.154379,0.766695,0.0,0
2026-05-31T02:37:38.302927+00:00,near_only_observation,forward_optimized_long_ms_near_only_observation,persist,NEARUSDT,"0-12,14-18,21-23",,True,active,1,0,0,0,0.0,,1,0.035759,4,6,5,0.4,0.098156,-11.129606,0.0,0
2026-05-31T02:37:38.952629+00:00,utc_01_cluster,forward_optimized_long_ms_utc01,persist,"INJUSDT,NEARUSDT,TIAUSDT",1,,True,active,1,0,0,0,0.0,,1,0.359955,1385,2,1,0.0,0.0,-4.966327,0.0,0
2026-05-31T02:42:41.085135+00:00,baseline,forward_optimized_long_ms_baseline,persist,"INJUSDT,NEARUSDT,TIAUSDT",,,True,active,1,0,0,0,0.0,,3,-6.038734,6,11,8,0.5,0.75738,-3.760568,0.0,0
2026-05-31T02:42:41.713668+00:00,regime_filtered,forward_optimized_long_ms_regime_filtered,persist,"INJUSDT,NEARUSDT,TIAUSDT","0-12,14-18,21-23",,True,active,1,0,0,0,0.0,,3,-6.038734,6,11,8,0.5,0.573441,-8.732348,0.0,0
2026-05-31T02:42:42.046189+00:00,inj_tia_regime_filtered,forward_optimized_long_ms_inj_tia_regime,persist,"INJUSDT,TIAUSDT","0-12,14-18,21-23",,True,active,0,0,0,0,0.0,,2,-2.937718,0,11,9,0.555556,1.848254,11.768097,0.0,0
2026-05-31T02:42:43.583279+00:00,inj_tia_plus_candidates,forward_optimized_long_ms_inj_tia_plus_candidates,persist,"INJUSDT,TIAUSDT,JUPUSDT,BOMEUSDT","0-12,14-18,21-23",,True,active,0,0,0,0,0.0,,2,-5.716906,1599,6,4,0.75,3.983276,14.815925,0.0,0
2026-05-31T02:42:43.909055+00:00,inj_tia_fast_time_stop,forward_optimized_long_ms_inj_tia_fast_ts300,persist,"INJUSDT,TIAUSDT","0-12,14-18,21-23",300,True,active,0,0,0,0,0.0,,1,-1.599352,42,7,6,0.333333,0.442453,-6.09261,0.0,0
2026-05-31T02:42:44.233375+00:00,inj_fast_tia_standard,forward_optimized_long_ms_inj_fast_tia_standard,persist,"INJUSDT,TIAUSDT","0-12,14-18,21-23","{'INJUSDT': 300, 'TIAUSDT': 600}",True,active,0,0,0,0,0.0,,2,-4.000534,0,9,7,0.571429,0.993058,-0.055584,0.0,0
2026-05-31T02:42:44.255359+00:00,inj_fast_time_stop,forward_optimized_long_ms_inj_fast_ts300,persist,INJUSDT,"0-12,14-18,21-23",300,True,active,0,0,0,0,0.0,,1,-1.599352,0,8,7,0.571429,2.115314,4.1925,0.0,0
2026-05-31T02:42:44.275141+00:00,tia_fast_time_stop,forward_optimized_long_ms_tia_fast_ts300,persist,TIAUSDT,"0-12,14-18,21-23",300,True,active,0,0,0,0,0.0,,0,0,42,2,2,0.0,0.0,-6.6894,0.0,0
2026-05-31T02:42:44.298428+00:00,inj_only,forward_optimized_long_ms_inj_only,persist,INJUSDT,"0-12,14-18,21-23",,True,active,0,0,0,0,0.0,,1,-3.315724,0,5,4,0.75,6.478493,18.056416,0.0,0
2026-05-31T02:42:44.320515+00:00,tia_only,forward_optimized_long_ms_tia_only,persist,TIAUSDT,"0-12,14-18,21-23",,True,active,0,0,0,0,0.0,,1,-2.401182,0,3,2,0.5,1.154379,0.766695,0.0,0
2026-05-31T02:42:44.348098+00:00,near_only_observation,forward_optimized_long_ms_near_only_observation,persist,NEARUSDT,"0-12,14-18,21-23",,True,active,1,0,0,0,0.0,,1,-0.321828,6,6,5,0.4,0.098156,-11.129606,0.0,0
2026-05-31T02:42:45.000333+00:00,utc_01_cluster,forward_optimized_long_ms_utc01,persist,"INJUSDT,NEARUSDT,TIAUSDT",1,,True,active,1,0,0,0,0.0,,1,0.0,1387,2,1,0.0,0.0,-4.966327,0.0,0
2026-05-31T02:47:46.901749+00:00,baseline,forward_optimized_long_ms_baseline,persist,"INJUSDT,NEARUSDT,TIAUSDT",,,True,active,2,0,0,0,0.0,,3,-6.153403,10,11,8,0.5,0.75738,-3.760568,0.0,0
2026-05-31T02:47:47.531208+00:00,regime_filtered,forward_optimized_long_ms_regime_filtered,persist,"INJUSDT,NEARUSDT,TIAUSDT","0-12,14-18,21-23",,True,active,2,0,0,0,0.0,,3,-6.153403,10,11,8,0.5,0.573441,-8.732348,0.0,0
2026-05-31T02:47:47.864957+00:00,inj_tia_regime_filtered,forward_optimized_long_ms_inj_tia_regime,persist,"INJUSDT,TIAUSDT","0-12,14-18,21-23",,True,active,1,0,0,0,0.0,,2,-3.279151,3,11,9,0.555556,1.848254,11.768097,0.0,0
2026-05-31T02:47:49.800439+00:00,inj_tia_plus_candidates,forward_optimized_long_ms_inj_tia_plus_candidates,persist,"INJUSDT,TIAUSDT,JUPUSDT,BOMEUSDT","0-12,14-18,21-23",,True,active,1,0,0,0,0.0,,2,-6.046127,1602,6,4,0.75,3.983276,14.815925,0.0,0
2026-05-31T02:47:50.125312+00:00,inj_tia_fast_time_stop,forward_optimized_long_ms_inj_tia_fast_ts300,persist,"INJUSDT,TIAUSDT","0-12,14-18,21-23",300,True,active,1,0,0,0,0.0,,1,-1.936058,45,7,6,0.333333,0.442453,-6.09261,0.0,0
2026-05-31T02:47:50.450106+00:00,inj_fast_tia_standard,forward_optimized_long_ms_inj_fast_tia_standard,persist,"INJUSDT,TIAUSDT","0-12,14-18,21-23","{'INJUSDT': 300, 'TIAUSDT': 600}",True,active,1,0,0,0,0.0,,2,-4.33724,3,9,7,0.571429,0.993058,-0.055584,0.0,0
2026-05-31T02:47:50.472903+00:00,inj_fast_time_stop,forward_optimized_long_ms_inj_fast_ts300,persist,INJUSDT,"0-12,14-18,21-23",300,True,active,1,0,0,0,0.0,,1,-1.936058,3,8,7,0.571429,2.115314,4.1925,0.0,0
2026-05-31T02:47:50.492682+00:00,tia_fast_time_stop,forward_optimized_long_ms_tia_fast_ts300,persist,TIAUSDT,"0-12,14-18,21-23",300,True,active,0,0,0,0,0.0,,0,0,42,2,2,0.0,0.0,-6.6894,0.0,0
2026-05-31T02:47:50.517470+00:00,inj_only,forward_optimized_long_ms_inj_only,persist,INJUSDT,"0-12,14-18,21-23",,True,active,1,0,0,0,0.0,,1,-3.644945,3,5,4,0.75,6.478493,18.056416,0.0,0
2026-05-31T02:47:50.540049+00:00,tia_only,forward_optimized_long_ms_tia_only,persist,TIAUSDT,"0-12,14-18,21-23",,True,active,0,0,0,0,0.0,,1,-2.401182,0,3,2,0.5,1.154379,0.766695,0.0,0
2026-05-31T02:47:50.568284+00:00,near_only_observation,forward_optimized_long_ms_near_only_observation,persist,NEARUSDT,"0-12,14-18,21-23",,True,active,1,0,0,0,0.0,,1,-0.107276,7,6,5,0.4,0.098156,-11.129606,0.0,0
2026-05-31T02:47:51.220042+00:00,utc_01_cluster,forward_optimized_long_ms_utc01,persist,"INJUSDT,NEARUSDT,TIAUSDT",1,,True,active,1,0,0,0,0.0,,1,0.215973,1388,2,1,0.0,0.0,-4.966327,0.0,0
2026-05-31T02:52:53.133113+00:00,baseline,forward_optimized_long_ms_baseline,persist,"INJUSDT,NEARUSDT,TIAUSDT",,,True,active,2,0,0,0,0.0,,3,-6.317528,12,11,8,0.5,0.75738,-3.760568,0.0,0
2026-05-31T02:52:53.764086+00:00,regime_filtered,forward_optimized_long_ms_regime_filtered,persist,"INJUSDT,NEARUSDT,TIAUSDT","0-12,14-18,21-23",,True,active,2,0,0,0,0.0,,3,-6.317528,12,11,8,0.5,0.573441,-8.732348,0.0,0
2026-05-31T02:52:54.099375+00:00,inj_tia_regime_filtered,forward_optimized_long_ms_inj_tia_regime,persist,"INJUSDT,TIAUSDT","0-12,14-18,21-23",,True,active,1,0,0,0,0.0,,2,-3.486449,2,11,9,0.555556,1.848254,11.768097,0.0,0
2026-05-31T02:52:55.691115+00:00,inj_tia_plus_candidates,forward_optimized_long_ms_inj_tia_plus_candidates,persist,"INJUSDT,TIAUSDT,JUPUSDT,BOMEUSDT","0-12,14-18,21-23",,True,active,1,0,0,0,0.0,,2,-6.246011,1601,6,4,0.75,3.983276,14.815925,0.0,0
2026-05-31T02:52:56.016516+00:00,inj_tia_fast_time_stop,forward_optimized_long_ms_inj_tia_fast_ts300,persist,"INJUSDT,TIAUSDT","0-12,14-18,21-23",300,True,active,1,0,0,0,0.0,,1,-2.140486,44,7,6,0.333333,0.442453,-6.09261,0.0,0
2026-05-31T02:52:56.342440+00:00,inj_fast_tia_standard,forward_optimized_long_ms_inj_fast_tia_standard,persist,"INJUSDT,TIAUSDT","0-12,14-18,21-23","{'INJUSDT': 300, 'TIAUSDT': 600}",True,active,1,0,0,0,0.0,,2,-4.541668,2,9,7,0.571429,0.993058,-0.055584,0.0,0
2026-05-31T02:52:56.365826+00:00,inj_fast_time_stop,forward_optimized_long_ms_inj_fast_ts300,persist,INJUSDT,"0-12,14-18,21-23",300,True,active,1,0,0,0,0.0,,1,-2.140486,2,8,7,0.571429,2.115314,4.1925,0.0,0
2026-05-31T02:52:56.386434+00:00,tia_fast_time_stop,forward_optimized_long_ms_tia_fast_ts300,persist,TIAUSDT,"0-12,14-18,21-23",300,True,active,0,0,0,0,0.0,,0,0,42,2,2,0.0,0.0,-6.6894,0.0,0
2026-05-31T02:52:56.411898+00:00,inj_only,forward_optimized_long_ms_inj_only,persist,INJUSDT,"0-12,14-18,21-23",,True,active,1,0,0,0,0.0,,1,-3.844829,2,5,4,0.75,6.478493,18.056416,0.0,0
2026-05-31T02:52:56.434713+00:00,tia_only,forward_optimized_long_ms_tia_only,persist,TIAUSDT,"0-12,14-18,21-23",,True,active,0,0,0,0,0.0,,1,-2.401182,0,3,2,0.5,1.154379,0.766695,0.0,0
2026-05-31T02:52:56.463592+00:00,near_only_observation,forward_optimized_long_ms_near_only_observation,persist,NEARUSDT,"0-12,14-18,21-23",,True,active,1,0,0,0,0.0,,1,-0.071517,10,6,5,0.4,0.098156,-11.129606,0.0,0
2026-05-31T02:52:57.117037+00:00,utc_01_cluster,forward_optimized_long_ms_utc01,persist,"INJUSDT,NEARUSDT,TIAUSDT",1,,True,active,1,0,0,0,0.0,,1,0.251969,1391,2,1,0.0,0.0,-4.966327,0.0,0
2026-05-31T02:57:59.444109+00:00,baseline,forward_optimized_long_ms_baseline,persist,"INJUSDT,NEARUSDT,TIAUSDT",,,True,active,1,0,0,0,0.0,,3,-6.031459,3,11,8,0.5,0.75738,-3.760568,0.0,0
2026-05-31T02:58:00.072500+00:00,regime_filtered,forward_optimized_long_ms_regime_filtered,persist,"INJUSDT,NEARUSDT,TIAUSDT","0-12,14-18,21-23",,True,active,1,0,0,0,0.0,,3,-6.031459,3,11,8,0.5,0.573441,-8.732348,0.0,0
2026-05-31T02:58:00.410989+00:00,inj_tia_regime_filtered,forward_optimized_long_ms_inj_tia_regime,persist,"INJUSDT,TIAUSDT","0-12,14-18,21-23",,True,active,0,0,0,0,0.0,,2,-3.486449,0,11,9,0.555556,1.848254,11.768097,0.0,0
2026-05-31T02:58:01.945447+00:00,inj_tia_plus_candidates,forward_optimized_long_ms_inj_tia_plus_candidates,persist,"INJUSDT,TIAUSDT,JUPUSDT,BOMEUSDT","0-12,14-18,21-23",,True,active,0,0,0,0,0.0,,2,-6.246011,1599,6,4,0.75,3.983276,14.815925,0.0,0
2026-05-31T02:58:02.270821+00:00,inj_tia_fast_time_stop,forward_optimized_long_ms_inj_tia_fast_ts300,persist,"INJUSDT,TIAUSDT","0-12,14-18,21-23",300,True,active,0,0,0,0,0.0,,1,-2.140486,42,7,6,0.333333,0.442453,-6.09261,0.0,0
2026-05-31T02:58:02.595798+00:00,inj_fast_tia_standard,forward_optimized_long_ms_inj_fast_tia_standard,persist,"INJUSDT,TIAUSDT","0-12,14-18,21-23","{'INJUSDT': 300, 'TIAUSDT': 600}",True,active,0,0,0,0,0.0,,2,-4.541668,0,9,7,0.571429,0.993058,-0.055584,0.0,0
2026-05-31T02:58:02.618398+00:00,inj_fast_time_stop,forward_optimized_long_ms_inj_fast_ts300,persist,INJUSDT,"0-12,14-18,21-23",300,True,active,0,0,0,0,0.0,,1,-2.140486,0,8,7,0.571429,2.115314,4.1925,0.0,0
2026-05-31T02:58:02.638500+00:00,tia_fast_time_stop,forward_optimized_long_ms_tia_fast_ts300,persist,TIAUSDT,"0-12,14-18,21-23",300,True,active,0,0,0,0,0.0,,0,0,42,2,2,0.0,0.0,-6.6894,0.0,0
2026-05-31T02:58:02.661956+00:00,inj_only,forward_optimized_long_ms_inj_only,persist,INJUSDT,"0-12,14-18,21-23",,True,active,0,0,0,0,0.0,,1,-3.844829,0,5,4,0.75,6.478493,18.056416,0.0,0
2026-05-31T02:58:02.684240+00:00,tia_only,forward_optimized_long_ms_tia_only,persist,TIAUSDT,"0-12,14-18,21-23",,True,active,0,0,0,0,0.0,,1,-2.401182,0,3,2,0.5,1.154379,0.766695,0.0,0
2026-05-31T02:58:02.711784+00:00,near_only_observation,forward_optimized_long_ms_near_only_observation,persist,NEARUSDT,"0-12,14-18,21-23",,True,active,1,0,0,0,0.0,,1,0.214552,3,6,5,0.4,0.098156,-11.129606,0.0,0
2026-05-31T02:58:03.361589+00:00,utc_01_cluster,forward_optimized_long_ms_utc01,persist,"INJUSDT,NEARUSDT,TIAUSDT",1,,True,active,1,0,0,0,0.0,,1,0.539933,1384,2,1,0.0,0.0,-4.966327,0.0,0
2026-05-31T03:03:05.502336+00:00,baseline,forward_optimized_long_ms_baseline,persist,"INJUSDT,NEARUSDT,TIAUSDT",,,True,active,2,0,0,0,0.0,,3,-5.546476,10,11,8,0.5,0.75738,-3.760568,0.0,0
2026-05-31T03:03:06.130406+00:00,regime_filtered,forward_optimized_long_ms_regime_filtered,persist,"INJUSDT,NEARUSDT,TIAUSDT","0-12,14-18,21-23",,True,active,2,0,0,0,0.0,,3,-5.546476,10,11,8,0.5,0.573441,-8.732348,0.0,0
2026-05-31T03:03:06.463413+00:00,inj_tia_regime_filtered,forward_optimized_long_ms_inj_tia_regime,persist,"INJUSDT,TIAUSDT","0-12,14-18,21-23",,True,active,1,0,0,0,0.0,,2,-3.205987,3,11,9,0.555556,1.848254,11.768097,0.0,0
2026-05-31T03:03:08.203140+00:00,inj_tia_plus_candidates,forward_optimized_long_ms_inj_tia_plus_candidates,persist,"INJUSDT,TIAUSDT,JUPUSDT,BOMEUSDT","0-12,14-18,21-23",,True,active,1,0,0,0,0.0,,2,-5.97558,1602,6,4,0.75,3.983276,14.815925,0.0,0
2026-05-31T03:03:08.528004+00:00,inj_tia_fast_time_stop,forward_optimized_long_ms_inj_tia_fast_ts300,persist,"INJUSDT,TIAUSDT","0-12,14-18,21-23",300,True,active,1,0,0,0,0.0,,1,-1.863906,45,7,6,0.333333,0.442453,-6.09261,0.0,0
2026-05-31T03:03:08.853506+00:00,inj_fast_tia_standard,forward_optimized_long_ms_inj_fast_tia_standard,persist,"INJUSDT,TIAUSDT","0-12,14-18,21-23","{'INJUSDT': 300, 'TIAUSDT': 600}",True,active,1,0,0,0,0.0,,2,-4.265088,3,9,7,0.571429,0.993058,-0.055584,0.0,0
2026-05-31T03:03:08.876575+00:00,inj_fast_time_stop,forward_optimized_long_ms_inj_fast_ts300,persist,INJUSDT,"0-12,14-18,21-23",300,True,active,1,0,0,0,0.0,,1,-1.863906,3,8,7,0.571429,2.115314,4.1925,0.0,0
2026-05-31T03:03:08.896378+00:00,tia_fast_time_stop,forward_optimized_long_ms_tia_fast_ts300,persist,TIAUSDT,"0-12,14-18,21-23",300,True,active,0,0,0,0,0.0,,0,0,42,2,2,0.0,0.0,-6.6894,0.0,0
2026-05-31T03:03:08.921206+00:00,inj_only,forward_optimized_long_ms_inj_only,persist,INJUSDT,"0-12,14-18,21-23",,True,active,1,0,0,0,0.0,,1,-3.574398,3,5,4,0.75,6.478493,18.056416,0.0,0
2026-05-31T03:03:08.943256+00:00,tia_only,forward_optimized_long_ms_tia_only,persist,TIAUSDT,"0-12,14-18,21-23",,True,active,0,0,0,0,0.0,,1,-2.401182,0,3,2,0.5,1.154379,0.766695,0.0,0
2026-05-31T03:03:08.971200+00:00,near_only_observation,forward_optimized_long_ms_near_only_observation,persist,NEARUSDT,"0-12,14-18,21-23",,True,active,1,0,0,0,0.0,,1,0.429104,7,6,5,0.4,0.098156,-11.129606,0.0,0
2026-05-31T03:03:09.626328+00:00,utc_01_cluster,forward_optimized_long_ms_utc01,persist,"INJUSDT,NEARUSDT,TIAUSDT",1,,True,active,1,0,0,0,0.0,,1,0.755906,1388,2,1,0.0,0.0,-4.966327,0.0,0
2026-05-31T03:08:11.113671+00:00,baseline,forward_optimized_long_ms_baseline,persist,"INJUSDT,NEARUSDT,TIAUSDT",,,True,active,2,0,0,0,0.0,,3,-6.099096,9,11,8,0.5,0.75738,-3.760568,0.0,0
2026-05-31T03:08:11.745778+00:00,regime_filtered,forward_optimized_long_ms_regime_filtered,persist,"INJUSDT,NEARUSDT,TIAUSDT","0-12,14-18,21-23",,True,active,2,0,0,0,0.0,,3,-6.099096,9,11,8,0.5,0.573441,-8.732348,0.0,0
2026-05-31T03:08:12.082274+00:00,inj_tia_regime_filtered,forward_optimized_long_ms_inj_tia_regime,persist,"INJUSDT,TIAUSDT","0-12,14-18,21-23",,True,active,1,0,0,0,0.0,,2,-3.779105,6,11,9,0.555556,1.848254,11.768097,0.0,0
2026-05-31T03:08:13.680769+00:00,inj_tia_plus_candidates,forward_optimized_long_ms_inj_tia_plus_candidates,persist,"INJUSDT,TIAUSDT,JUPUSDT,BOMEUSDT","0-12,14-18,21-23",,True,active,1,0,0,0,0.0,,2,-6.5282,1605,6,4,0.75,3.983276,14.815925,0.0,0
2026-05-31T03:08:14.008141+00:00,inj_tia_fast_time_stop,forward_optimized_long_ms_inj_tia_fast_ts300,persist,"INJUSDT,TIAUSDT","0-12,14-18,21-23",300,True,active,1,0,0,0,0.0,,1,-2.429091,48,7,6,0.333333,0.442453,-6.09261,0.0,0
2026-05-31T03:08:14.335651+00:00,inj_fast_tia_standard,forward_optimized_long_ms_inj_fast_tia_standard,persist,"INJUSDT,TIAUSDT","0-12,14-18,21-23","{'INJUSDT': 300, 'TIAUSDT': 600}",True,active,1,0,0,0,0.0,,2,-4.830273,6,9,7,0.571429,0.993058,-0.055584,0.0,0
2026-05-31T03:08:14.360084+00:00,inj_fast_time_stop,forward_optimized_long_ms_inj_fast_ts300,persist,INJUSDT,"0-12,14-18,21-23",300,True,active,1,0,0,0,0.0,,1,-2.429091,6,8,7,0.571429,2.115314,4.1925,0.0,0
2026-05-31T03:08:14.380872+00:00,tia_fast_time_stop,forward_optimized_long_ms_tia_fast_ts300,persist,TIAUSDT,"0-12,14-18,21-23",300,True,active,0,0,0,0,0.0,,0,0,42,2,2,0.0,0.0,-6.6894,0.0,0
2026-05-31T03:08:14.407146+00:00,inj_only,forward_optimized_long_ms_inj_only,persist,INJUSDT,"0-12,14-18,21-23",,True,active,1,0,0,0,0.0,,1,-4.127018,6,5,4,0.75,6.478493,18.056416,0.0,0
2026-05-31T03:08:14.430498+00:00,tia_only,forward_optimized_long_ms_tia_only,persist,TIAUSDT,"0-12,14-18,21-23",,True,active,0,0,0,0,0.0,,1,-2.401182,0,3,2,0.5,1.154379,0.766695,0.0,0
2026-05-31T03:08:14.459549+00:00,near_only_observation,forward_optimized_long_ms_near_only_observation,persist,NEARUSDT,"0-12,14-18,21-23",,True,active,1,0,0,0,0.0,,1,0.429104,3,6,5,0.4,0.098156,-11.129606,0.0,0
2026-05-31T03:08:15.111572+00:00,utc_01_cluster,forward_optimized_long_ms_utc01,persist,"INJUSDT,NEARUSDT,TIAUSDT",1,,True,active,1,0,0,0,0.0,,1,0.755906,1384,2,1,0.0,0.0,-4.966327,0.0,0
2026-05-31T03:13:16.837066+00:00,baseline,forward_optimized_long_ms_baseline,persist,"INJUSDT,NEARUSDT,TIAUSDT",,,True,active,2,0,0,0,0.0,,3,-6.162251,6,11,8,0.5,0.75738,-3.760568,0.0,0
2026-05-31T03:13:17.469011+00:00,regime_filtered,forward_optimized_long_ms_regime_filtered,persist,"INJUSDT,NEARUSDT,TIAUSDT","0-12,14-18,21-23",,True,active,2,0,0,0,0.0,,3,-6.162251,6,11,8,0.5,0.573441,-8.732348,0.0,0
2026-05-31T03:13:17.802840+00:00,inj_tia_regime_filtered,forward_optimized_long_ms_inj_tia_regime,persist,"INJUSDT,TIAUSDT","0-12,14-18,21-23",,True,active,1,0,0,0,0.0,,2,-3.510837,2,11,9,0.555556,1.848254,11.768097,0.0,0
2026-05-31T03:13:19.344918+00:00,inj_tia_plus_candidates,forward_optimized_long_ms_inj_tia_plus_candidates,persist,"INJUSDT,TIAUSDT,JUPUSDT,BOMEUSDT","0-12,14-18,21-23",,True,active,1,0,0,0,0.0,,2,-6.269527,1601,6,4,0.75,3.983276,14.815925,0.0,0
2026-05-31T03:13:19.671620+00:00,inj_tia_fast_time_stop,forward_optimized_long_ms_inj_tia_fast_ts300,persist,"INJUSDT,TIAUSDT","0-12,14-18,21-23",300,True,active,1,0,0,0,0.0,,1,-2.164536,44,7,6,0.333333,0.442453,-6.09261,0.0,0
2026-05-31T03:13:19.999063+00:00,inj_fast_tia_standard,forward_optimized_long_ms_inj_fast_tia_standard,persist,"INJUSDT,TIAUSDT","0-12,14-18,21-23","{'INJUSDT': 300, 'TIAUSDT': 600}",True,active,1,0,0,0,0.0,,2,-4.565718,2,9,7,0.571429,0.993058,-0.055584,0.0,0
2026-05-31T03:13:20.023309+00:00,inj_fast_time_stop,forward_optimized_long_ms_inj_fast_ts300,persist,INJUSDT,"0-12,14-18,21-23",300,True,active,1,0,0,0,0.0,,1,-2.164536,2,8,7,0.571429,2.115314,4.1925,0.0,0
2026-05-31T03:13:20.044334+00:00,tia_fast_time_stop,forward_optimized_long_ms_tia_fast_ts300,persist,TIAUSDT,"0-12,14-18,21-23",300,True,active,0,0,0,0,0.0,,0,0,42,2,2,0.0,0.0,-6.6894,0.0,0
2026-05-31T03:13:20.070136+00:00,inj_only,forward_optimized_long_ms_inj_only,persist,INJUSDT,"0-12,14-18,21-23",,True,active,1,0,0,0,0.0,,1,-3.868345,2,5,4,0.75,6.478493,18.056416,0.0,0
2026-05-31T03:13:20.093297+00:00,tia_only,forward_optimized_long_ms_tia_only,persist,TIAUSDT,"0-12,14-18,21-23",,True,active,0,0,0,0,0.0,,1,-2.401182,0,3,2,0.5,1.154379,0.766695,0.0,0
2026-05-31T03:13:20.122611+00:00,near_only_observation,forward_optimized_long_ms_near_only_observation,persist,NEARUSDT,"0-12,14-18,21-23",,True,active,1,0,0,0,0.0,,1,0.107276,4,6,5,0.4,0.098156,-11.129606,0.0,0
2026-05-31T03:13:20.774539+00:00,utc_01_cluster,forward_optimized_long_ms_utc01,persist,"INJUSDT,NEARUSDT,TIAUSDT",1,,True,active,1,0,0,0,0.0,,1,0.431947,1385,2,1,0.0,0.0,-4.966327,0.0,0
2026-05-31T03:18:22.477715+00:00,baseline,forward_optimized_long_ms_baseline,persist,"INJUSDT,NEARUSDT,TIAUSDT",,,True,active,1,0,0,0,0.0,,3,-6.19801,14,11,8,0.5,0.75738,-3.760568,0.0,0
2026-05-31T03:18:23.109258+00:00,regime_filtered,forward_optimized_long_ms_regime_filtered,persist,"INJUSDT,NEARUSDT,TIAUSDT","0-12,14-18,21-23",,True,active,1,0,0,0,0.0,,3,-6.19801,14,11,8,0.5,0.573441,-8.732348,0.0,0
2026-05-31T03:18:23.442936+00:00,inj_tia_regime_filtered,forward_optimized_long_ms_inj_tia_regime,persist,"INJUSDT,TIAUSDT","0-12,14-18,21-23",,True,active,0,0,0,0,0.0,,2,-3.510837,0,11,9,0.555556,1.848254,11.768097,0.0,0
2026-05-31T03:18:24.976478+00:00,inj_tia_plus_candidates,forward_optimized_long_ms_inj_tia_plus_candidates,persist,"INJUSDT,TIAUSDT,JUPUSDT,BOMEUSDT","0-12,14-18,21-23",,True,active,0,0,0,0,0.0,,2,-6.269527,1599,6,4,0.75,3.983276,14.815925,0.0,0
2026-05-31T03:18:25.302198+00:00,inj_tia_fast_time_stop,forward_optimized_long_ms_inj_tia_fast_ts300,persist,"INJUSDT,TIAUSDT","0-12,14-18,21-23",300,True,active,0,0,0,0,0.0,,1,-2.164536,42,7,6,0.333333,0.442453,-6.09261,0.0,0
2026-05-31T03:18:25.627970+00:00,inj_fast_tia_standard,forward_optimized_long_ms_inj_fast_tia_standard,persist,"INJUSDT,TIAUSDT","0-12,14-18,21-23","{'INJUSDT': 300, 'TIAUSDT': 600}",True,active,0,0,0,0,0.0,,2,-4.565718,0,9,7,0.571429,0.993058,-0.055584,0.0,0
2026-05-31T03:18:25.651498+00:00,inj_fast_time_stop,forward_optimized_long_ms_inj_fast_ts300,persist,INJUSDT,"0-12,14-18,21-23",300,True,active,0,0,0,0,0.0,,1,-2.164536,0,8,7,0.571429,2.115314,4.1925,0.0,0
2026-05-31T03:18:25.672725+00:00,tia_fast_time_stop,forward_optimized_long_ms_tia_fast_ts300,persist,TIAUSDT,"0-12,14-18,21-23",300,True,active,0,0,0,0,0.0,,0,0,42,2,2,0.0,0.0,-6.6894,0.0,0
2026-05-31T03:18:25.697706+00:00,inj_only,forward_optimized_long_ms_inj_only,persist,INJUSDT,"0-12,14-18,21-23",,True,active,0,0,0,0,0.0,,1,-3.868345,0,5,4,0.75,6.478493,18.056416,0.0,0
2026-05-31T03:18:25.721244+00:00,tia_only,forward_optimized_long_ms_tia_only,persist,TIAUSDT,"0-12,14-18,21-23",,True,active,0,0,0,0,0.0,,1,-2.401182,0,3,2,0.5,1.154379,0.766695,0.0,0
2026-05-31T03:18:25.751471+00:00,near_only_observation,forward_optimized_long_ms_near_only_observation,persist,NEARUSDT,"0-12,14-18,21-23",,True,active,1,0,0,0,0.0,,1,0.071517,14,6,5,0.4,0.098156,-11.129606,0.0,0
2026-05-31T03:18:26.405040+00:00,utc_01_cluster,forward_optimized_long_ms_utc01,persist,"INJUSDT,NEARUSDT,TIAUSDT",1,,True,active,1,0,0,0,0.0,,1,0.395951,1395,2,1,0.0,0.0,-4.966327,0.0,0
2026-05-31T03:23:28.329930+00:00,baseline,forward_optimized_long_ms_baseline,persist,"INJUSDT,NEARUSDT,TIAUSDT",,,True,active,1,0,0,0,0.0,,3,-6.019216,25,11,8,0.5,0.75738,-3.760568,0.0,0
2026-05-31T03:23:28.961621+00:00,regime_filtered,forward_optimized_long_ms_regime_filtered,persist,"INJUSDT,NEARUSDT,TIAUSDT","0-12,14-18,21-23",,True,active,1,0,0,0,0.0,,3,-6.019216,25,11,8,0.5,0.573441,-8.732348,0.0,0
2026-05-31T03:23:29.294725+00:00,inj_tia_regime_filtered,forward_optimized_long_ms_inj_tia_regime,persist,"INJUSDT,TIAUSDT","0-12,14-18,21-23",,True,active,0,0,0,0,0.0,,2,-3.510837,0,11,9,0.555556,1.848254,11.768097,0.0,0
2026-05-31T03:23:30.903830+00:00,inj_tia_plus_candidates,forward_optimized_long_ms_inj_tia_plus_candidates,persist,"INJUSDT,TIAUSDT,JUPUSDT,BOMEUSDT","0-12,14-18,21-23",,True,active,0,0,0,0,0.0,,2,-6.269527,1599,6,4,0.75,3.983276,14.815925,0.0,0
2026-05-31T03:23:31.227543+00:00,inj_tia_fast_time_stop,forward_optimized_long_ms_inj_tia_fast_ts300,persist,"INJUSDT,TIAUSDT","0-12,14-18,21-23",300,True,active,0,0,0,0,0.0,,1,-2.164536,42,7,6,0.333333,0.442453,-6.09261,0.0,0
2026-05-31T03:23:31.552127+00:00,inj_fast_tia_standard,forward_optimized_long_ms_inj_fast_tia_standard,persist,"INJUSDT,TIAUSDT","0-12,14-18,21-23","{'INJUSDT': 300, 'TIAUSDT': 600}",True,active,0,0,0,0,0.0,,2,-4.565718,0,9,7,0.571429,0.993058,-0.055584,0.0,0
2026-05-31T03:23:31.574603+00:00,inj_fast_time_stop,forward_optimized_long_ms_inj_fast_ts300,persist,INJUSDT,"0-12,14-18,21-23",300,True,active,0,0,0,0,0.0,,1,-2.164536,0,8,7,0.571429,2.115314,4.1925,0.0,0
2026-05-31T03:23:31.595758+00:00,tia_fast_time_stop,forward_optimized_long_ms_tia_fast_ts300,persist,TIAUSDT,"0-12,14-18,21-23",300,True,active,0,0,0,0,0.0,,0,0,42,2,2,0.0,0.0,-6.6894,0.0,0
2026-05-31T03:23:31.620986+00:00,inj_only,forward_optimized_long_ms_inj_only,persist,INJUSDT,"0-12,14-18,21-23",,True,active,0,0,0,0,0.0,,1,-3.868345,0,5,4,0.75,6.478493,18.056416,0.0,0
2026-05-31T03:23:31.645479+00:00,tia_only,forward_optimized_long_ms_tia_only,persist,TIAUSDT,"0-12,14-18,21-23",,True,active,0,0,0,0,0.0,,1,-2.401182,0,3,2,0.5,1.154379,0.766695,0.0,0
2026-05-31T03:23:31.677248+00:00,near_only_observation,forward_optimized_long_ms_near_only_observation,persist,NEARUSDT,"0-12,14-18,21-23",,True,active,1,0,0,0,0.0,,1,0.250311,25,6,5,0.4,0.098156,-11.129606,0.0,0
2026-05-31T03:23:32.331718+00:00,utc_01_cluster,forward_optimized_long_ms_utc01,persist,"INJUSDT,NEARUSDT,TIAUSDT",1,,True,active,1,0,0,0,0.0,,1,0.575929,1406,2,1,0.0,0.0,-4.966327,0.0,0
2026-05-31T03:28:34.235247+00:00,baseline,forward_optimized_long_ms_baseline,persist,"INJUSDT,NEARUSDT,TIAUSDT",,,True,active,2,0,0,0,0.0,,3,-6.2191,30,11,8,0.5,0.75738,-3.760568,0.0,0
2026-05-31T03:28:34.869367+00:00,regime_filtered,forward_optimized_long_ms_regime_filtered,persist,"INJUSDT,NEARUSDT,TIAUSDT","0-12,14-18,21-23",,True,active,2,0,0,0,0.0,,3,-6.2191,30,11,8,0.5,0.573441,-8.732348,0.0,0
2026-05-31T03:28:35.204154+00:00,inj_tia_regime_filtered,forward_optimized_long_ms_inj_tia_regime,persist,"INJUSDT,TIAUSDT","0-12,14-18,21-23",,True,active,1,0,0,0,0.0,,2,-3.718135,2,11,9,0.555556,1.848254,11.768097,0.0,0
2026-05-31T03:28:36.763526+00:00,inj_tia_plus_candidates,forward_optimized_long_ms_inj_tia_plus_candidates,persist,"INJUSDT,TIAUSDT,JUPUSDT,BOMEUSDT","0-12,14-18,21-23",,True,active,1,0,0,0,0.0,,2,-6.469411,1601,6,4,0.75,3.983276,14.815925,0.0,0
2026-05-31T03:28:37.090849+00:00,inj_tia_fast_time_stop,forward_optimized_long_ms_inj_tia_fast_ts300,persist,"INJUSDT,TIAUSDT","0-12,14-18,21-23",300,True,active,1,0,0,0,0.0,,1,-2.368965,44,7,6,0.333333,0.442453,-6.09261,0.0,0
2026-05-31T03:28:37.418619+00:00,inj_fast_tia_standard,forward_optimized_long_ms_inj_fast_tia_standard,persist,"INJUSDT,TIAUSDT","0-12,14-18,21-23","{'INJUSDT': 300, 'TIAUSDT': 600}",True,active,1,0,0,0,0.0,,2,-4.770147,2,9,7,0.571429,0.993058,-0.055584,0.0,0
2026-05-31T03:28:37.444215+00:00,inj_fast_time_stop,forward_optimized_long_ms_inj_fast_ts300,persist,INJUSDT,"0-12,14-18,21-23",300,True,active,1,0,0,0,0.0,,1,-2.368965,2,8,7,0.571429,2.115314,4.1925,0.0,0
2026-05-31T03:28:37.466298+00:00,tia_fast_time_stop,forward_optimized_long_ms_tia_fast_ts300,persist,TIAUSDT,"0-12,14-18,21-23",300,True,active,0,0,0,0,0.0,,0,0,42,2,2,0.0,0.0,-6.6894,0.0,0
2026-05-31T03:28:37.492698+00:00,inj_only,forward_optimized_long_ms_inj_only,persist,INJUSDT,"0-12,14-18,21-23",,True,active,1,0,0,0,0.0,,1,-4.068229,2,5,4,0.75,6.478493,18.056416,0.0,0
2026-05-31T03:28:37.516878+00:00,tia_only,forward_optimized_long_ms_tia_only,persist,TIAUSDT,"0-12,14-18,21-23",,True,active,0,0,0,0,0.0,,1,-2.401182,0,3,2,0.5,1.154379,0.766695,0.0,0
2026-05-31T03:28:37.549460+00:00,near_only_observation,forward_optimized_long_ms_near_only_observation,persist,NEARUSDT,"0-12,14-18,21-23",,True,active,1,0,0,0,0.0,,1,0.250311,28,6,5,0.4,0.098156,-11.129606,0.0,0
2026-05-31T03:28:38.204341+00:00,utc_01_cluster,forward_optimized_long_ms_utc01,persist,"INJUSDT,NEARUSDT,TIAUSDT",1,,True,active,1,0,0,0,0.0,,1,0.575929,1409,2,1,0.0,0.0,-4.966327,0.0,0
2026-05-31T03:33:40.120589+00:00,baseline,forward_optimized_long_ms_baseline,persist,"INJUSDT,NEARUSDT,TIAUSDT",,,True,active,1,0,0,0,0.0,,3,-6.147583,8,11,8,0.5,0.75738,-3.760568,0.0,0
2026-05-31T03:33:40.751761+00:00,regime_filtered,forward_optimized_long_ms_regime_filtered,persist,"INJUSDT,NEARUSDT,TIAUSDT","0-12,14-18,21-23",,True,active,1,0,0,0,0.0,,3,-6.147583,8,11,8,0.5,0.573441,-8.732348,0.0,0
2026-05-31T03:33:41.086674+00:00,inj_tia_regime_filtered,forward_optimized_long_ms_inj_tia_regime,persist,"INJUSDT,TIAUSDT","0-12,14-18,21-23",,True,active,0,0,0,0,0.0,,2,-3.718135,0,11,9,0.555556,1.848254,11.768097,0.0,0
2026-05-31T03:33:42.825973+00:00,inj_tia_plus_candidates,forward_optimized_long_ms_inj_tia_plus_candidates,persist,"INJUSDT,TIAUSDT,JUPUSDT,BOMEUSDT","0-12,14-18,21-23",,True,active,0,0,0,0,0.0,,2,-6.469411,1599,6,4,0.75,3.983276,14.815925,0.0,0
2026-05-31T03:33:43.152765+00:00,inj_tia_fast_time_stop,forward_optimized_long_ms_inj_tia_fast_ts300,persist,"INJUSDT,TIAUSDT","0-12,14-18,21-23",300,True,active,0,0,0,0,0.0,,1,-2.368965,42,7,6,0.333333,0.442453,-6.09261,0.0,0
2026-05-31T03:33:43.480620+00:00,inj_fast_tia_standard,forward_optimized_long_ms_inj_fast_tia_standard,persist,"INJUSDT,TIAUSDT","0-12,14-18,21-23","{'INJUSDT': 300, 'TIAUSDT': 600}",True,active,0,0,0,0,0.0,,2,-4.770147,0,9,7,0.571429,0.993058,-0.055584,0.0,0
2026-05-31T03:33:43.506988+00:00,inj_fast_time_stop,forward_optimized_long_ms_inj_fast_ts300,persist,INJUSDT,"0-12,14-18,21-23",300,True,active,0,0,0,0,0.0,,1,-2.368965,0,8,7,0.571429,2.115314,4.1925,0.0,0
2026-05-31T03:33:43.530638+00:00,tia_fast_time_stop,forward_optimized_long_ms_tia_fast_ts300,persist,TIAUSDT,"0-12,14-18,21-23",300,True,active,0,0,0,0,0.0,,0,0,42,2,2,0.0,0.0,-6.6894,0.0,0
2026-05-31T03:33:43.558483+00:00,inj_only,forward_optimized_long_ms_inj_only,persist,INJUSDT,"0-12,14-18,21-23",,True,active,0,0,0,0,0.0,,1,-4.068229,0,5,4,0.75,6.478493,18.056416,0.0,0
2026-05-31T03:33:43.585281+00:00,tia_only,forward_optimized_long_ms_tia_only,persist,TIAUSDT,"0-12,14-18,21-23",,True,active,0,0,0,0,0.0,,1,-2.401182,0,3,2,0.5,1.154379,0.766695,0.0,0
2026-05-31T03:33:43.618008+00:00,near_only_observation,forward_optimized_long_ms_near_only_observation,persist,NEARUSDT,"0-12,14-18,21-23",,True,active,1,0,0,0,0.0,,1,0.321828,8,6,5,0.4,0.098156,-11.129606,0.0,0
2026-05-31T03:33:44.275858+00:00,utc_01_cluster,forward_optimized_long_ms_utc01,persist,"INJUSDT,NEARUSDT,TIAUSDT",1,,True,active,1,0,0,0,0.0,,1,0.64792,1389,2,1,0.0,0.0,-4.966327,0.0,0
2026-05-31T03:38:46.210341+00:00,baseline,forward_optimized_long_ms_baseline,persist,"INJUSDT,NEARUSDT,TIAUSDT",,,True,active,2,0,0,0,0.0,,3,-6.109885,10,11,8,0.5,0.75738,-3.760568,0.0,0
2026-05-31T03:38:46.842813+00:00,regime_filtered,forward_optimized_long_ms_regime_filtered,persist,"INJUSDT,NEARUSDT,TIAUSDT","0-12,14-18,21-23",,True,active,2,0,0,0,0.0,,3,-6.109885,10,11,8,0.5,0.573441,-8.732348,0.0,0
2026-05-31T03:38:47.180130+00:00,inj_tia_regime_filtered,forward_optimized_long_ms_inj_tia_regime,persist,"INJUSDT,TIAUSDT","0-12,14-18,21-23",,True,active,1,0,0,0,0.0,,2,-3.864463,1,11,9,0.555556,1.848254,11.768097,0.0,0
2026-05-31T03:38:49.165373+00:00,inj_tia_plus_candidates,forward_optimized_long_ms_inj_tia_plus_candidates,persist,"INJUSDT,TIAUSDT,JUPUSDT,BOMEUSDT","0-12,14-18,21-23",,True,active,1,0,0,0,0.0,,2,-6.610506,1600,6,4,0.75,3.983276,14.815925,0.0,0
2026-05-31T03:38:49.500440+00:00,inj_tia_fast_time_stop,forward_optimized_long_ms_inj_tia_fast_ts300,persist,"INJUSDT,TIAUSDT","0-12,14-18,21-23",300,True,active,1,0,0,0,0.0,,1,-2.513267,43,7,6,0.333333,0.442453,-6.09261,0.0,0
2026-05-31T03:38:49.829501+00:00,inj_fast_tia_standard,forward_optimized_long_ms_inj_fast_tia_standard,persist,"INJUSDT,TIAUSDT","0-12,14-18,21-23","{'INJUSDT': 300, 'TIAUSDT': 600}",True,active,1,0,0,0,0.0,,2,-4.914449,1,9,7,0.571429,0.993058,-0.055584,0.0,0
2026-05-31T03:38:49.856408+00:00,inj_fast_time_stop,forward_optimized_long_ms_inj_fast_ts300,persist,INJUSDT,"0-12,14-18,21-23",300,True,active,1,0,0,0,0.0,,1,-2.513267,1,8,7,0.571429,2.115314,4.1925,0.0,0
2026-05-31T03:38:49.880228+00:00,tia_fast_time_stop,forward_optimized_long_ms_tia_fast_ts300,persist,TIAUSDT,"0-12,14-18,21-23",300,True,active,0,0,0,0,0.0,,0,0,42,2,2,0.0,0.0,-6.6894,0.0,0
2026-05-31T03:38:49.908517+00:00,inj_only,forward_optimized_long_ms_inj_only,persist,INJUSDT,"0-12,14-18,21-23",,True,active,1,0,0,0,0.0,,1,-4.209324,1,5,4,0.75,6.478493,18.056416,0.0,0
2026-05-31T03:38:49.934673+00:00,tia_only,forward_optimized_long_ms_tia_only,persist,TIAUSDT,"0-12,14-18,21-23",,True,active,0,0,0,0,0.0,,1,-2.401182,0,3,2,0.5,1.154379,0.766695,0.0,0
2026-05-31T03:38:49.967031+00:00,near_only_observation,forward_optimized_long_ms_near_only_observation,persist,NEARUSDT,"0-12,14-18,21-23",,True,active,1,0,0,0,0.0,,1,0.500621,9,6,5,0.4,0.098156,-11.129606,0.0,0
2026-05-31T03:38:50.622717+00:00,utc_01_cluster,forward_optimized_long_ms_utc01,persist,"INJUSDT,NEARUSDT,TIAUSDT",1,,True,active,1,0,0,0,0.0,,1,0.827898,1390,2,1,0.0,0.0,-4.966327,0.0,0
2026-05-31T03:43:52.341586+00:00,baseline,forward_optimized_long_ms_baseline,persist,"INJUSDT,NEARUSDT,TIAUSDT",,,True,active,2,0,0,0,0.0,,3,-6.013838,6,11,8,0.5,0.75738,-3.760568,0.0,0
2026-05-31T03:43:52.975497+00:00,regime_filtered,forward_optimized_long_ms_regime_filtered,persist,"INJUSDT,NEARUSDT,TIAUSDT","0-12,14-18,21-23",,True,active,2,0,0,0,0.0,,3,-6.013838,6,11,8,0.5,0.573441,-8.732348,0.0,0
2026-05-31T03:43:53.312856+00:00,inj_tia_regime_filtered,forward_optimized_long_ms_inj_tia_regime,persist,"INJUSDT,TIAUSDT","0-12,14-18,21-23",,True,active,1,0,0,0,0.0,,2,-3.768416,1,11,9,0.555556,1.848254,11.768097,0.0,0
2026-05-31T03:43:55.123312+00:00,inj_tia_plus_candidates,forward_optimized_long_ms_inj_tia_plus_candidates,persist,"INJUSDT,TIAUSDT,JUPUSDT,BOMEUSDT","0-12,14-18,21-23",,True,active,1,0,0,0,0.0,,2,-6.514459,1600,6,4,0.75,3.983276,14.815925,0.0,0
2026-05-31T03:43:55.458455+00:00,inj_tia_fast_time_stop,forward_optimized_long_ms_inj_tia_fast_ts300,persist,"INJUSDT,TIAUSDT","0-12,14-18,21-23",300,True,active,0,0,0,0,0.0,,1,-2.513267,43,7,6,0.333333,0.442453,-6.09261,0.0,0
2026-05-31T03:43:55.788138+00:00,inj_fast_tia_standard,forward_optimized_long_ms_inj_fast_tia_standard,persist,"INJUSDT,TIAUSDT","0-12,14-18,21-23","{'INJUSDT': 300, 'TIAUSDT': 600}",True,active,1,0,0,0,0.0,,2,-4.818402,1,9,7,0.571429,0.993058,-0.055584,0.0,0
2026-05-31T03:43:55.811573+00:00,inj_fast_time_stop,forward_optimized_long_ms_inj_fast_ts300,persist,INJUSDT,"0-12,14-18,21-23",300,True,active,0,0,0,0,0.0,,1,-2.513267,0,8,7,0.571429,2.115314,4.1925,0.0,0
2026-05-31T03:43:55.832885+00:00,tia_fast_time_stop,forward_optimized_long_ms_tia_fast_ts300,persist,TIAUSDT,"0-12,14-18,21-23",300,True,active,0,0,0,0,0.0,,0,0,43,2,2,0.0,0.0,-6.6894,0.0,0
2026-05-31T03:43:55.858037+00:00,inj_only,forward_optimized_long_ms_inj_only,persist,INJUSDT,"0-12,14-18,21-23",,True,active,0,0,0,0,0.0,,1,-4.209324,0,5,4,0.75,6.478493,18.056416,0.0,0
2026-05-31T03:43:55.882751+00:00,tia_only,forward_optimized_long_ms_tia_only,persist,TIAUSDT,"0-12,14-18,21-23",,True,active,1,0,0,0,0.0,,1,-2.305135,1,3,2,0.5,1.154379,0.766695,0.0,0
2026-05-31T03:43:55.912079+00:00,near_only_observation,forward_optimized_long_ms_near_only_observation,persist,NEARUSDT,"0-12,14-18,21-23",,True,active,1,0,0,0,0.0,,1,0.500621,5,6,5,0.4,0.098156,-11.129606,0.0,0
2026-05-31T03:43:56.564609+00:00,utc_01_cluster,forward_optimized_long_ms_utc01,persist,"INJUSDT,NEARUSDT,TIAUSDT",1,,True,active,1,0,0,0,0.0,,1,0.827898,1387,2,1,0.0,0.0,-4.966327,0.0,0
2026-05-31T03:48:58.499000+00:00,baseline,forward_optimized_long_ms_baseline,persist,"INJUSDT,NEARUSDT,TIAUSDT",,,True,active,1,0,0,0,0.0,,3,-5.978079,13,11,8,0.5,0.75738,-3.760568,0.0,0
2026-05-31T03:48:59.129784+00:00,regime_filtered,forward_optimized_long_ms_regime_filtered,persist,"INJUSDT,NEARUSDT,TIAUSDT","0-12,14-18,21-23",,True,active,1,0,0,0,0.0,,3,-5.978079,13,11,8,0.5,0.573441,-8.732348,0.0,0
2026-05-31T03:48:59.462471+00:00,inj_tia_regime_filtered,forward_optimized_long_ms_inj_tia_regime,persist,"INJUSDT,TIAUSDT","0-12,14-18,21-23",,True,active,0,0,0,0,0.0,,2,-3.768416,0,11,9,0.555556,1.848254,11.768097,0.0,0
2026-05-31T03:49:01.658564+00:00,inj_tia_plus_candidates,forward_optimized_long_ms_inj_tia_plus_candidates,persist,"INJUSDT,TIAUSDT,JUPUSDT,BOMEUSDT","0-12,14-18,21-23",,True,active,0,0,0,0,0.0,,2,-6.514459,1599,6,4,0.75,3.983276,14.815925,0.0,0
2026-05-31T03:49:01.984117+00:00,inj_tia_fast_time_stop,forward_optimized_long_ms_inj_tia_fast_ts300,persist,"INJUSDT,TIAUSDT","0-12,14-18,21-23",300,True,active,0,0,0,0,0.0,,1,-2.513267,43,7,6,0.333333,0.442453,-6.09261,0.0,0
2026-05-31T03:49:02.309585+00:00,inj_fast_tia_standard,forward_optimized_long_ms_inj_fast_tia_standard,persist,"INJUSDT,TIAUSDT","0-12,14-18,21-23","{'INJUSDT': 300, 'TIAUSDT': 600}",True,active,0,0,0,0,0.0,,2,-4.818402,0,9,7,0.571429,0.993058,-0.055584,0.0,0
2026-05-31T03:49:02.332801+00:00,inj_fast_time_stop,forward_optimized_long_ms_inj_fast_ts300,persist,INJUSDT,"0-12,14-18,21-23",300,True,active,0,0,0,0,0.0,,1,-2.513267,0,8,7,0.571429,2.115314,4.1925,0.0,0
2026-05-31T03:49:02.353895+00:00,tia_fast_time_stop,forward_optimized_long_ms_tia_fast_ts300,persist,TIAUSDT,"0-12,14-18,21-23",300,True,active,0,0,0,0,0.0,,0,0,43,2,2,0.0,0.0,-6.6894,0.0,0
2026-05-31T03:49:02.378708+00:00,inj_only,forward_optimized_long_ms_inj_only,persist,INJUSDT,"0-12,14-18,21-23",,True,active,0,0,0,0,0.0,,1,-4.209324,0,5,4,0.75,6.478493,18.056416,0.0,0
2026-05-31T03:49:02.402061+00:00,tia_only,forward_optimized_long_ms_tia_only,persist,TIAUSDT,"0-12,14-18,21-23",,True,active,0,0,0,0,0.0,,1,-2.305135,0,3,2,0.5,1.154379,0.766695,0.0,0
2026-05-31T03:49:02.434358+00:00,near_only_observation,forward_optimized_long_ms_near_only_observation,persist,NEARUSDT,"0-12,14-18,21-23",,True,active,1,0,0,0,0.0,,1,0.53638,13,6,5,0.4,0.098156,-11.129606,0.0,0
2026-05-31T03:49:03.090160+00:00,utc_01_cluster,forward_optimized_long_ms_utc01,persist,"INJUSDT,NEARUSDT,TIAUSDT",1,,True,active,1,0,0,0,0.0,,1,0.863893,1395,2,1,0.0,0.0,-4.966327,0.0,0
2026-05-31T03:54:04.582065+00:00,baseline,forward_optimized_long_ms_baseline,persist,"INJUSDT,NEARUSDT,TIAUSDT",,,True,active,1,0,0,0,0.0,,3,-5.620493,45,11,8,0.5,0.75738,-3.760568,0.0,0
2026-05-31T03:54:05.216080+00:00,regime_filtered,forward_optimized_long_ms_regime_filtered,persist,"INJUSDT,NEARUSDT,TIAUSDT","0-12,14-18,21-23",,True,active,1,0,0,0,0.0,,3,-5.620493,45,11,8,0.5,0.573441,-8.732348,0.0,0
2026-05-31T03:54:05.548756+00:00,inj_tia_regime_filtered,forward_optimized_long_ms_inj_tia_regime,persist,"INJUSDT,TIAUSDT","0-12,14-18,21-23",,True,active,0,0,0,0,0.0,,2,-3.768416,0,11,9,0.555556,1.848254,11.768097,0.0,0
2026-05-31T03:54:07.309252+00:00,inj_tia_plus_candidates,forward_optimized_long_ms_inj_tia_plus_candidates,persist,"INJUSDT,TIAUSDT,JUPUSDT,BOMEUSDT","0-12,14-18,21-23",,True,active,0,0,0,0,0.0,,2,-6.514459,1599,6,4,0.75,3.983276,14.815925,0.0,0
2026-05-31T03:54:07.634068+00:00,inj_tia_fast_time_stop,forward_optimized_long_ms_inj_tia_fast_ts300,persist,"INJUSDT,TIAUSDT","0-12,14-18,21-23",300,True,active,0,0,0,0,0.0,,1,-2.513267,43,7,6,0.333333,0.442453,-6.09261,0.0,0
2026-05-31T03:54:07.958532+00:00,inj_fast_tia_standard,forward_optimized_long_ms_inj_fast_tia_standard,persist,"INJUSDT,TIAUSDT","0-12,14-18,21-23","{'INJUSDT': 300, 'TIAUSDT': 600}",True,active,0,0,0,0,0.0,,2,-4.818402,0,9,7,0.571429,0.993058,-0.055584,0.0,0
2026-05-31T03:54:07.980793+00:00,inj_fast_time_stop,forward_optimized_long_ms_inj_fast_ts300,persist,INJUSDT,"0-12,14-18,21-23",300,True,active,0,0,0,0,0.0,,1,-2.513267,0,8,7,0.571429,2.115314,4.1925,0.0,0
2026-05-31T03:54:08.001083+00:00,tia_fast_time_stop,forward_optimized_long_ms_tia_fast_ts300,persist,TIAUSDT,"0-12,14-18,21-23",300,True,active,0,0,0,0,0.0,,0,0,43,2,2,0.0,0.0,-6.6894,0.0,0
2026-05-31T03:54:08.025196+00:00,inj_only,forward_optimized_long_ms_inj_only,persist,INJUSDT,"0-12,14-18,21-23",,True,active,0,0,0,0,0.0,,1,-4.209324,0,5,4,0.75,6.478493,18.056416,0.0,0
2026-05-31T03:54:08.048059+00:00,tia_only,forward_optimized_long_ms_tia_only,persist,TIAUSDT,"0-12,14-18,21-23",,True,active,0,0,0,0,0.0,,1,-2.305135,0,3,2,0.5,1.154379,0.766695,0.0,0
2026-05-31T03:54:08.083950+00:00,near_only_observation,forward_optimized_long_ms_near_only_observation,persist,NEARUSDT,"0-12,14-18,21-23",,True,active,1,0,0,0,0.0,,1,0.893966,45,6,5,0.4,0.098156,-11.129606,0.0,0
2026-05-31T03:54:08.739057+00:00,utc_01_cluster,forward_optimized_long_ms_utc01,persist,"INJUSDT,NEARUSDT,TIAUSDT",1,,True,active,1,0,0,0,0.0,,1,1.223849,1427,2,1,0.0,0.0,-4.966327,0.0,0
2026-05-31T03:59:10.428831+00:00,baseline,forward_optimized_long_ms_baseline,persist,"INJUSDT,NEARUSDT,TIAUSDT",,,True,active,1,0,0,0,0.0,,3,-5.620493,13,11,8,0.5,0.75738,-3.760568,0.0,0
2026-05-31T03:59:11.060297+00:00,regime_filtered,forward_optimized_long_ms_regime_filtered,persist,"INJUSDT,NEARUSDT,TIAUSDT","0-12,14-18,21-23",,True,active,1,0,0,0,0.0,,3,-5.620493,13,11,8,0.5,0.573441,-8.732348,0.0,0
2026-05-31T03:59:11.393073+00:00,inj_tia_regime_filtered,forward_optimized_long_ms_inj_tia_regime,persist,"INJUSDT,TIAUSDT","0-12,14-18,21-23",,True,active,0,0,0,0,0.0,,2,-3.768416,0,11,9,0.555556,1.848254,11.768097,0.0,0
2026-05-31T03:59:12.996889+00:00,inj_tia_plus_candidates,forward_optimized_long_ms_inj_tia_plus_candidates,persist,"INJUSDT,TIAUSDT,JUPUSDT,BOMEUSDT","0-12,14-18,21-23",,True,active,0,0,0,0,0.0,,2,-6.514459,1599,6,4,0.75,3.983276,14.815925,0.0,0
2026-05-31T03:59:13.321629+00:00,inj_tia_fast_time_stop,forward_optimized_long_ms_inj_tia_fast_ts300,persist,"INJUSDT,TIAUSDT","0-12,14-18,21-23",300,True,active,0,0,0,0,0.0,,1,-2.513267,43,7,6,0.333333,0.442453,-6.09261,0.0,0
2026-05-31T03:59:13.647885+00:00,inj_fast_tia_standard,forward_optimized_long_ms_inj_fast_tia_standard,persist,"INJUSDT,TIAUSDT","0-12,14-18,21-23","{'INJUSDT': 300, 'TIAUSDT': 600}",True,active,0,0,0,0,0.0,,2,-4.818402,0,9,7,0.571429,0.993058,-0.055584,0.0,0
2026-05-31T03:59:13.671195+00:00,inj_fast_time_stop,forward_optimized_long_ms_inj_fast_ts300,persist,INJUSDT,"0-12,14-18,21-23",300,True,active,0,0,0,0,0.0,,1,-2.513267,0,8,7,0.571429,2.115314,4.1925,0.0,0
2026-05-31T03:59:13.692337+00:00,tia_fast_time_stop,forward_optimized_long_ms_tia_fast_ts300,persist,TIAUSDT,"0-12,14-18,21-23",300,True,active,0,0,0,0,0.0,,0,0,43,2,2,0.0,0.0,-6.6894,0.0,0
2026-05-31T03:59:13.716982+00:00,inj_only,forward_optimized_long_ms_inj_only,persist,INJUSDT,"0-12,14-18,21-23",,True,active,0,0,0,0,0.0,,1,-4.209324,0,5,4,0.75,6.478493,18.056416,0.0,0
2026-05-31T03:59:13.740493+00:00,tia_only,forward_optimized_long_ms_tia_only,persist,TIAUSDT,"0-12,14-18,21-23",,True,active,0,0,0,0,0.0,,1,-2.305135,0,3,2,0.5,1.154379,0.766695,0.0,0
2026-05-31T03:59:13.770921+00:00,near_only_observation,forward_optimized_long_ms_near_only_observation,persist,NEARUSDT,"0-12,14-18,21-23",,True,active,1,0,0,0,0.0,,1,0.893966,13,6,5,0.4,0.098156,-11.129606,0.0,0
2026-05-31T03:59:14.424402+00:00,utc_01_cluster,forward_optimized_long_ms_utc01,persist,"INJUSDT,NEARUSDT,TIAUSDT",1,,True,active,1,0,0,0,0.0,,1,1.223849,1395,2,1,0.0,0.0,-4.966327,0.0,0
2026-05-31T04:04:16.340290+00:00,baseline,forward_optimized_long_ms_baseline,persist,"INJUSDT,NEARUSDT,TIAUSDT",,,True,active,2,0,0,0,0.0,,3,-4.594764,40,11,8,0.5,0.75738,-3.760568,0.0,0
2026-05-31T04:04:16.976173+00:00,regime_filtered,forward_optimized_long_ms_regime_filtered,persist,"INJUSDT,NEARUSDT,TIAUSDT","0-12,14-18,21-23",,True,active,2,0,0,0,0.0,,3,-4.594764,40,11,8,0.5,0.573441,-8.732348,0.0,0
2026-05-31T04:04:17.310902+00:00,inj_tia_regime_filtered,forward_optimized_long_ms_inj_tia_regime,persist,"INJUSDT,TIAUSDT","0-12,14-18,21-23",,True,active,1,0,0,0,0.0,,2,-3.817192,1,11,9,0.555556,1.848254,11.768097,0.0,0
2026-05-31T04:04:19.072813+00:00,inj_tia_plus_candidates,forward_optimized_long_ms_inj_tia_plus_candidates,persist,"INJUSDT,TIAUSDT,JUPUSDT,BOMEUSDT","0-12,14-18,21-23",,True,active,1,0,0,0,0.0,,2,-6.56149,1600,6,4,0.75,3.983276,14.815925,0.0,0
2026-05-31T04:04:19.399742+00:00,inj_tia_fast_time_stop,forward_optimized_long_ms_inj_tia_fast_ts300,persist,"INJUSDT,TIAUSDT","0-12,14-18,21-23",300,True,active,1,0,0,0,0.0,,1,-2.561368,44,7,6,0.333333,0.442453,-6.09261,0.0,0
2026-05-31T04:04:19.726213+00:00,inj_fast_tia_standard,forward_optimized_long_ms_inj_fast_tia_standard,persist,"INJUSDT,TIAUSDT","0-12,14-18,21-23","{'INJUSDT': 300, 'TIAUSDT': 600}",True,active,1,0,0,0,0.0,,2,-4.866503,1,9,7,0.571429,0.993058,-0.055584,0.0,0
2026-05-31T04:04:19.751251+00:00,inj_fast_time_stop,forward_optimized_long_ms_inj_fast_ts300,persist,INJUSDT,"0-12,14-18,21-23",300,True,active,1,0,0,0,0.0,,1,-2.561368,1,8,7,0.571429,2.115314,4.1925,0.0,0
2026-05-31T04:04:19.772726+00:00,tia_fast_time_stop,forward_optimized_long_ms_tia_fast_ts300,persist,TIAUSDT,"0-12,14-18,21-23",300,True,active,0,0,0,0,0.0,,0,0,43,2,2,0.0,0.0,-6.6894,0.0,0
2026-05-31T04:04:19.798588+00:00,inj_only,forward_optimized_long_ms_inj_only,persist,INJUSDT,"0-12,14-18,21-23",,True,active,1,0,0,0,0.0,,1,-4.256355,1,5,4,0.75,6.478493,18.056416,0.0,0
2026-05-31T04:04:19.822338+00:00,tia_only,forward_optimized_long_ms_tia_only,persist,TIAUSDT,"0-12,14-18,21-23",,True,active,0,0,0,0,0.0,,1,-2.305135,0,3,2,0.5,1.154379,0.766695,0.0,0
2026-05-31T04:04:19.856034+00:00,near_only_observation,forward_optimized_long_ms_near_only_observation,persist,NEARUSDT,"0-12,14-18,21-23",,True,active,1,0,0,0,0.0,,1,1.966726,39,6,5,0.4,0.098156,-11.129606,0.0,0
2026-05-31T04:04:20.511810+00:00,utc_01_cluster,forward_optimized_long_ms_utc01,persist,"INJUSDT,NEARUSDT,TIAUSDT",1,,True,active,1,0,0,0,0.0,,1,2.303715,1421,2,1,0.0,0.0,-4.966327,0.0,0
2026-05-31T04:09:22.659532+00:00,baseline,forward_optimized_long_ms_baseline,persist,"INJUSDT,NEARUSDT,TIAUSDT",,,True,active,2,0,0,0,0.0,,3,-5.259996,45,11,8,0.5,0.75738,-3.760568,0.0,0
2026-05-31T04:09:23.295700+00:00,regime_filtered,forward_optimized_long_ms_regime_filtered,persist,"INJUSDT,NEARUSDT,TIAUSDT","0-12,14-18,21-23",,True,active,2,0,0,0,0.0,,3,-5.259996,45,11,8,0.5,0.573441,-8.732348,0.0,0
2026-05-31T04:09:23.631129+00:00,inj_tia_regime_filtered,forward_optimized_long_ms_inj_tia_regime,persist,"INJUSDT,TIAUSDT","0-12,14-18,21-23",,True,active,1,0,0,0,0.0,,2,-3.987908,7,11,9,0.555556,1.848254,11.768097,0.0,0
2026-05-31T04:09:25.381970+00:00,inj_tia_plus_candidates,forward_optimized_long_ms_inj_tia_plus_candidates,persist,"INJUSDT,TIAUSDT,JUPUSDT,BOMEUSDT","0-12,14-18,21-23",,True,active,1,0,0,0,0.0,,2,-6.726101,1606,6,4,0.75,3.983276,14.815925,0.0,0
2026-05-31T04:09:25.709129+00:00,inj_tia_fast_time_stop,forward_optimized_long_ms_inj_tia_fast_ts300,persist,"INJUSDT,TIAUSDT","0-12,14-18,21-23",300,True,active,1,0,0,0,0.0,,1,-2.729721,50,7,6,0.333333,0.442453,-6.09261,0.0,0
2026-05-31T04:09:26.036346+00:00,inj_fast_tia_standard,forward_optimized_long_ms_inj_fast_tia_standard,persist,"INJUSDT,TIAUSDT","0-12,14-18,21-23","{'INJUSDT': 300, 'TIAUSDT': 600}",True,active,1,0,0,0,0.0,,2,-5.034856,7,9,7,0.571429,0.993058,-0.055584,0.0,0
2026-05-31T04:09:26.061404+00:00,inj_fast_time_stop,forward_optimized_long_ms_inj_fast_ts300,persist,INJUSDT,"0-12,14-18,21-23",300,True,active,1,0,0,0,0.0,,1,-2.729721,7,8,7,0.571429,2.115314,4.1925,0.0,0
2026-05-31T04:09:26.082803+00:00,tia_fast_time_stop,forward_optimized_long_ms_tia_fast_ts300,persist,TIAUSDT,"0-12,14-18,21-23",300,True,active,0,0,0,0,0.0,,0,0,43,2,2,0.0,0.0,-6.6894,0.0,0
2026-05-31T04:09:26.109953+00:00,inj_only,forward_optimized_long_ms_inj_only,persist,INJUSDT,"0-12,14-18,21-23",,True,active,1,0,0,0,0.0,,1,-4.420966,7,5,4,0.75,6.478493,18.056416,0.0,0
2026-05-31T04:09:26.133913+00:00,tia_only,forward_optimized_long_ms_tia_only,persist,TIAUSDT,"0-12,14-18,21-23",,True,active,0,0,0,0,0.0,,1,-2.305135,0,3,2,0.5,1.154379,0.766695,0.0,0
2026-05-31T04:09:26.167622+00:00,near_only_observation,forward_optimized_long_ms_near_only_observation,persist,NEARUSDT,"0-12,14-18,21-23",,True,active,1,0,0,0,0.0,,1,1.466105,38,6,5,0.4,0.098156,-11.129606,0.0,0
2026-05-31T04:09:26.823100+00:00,utc_01_cluster,forward_optimized_long_ms_utc01,persist,"INJUSDT,NEARUSDT,TIAUSDT",1,,True,active,1,0,0,0,0.0,,1,1.799777,1420,2,1,0.0,0.0,-4.966327,0.0,0
2026-05-31T04:14:28.736957+00:00,baseline,forward_optimized_long_ms_baseline,persist,"INJUSDT,NEARUSDT,TIAUSDT",,,True,active,2,0,0,0,0.0,,3,-5.355999,5,11,8,0.5,0.75738,-3.760568,0.0,0
2026-05-31T04:14:29.367741+00:00,regime_filtered,forward_optimized_long_ms_regime_filtered,persist,"INJUSDT,NEARUSDT,TIAUSDT","0-12,14-18,21-23",,True,active,2,0,0,0,0.0,,3,-5.355999,5,11,8,0.5,0.573441,-8.732348,0.0,0
2026-05-31T04:14:29.702740+00:00,inj_tia_regime_filtered,forward_optimized_long_ms_inj_tia_regime,persist,"INJUSDT,TIAUSDT","0-12,14-18,21-23",,True,active,1,0,0,0,0.0,,2,-3.939132,1,11,9,0.555556,1.848254,11.768097,0.0,0
2026-05-31T04:14:31.505955+00:00,inj_tia_plus_candidates,forward_optimized_long_ms_inj_tia_plus_candidates,persist,"INJUSDT,TIAUSDT,JUPUSDT,BOMEUSDT","0-12,14-18,21-23",,True,active,1,0,0,0,0.0,,2,-6.679069,1600,6,4,0.75,3.983276,14.815925,0.0,0
2026-05-31T04:14:31.833474+00:00,inj_tia_fast_time_stop,forward_optimized_long_ms_inj_tia_fast_ts300,persist,"INJUSDT,TIAUSDT","0-12,14-18,21-23",300,True,active,1,0,0,0,0.0,,1,-2.68162,44,7,6,0.333333,0.442453,-6.09261,0.0,0
2026-05-31T04:14:32.160285+00:00,inj_fast_tia_standard,forward_optimized_long_ms_inj_fast_tia_standard,persist,"INJUSDT,TIAUSDT","0-12,14-18,21-23","{'INJUSDT': 300, 'TIAUSDT': 600}",True,active,1,0,0,0,0.0,,2,-4.986755,1,9,7,0.571429,0.993058,-0.055584,0.0,0
2026-05-31T04:14:32.184870+00:00,inj_fast_time_stop,forward_optimized_long_ms_inj_fast_ts300,persist,INJUSDT,"0-12,14-18,21-23",300,True,active,1,0,0,0,0.0,,1,-2.68162,1,8,7,0.571429,2.115314,4.1925,0.0,0
2026-05-31T04:14:32.206238+00:00,tia_fast_time_stop,forward_optimized_long_ms_tia_fast_ts300,persist,TIAUSDT,"0-12,14-18,21-23",300,True,active,0,0,0,0,0.0,,0,0,43,2,2,0.0,0.0,-6.6894,0.0,0
2026-05-31T04:14:32.232984+00:00,inj_only,forward_optimized_long_ms_inj_only,persist,INJUSDT,"0-12,14-18,21-23",,True,active,1,0,0,0,0.0,,1,-4.373934,1,5,4,0.75,6.478493,18.056416,0.0,0
2026-05-31T04:14:32.257114+00:00,tia_only,forward_optimized_long_ms_tia_only,persist,TIAUSDT,"0-12,14-18,21-23",,True,active,0,0,0,0,0.0,,1,-2.305135,0,3,2,0.5,1.154379,0.766695,0.0,0
2026-05-31T04:14:32.286442+00:00,near_only_observation,forward_optimized_long_ms_near_only_observation,persist,NEARUSDT,"0-12,14-18,21-23",,True,active,1,0,0,0,0.0,,1,1.32307,4,6,5,0.4,0.098156,-11.129606,0.0,0
2026-05-31T04:14:32.939049+00:00,utc_01_cluster,forward_optimized_long_ms_utc01,persist,"INJUSDT,NEARUSDT,TIAUSDT",1,,True,active,1,0,0,1,1.634486,1.0,0,0,1386,2,2,0.5,0.329114,-3.331841,0.0,0
2026-05-31T04:19:34.433913+00:00,baseline,forward_optimized_long_ms_baseline,persist,"INJUSDT,NEARUSDT,TIAUSDT",,,True,active,1,0,0,0,0.0,,3,-5.177206,14,11,8,0.5,0.75738,-3.760568,0.0,0
2026-05-31T04:19:35.066928+00:00,regime_filtered,forward_optimized_long_ms_regime_filtered,persist,"INJUSDT,NEARUSDT,TIAUSDT","0-12,14-18,21-23",,True,active,1,0,0,0,0.0,,3,-5.177206,14,11,8,0.5,0.573441,-8.732348,0.0,0
2026-05-31T04:19:35.401072+00:00,inj_tia_regime_filtered,forward_optimized_long_ms_inj_tia_regime,persist,"INJUSDT,TIAUSDT","0-12,14-18,21-23",,True,active,0,0,0,0,0.0,,2,-3.939132,0,11,9,0.555556,1.848254,11.768097,0.0,0
2026-05-31T04:19:36.940850+00:00,inj_tia_plus_candidates,forward_optimized_long_ms_inj_tia_plus_candidates,persist,"INJUSDT,TIAUSDT,JUPUSDT,BOMEUSDT","0-12,14-18,21-23",,True,active,0,0,0,0,0.0,,2,-6.679069,1599,6,4,0.75,3.983276,14.815925,0.0,0
2026-05-31T04:19:37.267469+00:00,inj_tia_fast_time_stop,forward_optimized_long_ms_inj_tia_fast_ts300,persist,"INJUSDT,TIAUSDT","0-12,14-18,21-23",300,True,active,0,0,0,0,0.0,,1,-2.68162,43,7,6,0.333333,0.442453,-6.09261,0.0,0
2026-05-31T04:19:37.594346+00:00,inj_fast_tia_standard,forward_optimized_long_ms_inj_fast_tia_standard,persist,"INJUSDT,TIAUSDT","0-12,14-18,21-23","{'INJUSDT': 300, 'TIAUSDT': 600}",True,active,0,0,0,0,0.0,,2,-4.986755,0,9,7,0.571429,0.993058,-0.055584,0.0,0
2026-05-31T04:19:37.618687+00:00,inj_fast_time_stop,forward_optimized_long_ms_inj_fast_ts300,persist,INJUSDT,"0-12,14-18,21-23",300,True,active,0,0,0,0,0.0,,1,-2.68162,0,8,7,0.571429,2.115314,4.1925,0.0,0
2026-05-31T04:19:37.640458+00:00,tia_fast_time_stop,forward_optimized_long_ms_tia_fast_ts300,persist,TIAUSDT,"0-12,14-18,21-23",300,True,active,0,0,0,0,0.0,,0,0,43,2,2,0.0,0.0,-6.6894,0.0,0
2026-05-31T04:19:37.666430+00:00,inj_only,forward_optimized_long_ms_inj_only,persist,INJUSDT,"0-12,14-18,21-23",,True,active,0,0,0,0,0.0,,1,-4.373934,0,5,4,0.75,6.478493,18.056416,0.0,0
2026-05-31T04:19:37.692630+00:00,tia_only,forward_optimized_long_ms_tia_only,persist,TIAUSDT,"0-12,14-18,21-23",,True,active,0,0,0,0,0.0,,1,-2.305135,0,3,2,0.5,1.154379,0.766695,0.0,0
2026-05-31T04:19:37.725780+00:00,near_only_observation,forward_optimized_long_ms_near_only_observation,persist,NEARUSDT,"0-12,14-18,21-23",,True,active,1,0,0,0,0.0,,1,1.501863,14,6,5,0.4,0.098156,-11.129606,0.0,0
2026-05-31T04:19:38.378984+00:00,utc_01_cluster,forward_optimized_long_ms_utc01,persist,"INJUSDT,NEARUSDT,TIAUSDT",1,,True,active,0,0,0,0,0.0,,0,0,1399,2,2,0.5,0.329114,-3.331841,0.0,0
2026-05-31T04:24:40.102050+00:00,baseline,forward_optimized_long_ms_baseline,persist,"INJUSDT,NEARUSDT,TIAUSDT",,,True,active,1,0,0,0,0.0,,3,-4.640826,17,11,8,0.5,0.75738,-3.760568,0.0,0
2026-05-31T04:24:40.733606+00:00,regime_filtered,forward_optimized_long_ms_regime_filtered,persist,"INJUSDT,NEARUSDT,TIAUSDT","0-12,14-18,21-23",,True,active,1,0,0,0,0.0,,3,-4.640826,17,11,8,0.5,0.573441,-8.732348,0.0,0
2026-05-31T04:24:41.066093+00:00,inj_tia_regime_filtered,forward_optimized_long_ms_inj_tia_regime,persist,"INJUSDT,TIAUSDT","0-12,14-18,21-23",,True,active,0,0,0,0,0.0,,2,-3.939132,0,11,9,0.555556,1.848254,11.768097,0.0,0
2026-05-31T04:24:42.803494+00:00,inj_tia_plus_candidates,forward_optimized_long_ms_inj_tia_plus_candidates,persist,"INJUSDT,TIAUSDT,JUPUSDT,BOMEUSDT","0-12,14-18,21-23",,True,active,0,0,0,0,0.0,,2,-6.679069,1599,6,4,0.75,3.983276,14.815925,0.0,0
2026-05-31T04:24:43.129973+00:00,inj_tia_fast_time_stop,forward_optimized_long_ms_inj_tia_fast_ts300,persist,"INJUSDT,TIAUSDT","0-12,14-18,21-23",300,True,active,0,0,0,0,0.0,,1,-2.68162,43,7,6,0.333333,0.442453,-6.09261,0.0,0
2026-05-31T04:24:43.455373+00:00,inj_fast_tia_standard,forward_optimized_long_ms_inj_fast_tia_standard,persist,"INJUSDT,TIAUSDT","0-12,14-18,21-23","{'INJUSDT': 300, 'TIAUSDT': 600}",True,active,0,0,0,0,0.0,,2,-4.986755,0,9,7,0.571429,0.993058,-0.055584,0.0,0
2026-05-31T04:24:43.479288+00:00,inj_fast_time_stop,forward_optimized_long_ms_inj_fast_ts300,persist,INJUSDT,"0-12,14-18,21-23",300,True,active,0,0,0,0,0.0,,1,-2.68162,0,8,7,0.571429,2.115314,4.1925,0.0,0
2026-05-31T04:24:43.500922+00:00,tia_fast_time_stop,forward_optimized_long_ms_tia_fast_ts300,persist,TIAUSDT,"0-12,14-18,21-23",300,True,active,0,0,0,0,0.0,,0,0,43,2,2,0.0,0.0,-6.6894,0.0,0
2026-05-31T04:24:43.526218+00:00,inj_only,forward_optimized_long_ms_inj_only,persist,INJUSDT,"0-12,14-18,21-23",,True,active,0,0,0,0,0.0,,1,-4.373934,0,5,4,0.75,6.478493,18.056416,0.0,0
2026-05-31T04:24:43.550057+00:00,tia_only,forward_optimized_long_ms_tia_only,persist,TIAUSDT,"0-12,14-18,21-23",,True,active,0,0,0,0,0.0,,1,-2.305135,0,3,2,0.5,1.154379,0.766695,0.0,0
2026-05-31T04:24:43.581882+00:00,near_only_observation,forward_optimized_long_ms_near_only_observation,persist,NEARUSDT,"0-12,14-18,21-23",,True,active,1,0,0,0,0.0,,1,2.038243,17,6,5,0.4,0.098156,-11.129606,0.0,0
2026-05-31T04:24:44.233120+00:00,utc_01_cluster,forward_optimized_long_ms_utc01,persist,"INJUSDT,NEARUSDT,TIAUSDT",1,,True,active,0,0,0,0,0.0,,0,0,1416,2,2,0.5,0.329114,-3.331841,0.0,0
2026-05-31T04:29:45.756485+00:00,baseline,forward_optimized_long_ms_baseline,persist,"INJUSDT,NEARUSDT,TIAUSDT",,,True,active,1,0,0,0,0.0,,3,-4.748102,8,11,8,0.5,0.75738,-3.760568,0.0,0
2026-05-31T04:29:46.386033+00:00,regime_filtered,forward_optimized_long_ms_regime_filtered,persist,"INJUSDT,NEARUSDT,TIAUSDT","0-12,14-18,21-23",,True,active,1,0,0,0,0.0,,3,-4.748102,8,11,8,0.5,0.573441,-8.732348,0.0,0
2026-05-31T04:29:46.719408+00:00,inj_tia_regime_filtered,forward_optimized_long_ms_inj_tia_regime,persist,"INJUSDT,TIAUSDT","0-12,14-18,21-23",,True,active,0,0,0,0,0.0,,2,-3.939132,0,11,9,0.555556,1.848254,11.768097,0.0,0
2026-05-31T04:29:48.305296+00:00,inj_tia_plus_candidates,forward_optimized_long_ms_inj_tia_plus_candidates,persist,"INJUSDT,TIAUSDT,JUPUSDT,BOMEUSDT","0-12,14-18,21-23",,True,active,0,0,0,0,0.0,,2,-6.679069,1599,6,4,0.75,3.983276,14.815925,0.0,0
2026-05-31T04:29:48.629888+00:00,inj_tia_fast_time_stop,forward_optimized_long_ms_inj_tia_fast_ts300,persist,"INJUSDT,TIAUSDT","0-12,14-18,21-23",300,True,active,0,0,0,0,0.0,,1,-2.68162,43,7,6,0.333333,0.442453,-6.09261,0.0,0
2026-05-31T04:29:48.954194+00:00,inj_fast_tia_standard,forward_optimized_long_ms_inj_fast_tia_standard,persist,"INJUSDT,TIAUSDT","0-12,14-18,21-23","{'INJUSDT': 300, 'TIAUSDT': 600}",True,active,0,0,0,0,0.0,,2,-4.986755,0,9,7,0.571429,0.993058,-0.055584,0.0,0
2026-05-31T04:29:48.976952+00:00,inj_fast_time_stop,forward_optimized_long_ms_inj_fast_ts300,persist,INJUSDT,"0-12,14-18,21-23",300,True,active,0,0,0,0,0.0,,1,-2.68162,0,8,7,0.571429,2.115314,4.1925,0.0,0
2026-05-31T04:29:48.997483+00:00,tia_fast_time_stop,forward_optimized_long_ms_tia_fast_ts300,persist,TIAUSDT,"0-12,14-18,21-23",300,True,active,0,0,0,0,0.0,,0,0,43,2,2,0.0,0.0,-6.6894,0.0,0
2026-05-31T04:29:49.021880+00:00,inj_only,forward_optimized_long_ms_inj_only,persist,INJUSDT,"0-12,14-18,21-23",,True,active,0,0,0,0,0.0,,1,-4.373934,0,5,4,0.75,6.478493,18.056416,0.0,0
2026-05-31T04:29:49.045199+00:00,tia_only,forward_optimized_long_ms_tia_only,persist,TIAUSDT,"0-12,14-18,21-23",,True,active,0,0,0,0,0.0,,1,-2.305135,0,3,2,0.5,1.154379,0.766695,0.0,0
2026-05-31T04:29:49.074379+00:00,near_only_observation,forward_optimized_long_ms_near_only_observation,persist,NEARUSDT,"0-12,14-18,21-23",,True,active,1,0,0,0,0.0,,1,1.930967,8,6,5,0.4,0.098156,-11.129606,0.0,0
2026-05-31T04:29:49.725399+00:00,utc_01_cluster,forward_optimized_long_ms_utc01,persist,"INJUSDT,NEARUSDT,TIAUSDT",1,,True,active,0,0,0,0,0.0,,0,0,1424,2,2,0.5,0.329114,-3.331841,0.0,0
2026-05-31T04:34:51.439181+00:00,baseline,forward_optimized_long_ms_baseline,persist,"INJUSDT,NEARUSDT,TIAUSDT",,,True,active,2,0,0,0,0.0,,3,-4.442397,4,11,8,0.5,0.75738,-3.760568,0.0,0
2026-05-31T04:34:52.068852+00:00,regime_filtered,forward_optimized_long_ms_regime_filtered,persist,"INJUSDT,NEARUSDT,TIAUSDT","0-12,14-18,21-23",,True,active,2,0,0,0,0.0,,3,-4.442397,4,11,8,0.5,0.573441,-8.732348,0.0,0
2026-05-31T04:34:52.403308+00:00,inj_tia_regime_filtered,forward_optimized_long_ms_inj_tia_regime,persist,"INJUSDT,TIAUSDT","0-12,14-18,21-23",,True,active,1,0,0,0,0.0,,2,-3.622088,1,11,9,0.555556,1.848254,11.768097,0.0,0
2026-05-31T04:34:54.784960+00:00,inj_tia_plus_candidates,forward_optimized_long_ms_inj_tia_plus_candidates,persist,"INJUSDT,TIAUSDT,JUPUSDT,BOMEUSDT","0-12,14-18,21-23",,True,active,1,0,0,0,0.0,,2,-6.373364,1600,6,4,0.75,3.983276,14.815925,0.0,0
2026-05-31T04:34:55.111552+00:00,inj_tia_fast_time_stop,forward_optimized_long_ms_inj_tia_fast_ts300,persist,"INJUSDT,TIAUSDT","0-12,14-18,21-23",300,True,active,1,0,0,0,0.0,,1,-2.368965,44,7,6,0.333333,0.442453,-6.09261,0.0,0
2026-05-31T04:34:55.437631+00:00,inj_fast_tia_standard,forward_optimized_long_ms_inj_fast_tia_standard,persist,"INJUSDT,TIAUSDT","0-12,14-18,21-23","{'INJUSDT': 300, 'TIAUSDT': 600}",True,active,1,0,0,0,0.0,,2,-4.6741,1,9,7,0.571429,0.993058,-0.055584,0.0,0
2026-05-31T04:34:55.461865+00:00,inj_fast_time_stop,forward_optimized_long_ms_inj_fast_ts300,persist,INJUSDT,"0-12,14-18,21-23",300,True,active,1,0,0,0,0.0,,1,-2.368965,1,8,7,0.571429,2.115314,4.1925,0.0,0
2026-05-31T04:34:55.482973+00:00,tia_fast_time_stop,forward_optimized_long_ms_tia_fast_ts300,persist,TIAUSDT,"0-12,14-18,21-23",300,True,active,0,0,0,0,0.0,,0,0,43,2,2,0.0,0.0,-6.6894,0.0,0
2026-05-31T04:34:55.508922+00:00,inj_only,forward_optimized_long_ms_inj_only,persist,INJUSDT,"0-12,14-18,21-23",,True,active,1,0,0,0,0.0,,1,-4.068229,1,5,4,0.75,6.478493,18.056416,0.0,0
2026-05-31T04:34:55.532337+00:00,tia_only,forward_optimized_long_ms_tia_only,persist,TIAUSDT,"0-12,14-18,21-23",,True,active,0,0,0,0,0.0,,1,-2.305135,0,3,2,0.5,1.154379,0.766695,0.0,0
2026-05-31T04:34:55.562003+00:00,near_only_observation,forward_optimized_long_ms_near_only_observation,persist,NEARUSDT,"0-12,14-18,21-23",,True,active,1,0,0,0,0.0,,1,1.930967,3,6,5,0.4,0.098156,-11.129606,0.0,0
2026-05-31T04:34:56.212327+00:00,utc_01_cluster,forward_optimized_long_ms_utc01,persist,"INJUSDT,NEARUSDT,TIAUSDT",1,,True,active,0,0,0,0,0.0,,0,0,1427,2,2,0.5,0.329114,-3.331841,0.0,0
2026-05-31T04:39:58.133088+00:00,baseline,forward_optimized_long_ms_baseline,persist,"INJUSDT,NEARUSDT,TIAUSDT",,,True,active,1,0,0,0,0.0,,3,-4.585431,5,11,8,0.5,0.75738,-3.760568,0.0,0
2026-05-31T04:39:58.764328+00:00,regime_filtered,forward_optimized_long_ms_regime_filtered,persist,"INJUSDT,NEARUSDT,TIAUSDT","0-12,14-18,21-23",,True,active,1,0,0,0,0.0,,3,-4.585431,5,11,8,0.5,0.573441,-8.732348,0.0,0
2026-05-31T04:39:59.099183+00:00,inj_tia_regime_filtered,forward_optimized_long_ms_inj_tia_regime,persist,"INJUSDT,TIAUSDT","0-12,14-18,21-23",,True,active,0,0,0,0,0.0,,2,-3.622088,0,11,9,0.555556,1.848254,11.768097,0.0,0
2026-05-31T04:40:00.654204+00:00,inj_tia_plus_candidates,forward_optimized_long_ms_inj_tia_plus_candidates,persist,"INJUSDT,TIAUSDT,JUPUSDT,BOMEUSDT","0-12,14-18,21-23",,True,active,0,0,0,0,0.0,,2,-6.373364,1599,6,4,0.75,3.983276,14.815925,0.0,0
2026-05-31T04:40:00.980368+00:00,inj_tia_fast_time_stop,forward_optimized_long_ms_inj_tia_fast_ts300,persist,"INJUSDT,TIAUSDT","0-12,14-18,21-23",300,True,active,0,0,0,0,0.0,,1,-2.368965,43,7,6,0.333333,0.442453,-6.09261,0.0,0
2026-05-31T04:40:01.306125+00:00,inj_fast_tia_standard,forward_optimized_long_ms_inj_fast_tia_standard,persist,"INJUSDT,TIAUSDT","0-12,14-18,21-23","{'INJUSDT': 300, 'TIAUSDT': 600}",True,active,0,0,0,0,0.0,,2,-4.6741,0,9,7,0.571429,0.993058,-0.055584,0.0,0
2026-05-31T04:40:01.330032+00:00,inj_fast_time_stop,forward_optimized_long_ms_inj_fast_ts300,persist,INJUSDT,"0-12,14-18,21-23",300,True,active,0,0,0,0,0.0,,1,-2.368965,0,8,7,0.571429,2.115314,4.1925,0.0,0
2026-05-31T04:40:01.351521+00:00,tia_fast_time_stop,forward_optimized_long_ms_tia_fast_ts300,persist,TIAUSDT,"0-12,14-18,21-23",300,True,active,0,0,0,0,0.0,,0,0,43,2,2,0.0,0.0,-6.6894,0.0,0
2026-05-31T04:40:01.376809+00:00,inj_only,forward_optimized_long_ms_inj_only,persist,INJUSDT,"0-12,14-18,21-23",,True,active,0,0,0,0,0.0,,1,-4.068229,0,5,4,0.75,6.478493,18.056416,0.0,0
2026-05-31T04:40:01.400923+00:00,tia_only,forward_optimized_long_ms_tia_only,persist,TIAUSDT,"0-12,14-18,21-23",,True,active,0,0,0,0,0.0,,1,-2.305135,0,3,2,0.5,1.154379,0.766695,0.0,0
2026-05-31T04:40:01.431563+00:00,near_only_observation,forward_optimized_long_ms_near_only_observation,persist,NEARUSDT,"0-12,14-18,21-23",,True,active,1,0,0,0,0.0,,1,1.787933,5,6,5,0.4,0.098156,-11.129606,0.0,0
2026-05-31T04:40:02.084119+00:00,utc_01_cluster,forward_optimized_long_ms_utc01,persist,"INJUSDT,NEARUSDT,TIAUSDT",1,,True,active,0,0,0,0,0.0,,0,0,1432,2,2,0.5,0.329114,-3.331841,0.0,0
2026-05-31T04:45:04.421710+00:00,baseline,forward_optimized_long_ms_baseline,persist,"INJUSDT,NEARUSDT,TIAUSDT",,,True,active,1,0,0,0,0.0,,3,-4.37088,5,11,8,0.5,0.75738,-3.760568,0.0,0
2026-05-31T04:45:05.054157+00:00,regime_filtered,forward_optimized_long_ms_regime_filtered,persist,"INJUSDT,NEARUSDT,TIAUSDT","0-12,14-18,21-23",,True,active,1,0,0,0,0.0,,3,-4.37088,5,11,8,0.5,0.573441,-8.732348,0.0,0
2026-05-31T04:45:05.388638+00:00,inj_tia_regime_filtered,forward_optimized_long_ms_inj_tia_regime,persist,"INJUSDT,TIAUSDT","0-12,14-18,21-23",,True,active,0,0,0,0,0.0,,2,-3.622088,0,11,9,0.555556,1.848254,11.768097,0.0,0
2026-05-31T04:45:07.399552+00:00,inj_tia_plus_candidates,forward_optimized_long_ms_inj_tia_plus_candidates,persist,"INJUSDT,TIAUSDT,JUPUSDT,BOMEUSDT","0-12,14-18,21-23",,True,active,0,0,0,0,0.0,,2,-6.373364,1599,6,4,0.75,3.983276,14.815925,0.0,0
2026-05-31T04:45:07.725629+00:00,inj_tia_fast_time_stop,forward_optimized_long_ms_inj_tia_fast_ts300,persist,"INJUSDT,TIAUSDT","0-12,14-18,21-23",300,True,active,0,0,0,0,0.0,,1,-2.368965,43,7,6,0.333333,0.442453,-6.09261,0.0,0
2026-05-31T04:45:08.052004+00:00,inj_fast_tia_standard,forward_optimized_long_ms_inj_fast_tia_standard,persist,"INJUSDT,TIAUSDT","0-12,14-18,21-23","{'INJUSDT': 300, 'TIAUSDT': 600}",True,active,0,0,0,0,0.0,,2,-4.6741,0,9,7,0.571429,0.993058,-0.055584,0.0,0
2026-05-31T04:45:08.076179+00:00,inj_fast_time_stop,forward_optimized_long_ms_inj_fast_ts300,persist,INJUSDT,"0-12,14-18,21-23",300,True,active,0,0,0,0,0.0,,1,-2.368965,0,8,7,0.571429,2.115314,4.1925,0.0,0
2026-05-31T04:45:08.098241+00:00,tia_fast_time_stop,forward_optimized_long_ms_tia_fast_ts300,persist,TIAUSDT,"0-12,14-18,21-23",300,True,active,0,0,0,0,0.0,,0,0,43,2,2,0.0,0.0,-6.6894,0.0,0
2026-05-31T04:45:08.124735+00:00,inj_only,forward_optimized_long_ms_inj_only,persist,INJUSDT,"0-12,14-18,21-23",,True,active,0,0,0,0,0.0,,1,-4.068229,0,5,4,0.75,6.478493,18.056416,0.0,0
2026-05-31T04:45:08.149156+00:00,tia_only,forward_optimized_long_ms_tia_only,persist,TIAUSDT,"0-12,14-18,21-23",,True,active,0,0,0,0,0.0,,1,-2.305135,0,3,2,0.5,1.154379,0.766695,0.0,0
2026-05-31T04:45:08.179902+00:00,near_only_observation,forward_optimized_long_ms_near_only_observation,persist,NEARUSDT,"0-12,14-18,21-23",,True,active,1,0,0,0,0.0,,1,2.002484,5,6,5,0.4,0.098156,-11.129606,0.0,0
2026-05-31T04:45:08.833048+00:00,utc_01_cluster,forward_optimized_long_ms_utc01,persist,"INJUSDT,NEARUSDT,TIAUSDT",1,,True,active,0,0,0,0,0.0,,0,0,1437,2,2,0.5,0.329114,-3.331841,0.0,0
2026-05-31T04:50:11.163364+00:00,baseline,forward_optimized_long_ms_baseline,persist,"INJUSDT,NEARUSDT,TIAUSDT",,,True,active,2,0,0,0,0.0,,3,-3.747227,21,11,8,0.5,0.75738,-3.760568,0.0,0
2026-05-31T04:50:11.797352+00:00,regime_filtered,forward_optimized_long_ms_regime_filtered,persist,"INJUSDT,NEARUSDT,TIAUSDT","0-12,14-18,21-23",,True,active,2,0,0,0,0.0,,3,-3.747227,21,11,8,0.5,0.573441,-8.732348,0.0,0
2026-05-31T04:50:12.133082+00:00,inj_tia_regime_filtered,forward_optimized_long_ms_inj_tia_regime,persist,"INJUSDT,TIAUSDT","0-12,14-18,21-23",,True,active,1,0,0,0,0.0,,2,-3.012388,5,11,9,0.555556,1.848254,11.768097,0.0,0
2026-05-31T04:50:13.684251+00:00,inj_tia_plus_candidates,forward_optimized_long_ms_inj_tia_plus_candidates,persist,"INJUSDT,TIAUSDT,JUPUSDT,BOMEUSDT","0-12,14-18,21-23",,True,active,1,0,0,0,0.0,,2,-5.78547,1604,6,4,0.75,3.983276,14.815925,0.0,0
2026-05-31T04:50:14.012326+00:00,inj_tia_fast_time_stop,forward_optimized_long_ms_inj_tia_fast_ts300,persist,"INJUSDT,TIAUSDT","0-12,14-18,21-23",300,True,active,1,0,0,0,0.0,,1,-1.767705,48,7,6,0.333333,0.442453,-6.09261,0.0,0
2026-05-31T04:50:14.340425+00:00,inj_fast_tia_standard,forward_optimized_long_ms_inj_fast_tia_standard,persist,"INJUSDT,TIAUSDT","0-12,14-18,21-23","{'INJUSDT': 300, 'TIAUSDT': 600}",True,active,1,0,0,0,0.0,,2,-4.07284,5,9,7,0.571429,0.993058,-0.055584,0.0,0
2026-05-31T04:50:14.366457+00:00,inj_fast_time_stop,forward_optimized_long_ms_inj_fast_ts300,persist,INJUSDT,"0-12,14-18,21-23",300,True,active,1,0,0,0,0.0,,1,-1.767705,5,8,7,0.571429,2.115314,4.1925,0.0,0
2026-05-31T04:50:14.388862+00:00,tia_fast_time_stop,forward_optimized_long_ms_tia_fast_ts300,persist,TIAUSDT,"0-12,14-18,21-23",300,True,active,0,0,0,0,0.0,,0,0,43,2,2,0.0,0.0,-6.6894,0.0,0
2026-05-31T04:50:14.417091+00:00,inj_only,forward_optimized_long_ms_inj_only,persist,INJUSDT,"0-12,14-18,21-23",,True,active,1,0,0,0,0.0,,1,-3.480335,5,5,4,0.75,6.478493,18.056416,0.0,0
2026-05-31T04:50:14.442646+00:00,tia_only,forward_optimized_long_ms_tia_only,persist,TIAUSDT,"0-12,14-18,21-23",,True,active,0,0,0,0,0.0,,1,-2.305135,0,3,2,0.5,1.154379,0.766695,0.0,0
2026-05-31T04:50:14.474881+00:00,near_only_observation,forward_optimized_long_ms_near_only_observation,persist,NEARUSDT,"0-12,14-18,21-23",,True,active,1,0,0,0,0.0,,1,2.038243,16,6,5,0.4,0.098156,-11.129606,0.0,0
2026-05-31T04:50:15.127853+00:00,utc_01_cluster,forward_optimized_long_ms_utc01,persist,"INJUSDT,NEARUSDT,TIAUSDT",1,,True,active,0,0,0,0,0.0,,0,0,1453,2,2,0.5,0.329114,-3.331841,0.0,0
2026-05-31T04:55:16.834100+00:00,baseline,forward_optimized_long_ms_baseline,persist,"INJUSDT,NEARUSDT,TIAUSDT",,,True,active,1,0,0,0,0.0,,3,-3.532675,9,11,8,0.5,0.75738,-3.760568,0.0,0
2026-05-31T04:55:17.471398+00:00,regime_filtered,forward_optimized_long_ms_regime_filtered,persist,"INJUSDT,NEARUSDT,TIAUSDT","0-12,14-18,21-23",,True,active,1,0,0,0,0.0,,3,-3.532675,9,11,8,0.5,0.573441,-8.732348,0.0,0
2026-05-31T04:55:17.805507+00:00,inj_tia_regime_filtered,forward_optimized_long_ms_inj_tia_regime,persist,"INJUSDT,TIAUSDT","0-12,14-18,21-23",,True,active,0,0,0,0,0.0,,2,-3.012388,0,11,9,0.555556,1.848254,11.768097,0.0,0
2026-05-31T04:55:19.533486+00:00,inj_tia_plus_candidates,forward_optimized_long_ms_inj_tia_plus_candidates,persist,"INJUSDT,TIAUSDT,JUPUSDT,BOMEUSDT","0-12,14-18,21-23",,True,active,0,0,0,0,0.0,,2,-5.78547,1599,6,4,0.75,3.983276,14.815925,0.0,0
2026-05-31T04:55:19.859986+00:00,inj_tia_fast_time_stop,forward_optimized_long_ms_inj_tia_fast_ts300,persist,"INJUSDT,TIAUSDT","0-12,14-18,21-23",300,True,active,0,0,0,0,0.0,,1,-1.767705,43,7,6,0.333333,0.442453,-6.09261,0.0,0
2026-05-31T04:55:20.187360+00:00,inj_fast_tia_standard,forward_optimized_long_ms_inj_fast_tia_standard,persist,"INJUSDT,TIAUSDT","0-12,14-18,21-23","{'INJUSDT': 300, 'TIAUSDT': 600}",True,active,0,0,0,0,0.0,,2,-4.07284,0,9,7,0.571429,0.993058,-0.055584,0.0,0
2026-05-31T04:55:20.212108+00:00,inj_fast_time_stop,forward_optimized_long_ms_inj_fast_ts300,persist,INJUSDT,"0-12,14-18,21-23",300,True,active,0,0,0,0,0.0,,1,-1.767705,0,8,7,0.571429,2.115314,4.1925,0.0,0
2026-05-31T04:55:20.234241+00:00,tia_fast_time_stop,forward_optimized_long_ms_tia_fast_ts300,persist,TIAUSDT,"0-12,14-18,21-23",300,True,active,0,0,0,0,0.0,,0,0,43,2,2,0.0,0.0,-6.6894,0.0,0
2026-05-31T04:55:20.259820+00:00,inj_only,forward_optimized_long_ms_inj_only,persist,INJUSDT,"0-12,14-18,21-23",,True,active,0,0,0,0,0.0,,1,-3.480335,0,5,4,0.75,6.478493,18.056416,0.0,0
2026-05-31T04:55:20.284021+00:00,tia_only,forward_optimized_long_ms_tia_only,persist,TIAUSDT,"0-12,14-18,21-23",,True,active,0,0,0,0,0.0,,1,-2.305135,0,3,2,0.5,1.154379,0.766695,0.0,0
2026-05-31T04:55:20.314561+00:00,near_only_observation,forward_optimized_long_ms_near_only_observation,persist,NEARUSDT,"0-12,14-18,21-23",,True,active,1,0,0,0,0.0,,1,2.252795,9,6,5,0.4,0.098156,-11.129606,0.0,0
2026-05-31T04:55:20.967406+00:00,utc_01_cluster,forward_optimized_long_ms_utc01,persist,"INJUSDT,NEARUSDT,TIAUSDT",1,,True,active,0,0,0,0,0.0,,0,0,1462,2,2,0.5,0.329114,-3.331841,0.0,0
2026-05-31T05:00:23.114321+00:00,baseline,forward_optimized_long_ms_baseline,persist,"INJUSDT,NEARUSDT,TIAUSDT",,,True,active,2,0,0,0,0.0,,3,-2.350581,10,11,8,0.5,0.75738,-3.760568,0.0,0
2026-05-31T05:00:23.745848+00:00,regime_filtered,forward_optimized_long_ms_regime_filtered,persist,"INJUSDT,NEARUSDT,TIAUSDT","0-12,14-18,21-23",,True,active,2,0,0,0,0.0,,3,-2.350581,10,11,8,0.5,0.573441,-8.732348,0.0,0
2026-05-31T05:00:24.079419+00:00,inj_tia_regime_filtered,forward_optimized_long_ms_inj_tia_regime,persist,"INJUSDT,TIAUSDT","0-12,14-18,21-23",,True,active,1,0,0,0,0.0,,2,-2.268553,1,11,9,0.555556,1.848254,11.768097,0.0,0
2026-05-31T05:00:26.224078+00:00,inj_tia_plus_candidates,forward_optimized_long_ms_inj_tia_plus_candidates,persist,"INJUSDT,TIAUSDT,JUPUSDT,BOMEUSDT","0-12,14-18,21-23",,True,active,1,0,0,0,0.0,,2,-5.068238,1600,6,4,0.75,3.983276,14.815925,0.0,0
2026-05-31T05:00:26.550145+00:00,inj_tia_fast_time_stop,forward_optimized_long_ms_inj_tia_fast_ts300,persist,"INJUSDT,TIAUSDT","0-12,14-18,21-23",300,True,active,1,0,0,0,0.0,,1,-1.034167,44,7,6,0.333333,0.442453,-6.09261,0.0,0
2026-05-31T05:00:26.876052+00:00,inj_fast_tia_standard,forward_optimized_long_ms_inj_fast_tia_standard,persist,"INJUSDT,TIAUSDT","0-12,14-18,21-23","{'INJUSDT': 300, 'TIAUSDT': 600}",True,active,1,0,0,0,0.0,,2,-3.339302,1,9,7,0.571429,0.993058,-0.055584,0.0,0
2026-05-31T05:00:26.900429+00:00,inj_fast_time_stop,forward_optimized_long_ms_inj_fast_ts300,persist,INJUSDT,"0-12,14-18,21-23",300,True,active,1,0,0,0,0.0,,1,-1.034167,1,8,7,0.571429,2.115314,4.1925,0.0,0
2026-05-31T05:00:26.921155+00:00,tia_fast_time_stop,forward_optimized_long_ms_tia_fast_ts300,persist,TIAUSDT,"0-12,14-18,21-23",300,True,active,0,0,0,0,0.0,,0,0,43,2,2,0.0,0.0,-6.6894,0.0,0
2026-05-31T05:00:26.947076+00:00,inj_only,forward_optimized_long_ms_inj_only,persist,INJUSDT,"0-12,14-18,21-23",,True,active,1,0,0,0,0.0,,1,-2.763103,1,5,4,0.75,6.478493,18.056416,0.0,0
2026-05-31T05:00:26.970445+00:00,tia_only,forward_optimized_long_ms_tia_only,persist,TIAUSDT,"0-12,14-18,21-23",,True,active,0,0,0,0,0.0,,1,-2.305135,0,3,2,0.5,1.154379,0.766695,0.0,0
2026-05-31T05:00:27.000679+00:00,near_only_observation,forward_optimized_long_ms_near_only_observation,persist,NEARUSDT,"0-12,14-18,21-23",,True,active,1,0,0,0,0.0,,1,2.717657,9,6,5,0.4,0.098156,-11.129606,0.0,0
2026-05-31T05:00:27.652183+00:00,utc_01_cluster,forward_optimized_long_ms_utc01,persist,"INJUSDT,NEARUSDT,TIAUSDT",1,,True,active,0,0,0,0,0.0,,0,0,1471,2,2,0.5,0.329114,-3.331841,0.0,0
2026-05-31T05:05:29.979064+00:00,baseline,forward_optimized_long_ms_baseline,persist,"INJUSDT,NEARUSDT,TIAUSDT",,,True,active,2,0,0,0,0.0,,3,-2.479918,8,11,8,0.5,0.75738,-3.760568,0.0,0
2026-05-31T05:05:30.611771+00:00,regime_filtered,forward_optimized_long_ms_regime_filtered,persist,"INJUSDT,NEARUSDT,TIAUSDT","0-12,14-18,21-23",,True,active,2,0,0,0,0.0,,3,-2.479918,8,11,8,0.5,0.573441,-8.732348,0.0,0
2026-05-31T05:05:30.947083+00:00,inj_tia_regime_filtered,forward_optimized_long_ms_inj_tia_regime,persist,"INJUSDT,TIAUSDT","0-12,14-18,21-23",,True,active,1,0,0,0,0.0,,2,-2.402687,3,11,9,0.555556,1.848254,11.768097,0.0,0
2026-05-31T05:05:32.685865+00:00,inj_tia_plus_candidates,forward_optimized_long_ms_inj_tia_plus_candidates,persist,"INJUSDT,TIAUSDT,JUPUSDT,BOMEUSDT","0-12,14-18,21-23",,True,active,1,0,0,0,0.0,,2,-5.197575,1602,6,4,0.75,3.983276,14.815925,0.0,0
2026-05-31T05:05:33.014213+00:00,inj_tia_fast_time_stop,forward_optimized_long_ms_inj_tia_fast_ts300,persist,"INJUSDT,TIAUSDT","0-12,14-18,21-23",300,True,active,1,0,0,0,0.0,,1,-1.166445,46,7,6,0.333333,0.442453,-6.09261,0.0,0
2026-05-31T05:05:33.342788+00:00,inj_fast_tia_standard,forward_optimized_long_ms_inj_fast_tia_standard,persist,"INJUSDT,TIAUSDT","0-12,14-18,21-23","{'INJUSDT': 300, 'TIAUSDT': 600}",True,active,1,0,0,0,0.0,,2,-3.47158,3,9,7,0.571429,0.993058,-0.055584,0.0,0
2026-05-31T05:05:33.368586+00:00,inj_fast_time_stop,forward_optimized_long_ms_inj_fast_ts300,persist,INJUSDT,"0-12,14-18,21-23",300,True,active,1,0,0,0,0.0,,1,-1.166445,3,8,7,0.571429,2.115314,4.1925,0.0,0
2026-05-31T05:05:33.390713+00:00,tia_fast_time_stop,forward_optimized_long_ms_tia_fast_ts300,persist,TIAUSDT,"0-12,14-18,21-23",300,True,active,0,0,0,0,0.0,,0,0,43,2,2,0.0,0.0,-6.6894,0.0,0
2026-05-31T05:05:33.418235+00:00,inj_only,forward_optimized_long_ms_inj_only,persist,INJUSDT,"0-12,14-18,21-23",,True,active,1,0,0,0,0.0,,1,-2.89244,3,5,4,0.75,6.478493,18.056416,0.0,0
2026-05-31T05:05:33.442751+00:00,tia_only,forward_optimized_long_ms_tia_only,persist,TIAUSDT,"0-12,14-18,21-23",,True,active,0,0,0,0,0.0,,1,-2.305135,0,3,2,0.5,1.154379,0.766695,0.0,0
2026-05-31T05:05:33.473574+00:00,near_only_observation,forward_optimized_long_ms_near_only_observation,persist,NEARUSDT,"0-12,14-18,21-23",,True,active,1,0,0,0,0.0,,1,2.717657,5,6,5,0.4,0.098156,-11.129606,0.0,0
2026-05-31T05:05:34.126879+00:00,utc_01_cluster,forward_optimized_long_ms_utc01,persist,"INJUSDT,NEARUSDT,TIAUSDT",1,,True,active,0,0,0,0,0.0,,0,0,1476,2,2,0.5,0.329114,-3.331841,0.0,0
2026-05-31T05:10:35.623795+00:00,baseline,forward_optimized_long_ms_baseline,persist,"INJUSDT,NEARUSDT,TIAUSDT",,,True,active,1,0,0,0,0.0,,3,-2.622952,9,11,8,0.5,0.75738,-3.760568,0.0,0
2026-05-31T05:10:36.255967+00:00,regime_filtered,forward_optimized_long_ms_regime_filtered,persist,"INJUSDT,NEARUSDT,TIAUSDT","0-12,14-18,21-23",,True,active,1,0,0,0,0.0,,3,-2.622952,9,11,8,0.5,0.573441,-8.732348,0.0,0
2026-05-31T05:10:36.589847+00:00,inj_tia_regime_filtered,forward_optimized_long_ms_inj_tia_regime,persist,"INJUSDT,TIAUSDT","0-12,14-18,21-23",,True,active,0,0,0,0,0.0,,2,-2.402687,0,11,9,0.555556,1.848254,11.768097,0.0,0
2026-05-31T05:10:38.130059+00:00,inj_tia_plus_candidates,forward_optimized_long_ms_inj_tia_plus_candidates,persist,"INJUSDT,TIAUSDT,JUPUSDT,BOMEUSDT","0-12,14-18,21-23",,True,active,0,0,0,0,0.0,,2,-5.197575,1599,6,4,0.75,3.983276,14.815925,0.0,0
2026-05-31T05:10:38.457251+00:00,inj_tia_fast_time_stop,forward_optimized_long_ms_inj_tia_fast_ts300,persist,"INJUSDT,TIAUSDT","0-12,14-18,21-23",300,True,active,0,0,0,0,0.0,,1,-1.166445,43,7,6,0.333333,0.442453,-6.09261,0.0,0
2026-05-31T05:10:38.784333+00:00,inj_fast_tia_standard,forward_optimized_long_ms_inj_fast_tia_standard,persist,"INJUSDT,TIAUSDT","0-12,14-18,21-23","{'INJUSDT': 300, 'TIAUSDT': 600}",True,active,0,0,0,0,0.0,,2,-3.47158,0,9,7,0.571429,0.993058,-0.055584,0.0,0
2026-05-31T05:10:38.808949+00:00,inj_fast_time_stop,forward_optimized_long_ms_inj_fast_ts300,persist,INJUSDT,"0-12,14-18,21-23",300,True,active,0,0,0,0,0.0,,1,-1.166445,0,8,7,0.571429,2.115314,4.1925,0.0,0
2026-05-31T05:10:38.831245+00:00,tia_fast_time_stop,forward_optimized_long_ms_tia_fast_ts300,persist,TIAUSDT,"0-12,14-18,21-23",300,True,active,0,0,0,0,0.0,,0,0,43,2,2,0.0,0.0,-6.6894,0.0,0
2026-05-31T05:10:38.857592+00:00,inj_only,forward_optimized_long_ms_inj_only,persist,INJUSDT,"0-12,14-18,21-23",,True,active,0,0,0,0,0.0,,1,-2.89244,0,5,4,0.75,6.478493,18.056416,0.0,0
2026-05-31T05:10:38.882230+00:00,tia_only,forward_optimized_long_ms_tia_only,persist,TIAUSDT,"0-12,14-18,21-23",,True,active,0,0,0,0,0.0,,1,-2.305135,0,3,2,0.5,1.154379,0.766695,0.0,0
2026-05-31T05:10:38.914424+00:00,near_only_observation,forward_optimized_long_ms_near_only_observation,persist,NEARUSDT,"0-12,14-18,21-23",,True,active,1,0,0,0,0.0,,1,2.574623,9,6,5,0.4,0.098156,-11.129606,0.0,0
2026-05-31T05:10:39.569272+00:00,utc_01_cluster,forward_optimized_long_ms_utc01,persist,"INJUSDT,NEARUSDT,TIAUSDT",1,,True,active,0,0,0,0,0.0,,0,0,1485,2,2,0.5,0.329114,-3.331841,0.0,0
2026-05-31T05:15:41.486451+00:00,baseline,forward_optimized_long_ms_baseline,persist,"INJUSDT,NEARUSDT,TIAUSDT",,,True,active,1,0,0,0,0.0,,3,-2.837504,2,11,8,0.5,0.75738,-3.760568,0.0,0
2026-05-31T05:15:42.118403+00:00,regime_filtered,forward_optimized_long_ms_regime_filtered,persist,"INJUSDT,NEARUSDT,TIAUSDT","0-12,14-18,21-23",,True,active,1,0,0,0,0.0,,3,-2.837504,2,11,8,0.5,0.573441,-8.732348,0.0,0
2026-05-31T05:15:42.452992+00:00,inj_tia_regime_filtered,forward_optimized_long_ms_inj_tia_regime,persist,"INJUSDT,TIAUSDT","0-12,14-18,21-23",,True,active,0,0,0,0,0.0,,2,-2.402687,0,11,9,0.555556,1.848254,11.768097,0.0,0
2026-05-31T05:15:44.069819+00:00,inj_tia_plus_candidates,forward_optimized_long_ms_inj_tia_plus_candidates,persist,"INJUSDT,TIAUSDT,JUPUSDT,BOMEUSDT","0-12,14-18,21-23",,True,active,0,0,0,0,0.0,,2,-5.197575,1599,6,4,0.75,3.983276,14.815925,0.0,0
2026-05-31T05:15:44.396845+00:00,inj_tia_fast_time_stop,forward_optimized_long_ms_inj_tia_fast_ts300,persist,"INJUSDT,TIAUSDT","0-12,14-18,21-23",300,True,active,0,0,0,0,0.0,,1,-1.166445,43,7,6,0.333333,0.442453,-6.09261,0.0,0
2026-05-31T05:15:44.723384+00:00,inj_fast_tia_standard,forward_optimized_long_ms_inj_fast_tia_standard,persist,"INJUSDT,TIAUSDT","0-12,14-18,21-23","{'INJUSDT': 300, 'TIAUSDT': 600}",True,active,0,0,0,0,0.0,,2,-3.47158,0,9,7,0.571429,0.993058,-0.055584,0.0,0
2026-05-31T05:15:44.748067+00:00,inj_fast_time_stop,forward_optimized_long_ms_inj_fast_ts300,persist,INJUSDT,"0-12,14-18,21-23",300,True,active,0,0,0,0,0.0,,1,-1.166445,0,8,7,0.571429,2.115314,4.1925,0.0,0
2026-05-31T05:15:44.770235+00:00,tia_fast_time_stop,forward_optimized_long_ms_tia_fast_ts300,persist,TIAUSDT,"0-12,14-18,21-23",300,True,active,0,0,0,0,0.0,,0,0,43,2,2,0.0,0.0,-6.6894,0.0,0
2026-05-31T05:15:44.797622+00:00,inj_only,forward_optimized_long_ms_inj_only,persist,INJUSDT,"0-12,14-18,21-23",,True,active,0,0,0,0,0.0,,1,-2.89244,0,5,4,0.75,6.478493,18.056416,0.0,0
2026-05-31T05:15:44.824017+00:00,tia_only,forward_optimized_long_ms_tia_only,persist,TIAUSDT,"0-12,14-18,21-23",,True,active,0,0,0,0,0.0,,1,-2.305135,0,3,2,0.5,1.154379,0.766695,0.0,0
2026-05-31T05:15:44.856790+00:00,near_only_observation,forward_optimized_long_ms_near_only_observation,persist,NEARUSDT,"0-12,14-18,21-23",,True,active,1,0,0,0,0.0,,1,2.360071,2,6,5,0.4,0.098156,-11.129606,0.0,0
2026-05-31T05:15:45.512870+00:00,utc_01_cluster,forward_optimized_long_ms_utc01,persist,"INJUSDT,NEARUSDT,TIAUSDT",1,,True,active,0,0,0,0,0.0,,0,0,1487,2,2,0.5,0.329114,-3.331841,0.0,0
2026-05-31T05:20:47.206007+00:00,baseline,forward_optimized_long_ms_baseline,persist,"INJUSDT,NEARUSDT,TIAUSDT",,,True,active,1,0,0,0,0.0,,3,-2.909021,16,11,8,0.5,0.75738,-3.760568,0.0,0
2026-05-31T05:20:47.839957+00:00,regime_filtered,forward_optimized_long_ms_regime_filtered,persist,"INJUSDT,NEARUSDT,TIAUSDT","0-12,14-18,21-23",,True,active,1,0,0,0,0.0,,3,-2.909021,16,11,8,0.5,0.573441,-8.732348,0.0,0
2026-05-31T05:20:48.174535+00:00,inj_tia_regime_filtered,forward_optimized_long_ms_inj_tia_regime,persist,"INJUSDT,TIAUSDT","0-12,14-18,21-23",,True,active,0,0,0,0,0.0,,2,-2.402687,0,11,9,0.555556,1.848254,11.768097,0.0,0
2026-05-31T05:20:49.924410+00:00,inj_tia_plus_candidates,forward_optimized_long_ms_inj_tia_plus_candidates,persist,"INJUSDT,TIAUSDT,JUPUSDT,BOMEUSDT","0-12,14-18,21-23",,True,active,0,0,0,0,0.0,,2,-5.197575,1599,6,4,0.75,3.983276,14.815925,0.0,0
2026-05-31T05:20:50.251850+00:00,inj_tia_fast_time_stop,forward_optimized_long_ms_inj_tia_fast_ts300,persist,"INJUSDT,TIAUSDT","0-12,14-18,21-23",300,True,active,0,0,0,0,0.0,,1,-1.166445,43,7,6,0.333333,0.442453,-6.09261,0.0,0
2026-05-31T05:20:50.579816+00:00,inj_fast_tia_standard,forward_optimized_long_ms_inj_fast_tia_standard,persist,"INJUSDT,TIAUSDT","0-12,14-18,21-23","{'INJUSDT': 300, 'TIAUSDT': 600}",True,active,0,0,0,0,0.0,,2,-3.47158,0,9,7,0.571429,0.993058,-0.055584,0.0,0
2026-05-31T05:20:50.605193+00:00,inj_fast_time_stop,forward_optimized_long_ms_inj_fast_ts300,persist,INJUSDT,"0-12,14-18,21-23",300,True,active,0,0,0,0,0.0,,1,-1.166445,0,8,7,0.571429,2.115314,4.1925,0.0,0
2026-05-31T05:20:50.628218+00:00,tia_fast_time_stop,forward_optimized_long_ms_tia_fast_ts300,persist,TIAUSDT,"0-12,14-18,21-23",300,True,active,0,0,0,0,0.0,,0,0,43,2,2,0.0,0.0,-6.6894,0.0,0
2026-05-31T05:20:50.654719+00:00,inj_only,forward_optimized_long_ms_inj_only,persist,INJUSDT,"0-12,14-18,21-23",,True,active,0,0,0,0,0.0,,1,-2.89244,0,5,4,0.75,6.478493,18.056416,0.0,0
2026-05-31T05:20:50.679977+00:00,tia_only,forward_optimized_long_ms_tia_only,persist,TIAUSDT,"0-12,14-18,21-23",,True,active,0,0,0,0,0.0,,1,-2.305135,0,3,2,0.5,1.154379,0.766695,0.0,0
2026-05-31T05:20:50.713000+00:00,near_only_observation,forward_optimized_long_ms_near_only_observation,persist,NEARUSDT,"0-12,14-18,21-23",,True,active,1,0,0,0,0.0,,1,2.288554,16,6,5,0.4,0.098156,-11.129606,0.0,0
2026-05-31T05:20:51.366687+00:00,utc_01_cluster,forward_optimized_long_ms_utc01,persist,"INJUSDT,NEARUSDT,TIAUSDT",1,,True,active,0,0,0,0,0.0,,0,0,1503,2,2,0.5,0.329114,-3.331841,0.0,0
2026-05-31T05:25:53.943667+00:00,baseline,forward_optimized_long_ms_baseline,persist,"INJUSDT,NEARUSDT,TIAUSDT",,,True,active,2,0,0,0,0.0,,3,-2.778715,8,11,8,0.5,0.75738,-3.760568,0.0,0
2026-05-31T05:25:54.575927+00:00,regime_filtered,forward_optimized_long_ms_regime_filtered,persist,"INJUSDT,NEARUSDT,TIAUSDT","0-12,14-18,21-23",,True,active,2,0,0,0,0.0,,3,-2.778715,8,11,8,0.5,0.573441,-8.732348,0.0,0
2026-05-31T05:25:54.912420+00:00,inj_tia_regime_filtered,forward_optimized_long_ms_inj_tia_regime,persist,"INJUSDT,TIAUSDT","0-12,14-18,21-23",,True,active,1,0,0,0,0.0,,2,-2.341717,2,11,9,0.555556,1.848254,11.768097,0.0,0
2026-05-31T05:25:56.474450+00:00,inj_tia_plus_candidates,forward_optimized_long_ms_inj_tia_plus_candidates,persist,"INJUSDT,TIAUSDT,JUPUSDT,BOMEUSDT","0-12,14-18,21-23",,True,active,1,0,0,0,0.0,,2,-5.138786,1601,6,4,0.75,3.983276,14.815925,0.0,0
2026-05-31T05:25:56.803085+00:00,inj_tia_fast_time_stop,forward_optimized_long_ms_inj_tia_fast_ts300,persist,"INJUSDT,TIAUSDT","0-12,14-18,21-23",300,True,active,1,0,0,0,0.0,,1,-1.106319,45,7,6,0.333333,0.442453,-6.09261,0.0,0
2026-05-31T05:25:57.136635+00:00,inj_fast_tia_standard,forward_optimized_long_ms_inj_fast_tia_standard,persist,"INJUSDT,TIAUSDT","0-12,14-18,21-23","{'INJUSDT': 300, 'TIAUSDT': 600}",True,active,1,0,0,0,0.0,,2,-3.411454,2,9,7,0.571429,0.993058,-0.055584,0.0,0
2026-05-31T05:25:57.163933+00:00,inj_fast_time_stop,forward_optimized_long_ms_inj_fast_ts300,persist,INJUSDT,"0-12,14-18,21-23",300,True,active,1,0,0,0,0.0,,1,-1.106319,2,8,7,0.571429,2.115314,4.1925,0.0,0
2026-05-31T05:25:57.186681+00:00,tia_fast_time_stop,forward_optimized_long_ms_tia_fast_ts300,persist,TIAUSDT,"0-12,14-18,21-23",300,True,active,0,0,0,0,0.0,,0,0,43,2,2,0.0,0.0,-6.6894,0.0,0
2026-05-31T05:25:57.214772+00:00,inj_only,forward_optimized_long_ms_inj_only,persist,INJUSDT,"0-12,14-18,21-23",,True,active,1,0,0,0,0.0,,1,-2.833651,2,5,4,0.75,6.478493,18.056416,0.0,0
2026-05-31T05:25:57.239874+00:00,tia_only,forward_optimized_long_ms_tia_only,persist,TIAUSDT,"0-12,14-18,21-23",,True,active,0,0,0,0,0.0,,1,-2.305135,0,3,2,0.5,1.154379,0.766695,0.0,0
2026-05-31T05:25:57.271327+00:00,near_only_observation,forward_optimized_long_ms_near_only_observation,persist,NEARUSDT,"0-12,14-18,21-23",,True,active,1,0,0,0,0.0,,1,2.360071,6,6,5,0.4,0.098156,-11.129606,0.0,0
2026-05-31T05:25:57.926002+00:00,utc_01_cluster,forward_optimized_long_ms_utc01,persist,"INJUSDT,NEARUSDT,TIAUSDT",1,,True,active,0,0,0,0,0.0,,0,0,1509,2,2,0.5,0.329114,-3.331841,0.0,0
2026-05-31T05:31:00.265110+00:00,baseline,forward_optimized_long_ms_baseline,persist,"INJUSDT,NEARUSDT,TIAUSDT",,,True,active,1,0,0,0,0.0,,3,-2.957508,20,11,8,0.5,0.75738,-3.760568,0.0,0
2026-05-31T05:31:00.900968+00:00,regime_filtered,forward_optimized_long_ms_regime_filtered,persist,"INJUSDT,NEARUSDT,TIAUSDT","0-12,14-18,21-23",,True,active,1,0,0,0,0.0,,3,-2.957508,20,11,8,0.5,0.573441,-8.732348,0.0,0
2026-05-31T05:31:01.236423+00:00,inj_tia_regime_filtered,forward_optimized_long_ms_inj_tia_regime,persist,"INJUSDT,TIAUSDT","0-12,14-18,21-23",,True,active,0,0,0,0,0.0,,2,-2.341717,0,11,9,0.555556,1.848254,11.768097,0.0,0
2026-05-31T05:31:03.250290+00:00,inj_tia_plus_candidates,forward_optimized_long_ms_inj_tia_plus_candidates,persist,"INJUSDT,TIAUSDT,JUPUSDT,BOMEUSDT","0-12,14-18,21-23",,True,active,0,0,0,0,0.0,,2,-5.138786,1599,6,4,0.75,3.983276,14.815925,0.0,0
2026-05-31T05:31:03.576247+00:00,inj_tia_fast_time_stop,forward_optimized_long_ms_inj_tia_fast_ts300,persist,"INJUSDT,TIAUSDT","0-12,14-18,21-23",300,True,active,0,0,0,0,0.0,,1,-1.106319,43,7,6,0.333333,0.442453,-6.09261,0.0,0
2026-05-31T05:31:03.902558+00:00,inj_fast_tia_standard,forward_optimized_long_ms_inj_fast_tia_standard,persist,"INJUSDT,TIAUSDT","0-12,14-18,21-23","{'INJUSDT': 300, 'TIAUSDT': 600}",True,active,0,0,0,0,0.0,,2,-3.411454,0,9,7,0.571429,0.993058,-0.055584,0.0,0
2026-05-31T05:31:03.926534+00:00,inj_fast_time_stop,forward_optimized_long_ms_inj_fast_ts300,persist,INJUSDT,"0-12,14-18,21-23",300,True,active,0,0,0,0,0.0,,1,-1.106319,0,8,7,0.571429,2.115314,4.1925,0.0,0
2026-05-31T05:31:03.948108+00:00,tia_fast_time_stop,forward_optimized_long_ms_tia_fast_ts300,persist,TIAUSDT,"0-12,14-18,21-23",300,True,active,0,0,0,0,0.0,,0,0,43,2,2,0.0,0.0,-6.6894,0.0,0
2026-05-31T05:31:03.973753+00:00,inj_only,forward_optimized_long_ms_inj_only,persist,INJUSDT,"0-12,14-18,21-23",,True,active,0,0,0,0,0.0,,1,-2.833651,0,5,4,0.75,6.478493,18.056416,0.0,0
2026-05-31T05:31:03.997726+00:00,tia_only,forward_optimized_long_ms_tia_only,persist,TIAUSDT,"0-12,14-18,21-23",,True,active,0,0,0,0,0.0,,1,-2.305135,0,3,2,0.5,1.154379,0.766695,0.0,0
2026-05-31T05:31:04.030166+00:00,near_only_observation,forward_optimized_long_ms_near_only_observation,persist,NEARUSDT,"0-12,14-18,21-23",,True,active,1,0,0,0,0.0,,1,2.181278,20,6,5,0.4,0.098156,-11.129606,0.0,0
2026-05-31T05:31:04.684981+00:00,utc_01_cluster,forward_optimized_long_ms_utc01,persist,"INJUSDT,NEARUSDT,TIAUSDT",1,,True,active,0,0,0,0,0.0,,0,0,1529,2,2,0.5,0.329114,-3.331841,0.0,0
2026-05-31T05:36:06.619583+00:00,baseline,forward_optimized_long_ms_baseline,persist,"INJUSDT,NEARUSDT,TIAUSDT",,,True,active,1,0,0,0,0.0,,3,-2.38537,16,11,8,0.5,0.75738,-3.760568,0.0,0
2026-05-31T05:36:07.252127+00:00,regime_filtered,forward_optimized_long_ms_regime_filtered,persist,"INJUSDT,NEARUSDT,TIAUSDT","0-12,14-18,21-23",,True,active,1,0,0,0,0.0,,3,-2.38537,16,11,8,0.5,0.573441,-8.732348,0.0,0
2026-05-31T05:36:07.586162+00:00,inj_tia_regime_filtered,forward_optimized_long_ms_inj_tia_regime,persist,"INJUSDT,TIAUSDT","0-12,14-18,21-23",,True,active,0,0,0,0,0.0,,2,-2.341717,0,11,9,0.555556,1.848254,11.768097,0.0,0
2026-05-31T05:36:09.760097+00:00,inj_tia_plus_candidates,forward_optimized_long_ms_inj_tia_plus_candidates,persist,"INJUSDT,TIAUSDT,JUPUSDT,BOMEUSDT","0-12,14-18,21-23",,True,active,0,0,0,0,0.0,,2,-5.138786,1599,6,4,0.75,3.983276,14.815925,0.0,0
2026-05-31T05:36:10.085703+00:00,inj_tia_fast_time_stop,forward_optimized_long_ms_inj_tia_fast_ts300,persist,"INJUSDT,TIAUSDT","0-12,14-18,21-23",300,True,active,0,0,0,0,0.0,,1,-1.106319,43,7,6,0.333333,0.442453,-6.09261,0.0,0
2026-05-31T05:36:10.410832+00:00,inj_fast_tia_standard,forward_optimized_long_ms_inj_fast_tia_standard,persist,"INJUSDT,TIAUSDT","0-12,14-18,21-23","{'INJUSDT': 300, 'TIAUSDT': 600}",True,active,0,0,0,0,0.0,,2,-3.411454,0,9,7,0.571429,0.993058,-0.055584,0.0,0
2026-05-31T05:36:10.434232+00:00,inj_fast_time_stop,forward_optimized_long_ms_inj_fast_ts300,persist,INJUSDT,"0-12,14-18,21-23",300,True,active,0,0,0,0,0.0,,1,-1.106319,0,8,7,0.571429,2.115314,4.1925,0.0,0
2026-05-31T05:36:10.455406+00:00,tia_fast_time_stop,forward_optimized_long_ms_tia_fast_ts300,persist,TIAUSDT,"0-12,14-18,21-23",300,True,active,0,0,0,0,0.0,,0,0,43,2,2,0.0,0.0,-6.6894,0.0,0
2026-05-31T05:36:10.480358+00:00,inj_only,forward_optimized_long_ms_inj_only,persist,INJUSDT,"0-12,14-18,21-23",,True,active,0,0,0,0,0.0,,1,-2.833651,0,5,4,0.75,6.478493,18.056416,0.0,0
2026-05-31T05:36:10.503896+00:00,tia_only,forward_optimized_long_ms_tia_only,persist,TIAUSDT,"0-12,14-18,21-23",,True,active,0,0,0,0,0.0,,1,-2.305135,0,3,2,0.5,1.154379,0.766695,0.0,0
2026-05-31T05:36:10.535456+00:00,near_only_observation,forward_optimized_long_ms_near_only_observation,persist,NEARUSDT,"0-12,14-18,21-23",,True,active,1,0,0,0,0.0,,1,2.753416,16,6,5,0.4,0.098156,-11.129606,0.0,0
2026-05-31T05:36:11.188474+00:00,utc_01_cluster,forward_optimized_long_ms_utc01,persist,"INJUSDT,NEARUSDT,TIAUSDT",1,,True,active,0,0,0,0,0.0,,0,0,1545,2,2,0.5,0.329114,-3.331841,0.0,0
2026-05-31T05:41:13.312904+00:00,baseline,forward_optimized_long_ms_baseline,persist,"INJUSDT,NEARUSDT,TIAUSDT",,,True,active,1,0,0,0,0.0,,3,-2.63568,12,11,8,0.5,0.75738,-3.760568,0.0,0
2026-05-31T05:41:13.944129+00:00,regime_filtered,forward_optimized_long_ms_regime_filtered,persist,"INJUSDT,NEARUSDT,TIAUSDT","0-12,14-18,21-23",,True,active,1,0,0,0,0.0,,3,-2.63568,12,11,8,0.5,0.573441,-8.732348,0.0,0
2026-05-31T05:41:14.277124+00:00,inj_tia_regime_filtered,forward_optimized_long_ms_inj_tia_regime,persist,"INJUSDT,TIAUSDT","0-12,14-18,21-23",,True,active,0,0,0,0,0.0,,2,-2.341717,0,11,9,0.555556,1.848254,11.768097,0.0,0
2026-05-31T05:41:15.819043+00:00,inj_tia_plus_candidates,forward_optimized_long_ms_inj_tia_plus_candidates,persist,"INJUSDT,TIAUSDT,JUPUSDT,BOMEUSDT","0-12,14-18,21-23",,True,active,0,0,0,0,0.0,,2,-5.138786,1599,6,4,0.75,3.983276,14.815925,0.0,0
2026-05-31T05:41:16.145319+00:00,inj_tia_fast_time_stop,forward_optimized_long_ms_inj_tia_fast_ts300,persist,"INJUSDT,TIAUSDT","0-12,14-18,21-23",300,True,active,0,0,0,0,0.0,,1,-1.106319,43,7,6,0.333333,0.442453,-6.09261,0.0,0
2026-05-31T05:41:16.471547+00:00,inj_fast_tia_standard,forward_optimized_long_ms_inj_fast_tia_standard,persist,"INJUSDT,TIAUSDT","0-12,14-18,21-23","{'INJUSDT': 300, 'TIAUSDT': 600}",True,active,0,0,0,0,0.0,,2,-3.411454,0,9,7,0.571429,0.993058,-0.055584,0.0,0
2026-05-31T05:41:16.496055+00:00,inj_fast_time_stop,forward_optimized_long_ms_inj_fast_ts300,persist,INJUSDT,"0-12,14-18,21-23",300,True,active,0,0,0,0,0.0,,1,-1.106319,0,8,7,0.571429,2.115314,4.1925,0.0,0
2026-05-31T05:41:16.517844+00:00,tia_fast_time_stop,forward_optimized_long_ms_tia_fast_ts300,persist,TIAUSDT,"0-12,14-18,21-23",300,True,active,0,0,0,0,0.0,,0,0,43,2,2,0.0,0.0,-6.6894,0.0,0
2026-05-31T05:41:16.543731+00:00,inj_only,forward_optimized_long_ms_inj_only,persist,INJUSDT,"0-12,14-18,21-23",,True,active,0,0,0,0,0.0,,1,-2.833651,0,5,4,0.75,6.478493,18.056416,0.0,0
2026-05-31T05:41:16.567849+00:00,tia_only,forward_optimized_long_ms_tia_only,persist,TIAUSDT,"0-12,14-18,21-23",,True,active,0,0,0,0,0.0,,1,-2.305135,0,3,2,0.5,1.154379,0.766695,0.0,0
2026-05-31T05:41:16.599278+00:00,near_only_observation,forward_optimized_long_ms_near_only_observation,persist,NEARUSDT,"0-12,14-18,21-23",,True,active,1,0,0,0,0.0,,1,2.503106,12,6,5,0.4,0.098156,-11.129606,0.0,0
2026-05-31T05:41:17.254747+00:00,utc_01_cluster,forward_optimized_long_ms_utc01,persist,"INJUSDT,NEARUSDT,TIAUSDT",1,,True,active,0,0,0,0,0.0,,0,0,1557,2,2,0.5,0.329114,-3.331841,0.0,0
2026-05-31T05:46:18.762631+00:00,baseline,forward_optimized_long_ms_baseline,persist,"INJUSDT,NEARUSDT,TIAUSDT",,,True,active,1,0,0,0,0.0,,3,-2.957508,4,11,8,0.5,0.75738,-3.760568,0.0,0
2026-05-31T05:46:19.397100+00:00,regime_filtered,forward_optimized_long_ms_regime_filtered,persist,"INJUSDT,NEARUSDT,TIAUSDT","0-12,14-18,21-23",,True,active,1,0,0,0,0.0,,3,-2.957508,4,11,8,0.5,0.573441,-8.732348,0.0,0
2026-05-31T05:46:19.731547+00:00,inj_tia_regime_filtered,forward_optimized_long_ms_inj_tia_regime,persist,"INJUSDT,TIAUSDT","0-12,14-18,21-23",,True,active,0,0,0,0,0.0,,2,-2.341717,0,11,9,0.555556,1.848254,11.768097,0.0,0
2026-05-31T05:46:21.284832+00:00,inj_tia_plus_candidates,forward_optimized_long_ms_inj_tia_plus_candidates,persist,"INJUSDT,TIAUSDT,JUPUSDT,BOMEUSDT","0-12,14-18,21-23",,True,active,0,0,0,0,0.0,,2,-5.138786,1599,6,4,0.75,3.983276,14.815925,0.0,0
2026-05-31T05:46:21.612722+00:00,inj_tia_fast_time_stop,forward_optimized_long_ms_inj_tia_fast_ts300,persist,"INJUSDT,TIAUSDT","0-12,14-18,21-23",300,True,active,0,0,0,0,0.0,,1,-1.106319,43,7,6,0.333333,0.442453,-6.09261,0.0,0
2026-05-31T05:46:21.941012+00:00,inj_fast_tia_standard,forward_optimized_long_ms_inj_fast_tia_standard,persist,"INJUSDT,TIAUSDT","0-12,14-18,21-23","{'INJUSDT': 300, 'TIAUSDT': 600}",True,active,0,0,0,0,0.0,,2,-3.411454,0,9,7,0.571429,0.993058,-0.055584,0.0,0
2026-05-31T05:46:21.966939+00:00,inj_fast_time_stop,forward_optimized_long_ms_inj_fast_ts300,persist,INJUSDT,"0-12,14-18,21-23",300,True,active,0,0,0,0,0.0,,1,-1.106319,0,8,7,0.571429,2.115314,4.1925,0.0,0
2026-05-31T05:46:21.990519+00:00,tia_fast_time_stop,forward_optimized_long_ms_tia_fast_ts300,persist,TIAUSDT,"0-12,14-18,21-23",300,True,active,0,0,0,0,0.0,,0,0,43,2,2,0.0,0.0,-6.6894,0.0,0
2026-05-31T05:46:22.017784+00:00,inj_only,forward_optimized_long_ms_inj_only,persist,INJUSDT,"0-12,14-18,21-23",,True,active,0,0,0,0,0.0,,1,-2.833651,0,5,4,0.75,6.478493,18.056416,0.0,0
2026-05-31T05:46:22.043406+00:00,tia_only,forward_optimized_long_ms_tia_only,persist,TIAUSDT,"0-12,14-18,21-23",,True,active,0,0,0,0,0.0,,1,-2.305135,0,3,2,0.5,1.154379,0.766695,0.0,0
2026-05-31T05:46:22.075925+00:00,near_only_observation,forward_optimized_long_ms_near_only_observation,persist,NEARUSDT,"0-12,14-18,21-23",,True,active,1,0,0,0,0.0,,1,2.181278,4,6,5,0.4,0.098156,-11.129606,0.0,0
2026-05-31T05:46:22.731863+00:00,utc_01_cluster,forward_optimized_long_ms_utc01,persist,"INJUSDT,NEARUSDT,TIAUSDT",1,,True,active,0,0,0,0,0.0,,0,0,1561,2,2,0.5,0.329114,-3.331841,0.0,0
2026-05-31T05:51:24.228637+00:00,baseline,forward_optimized_long_ms_baseline,persist,"INJUSDT,NEARUSDT,TIAUSDT",,,True,active,2,0,0,0,0.0,,3,-2.097243,7,11,8,0.5,0.75738,-3.760568,0.0,0
2026-05-31T05:51:24.862982+00:00,regime_filtered,forward_optimized_long_ms_regime_filtered,persist,"INJUSDT,NEARUSDT,TIAUSDT","0-12,14-18,21-23",,True,active,2,0,0,0,0.0,,3,-2.097243,7,11,8,0.5,0.573441,-8.732348,0.0,0
2026-05-31T05:51:25.201288+00:00,inj_tia_regime_filtered,forward_optimized_long_ms_inj_tia_regime,persist,"INJUSDT,TIAUSDT","0-12,14-18,21-23",,True,active,1,0,0,0,0.0,,2,-1.597882,2,11,9,0.555556,1.848254,11.768097,0.0,0
2026-05-31T05:51:27.029125+00:00,inj_tia_plus_candidates,forward_optimized_long_ms_inj_tia_plus_candidates,persist,"INJUSDT,TIAUSDT,JUPUSDT,BOMEUSDT","0-12,14-18,21-23",,True,active,1,0,0,0,0.0,,2,-4.421555,1601,6,4,0.75,3.983276,14.815925,0.0,0
2026-05-31T05:51:27.357167+00:00,inj_tia_fast_time_stop,forward_optimized_long_ms_inj_tia_fast_ts300,persist,"INJUSDT,TIAUSDT","0-12,14-18,21-23",300,True,active,1,0,0,0,0.0,,1,-0.372781,45,7,6,0.333333,0.442453,-6.09261,0.0,0
2026-05-31T05:51:27.685720+00:00,inj_fast_tia_standard,forward_optimized_long_ms_inj_fast_tia_standard,persist,"INJUSDT,TIAUSDT","0-12,14-18,21-23","{'INJUSDT': 300, 'TIAUSDT': 600}",True,active,1,0,0,0,0.0,,2,-2.677916,2,9,7,0.571429,0.993058,-0.055584,0.0,0
2026-05-31T05:51:27.710838+00:00,inj_fast_time_stop,forward_optimized_long_ms_inj_fast_ts300,persist,INJUSDT,"0-12,14-18,21-23",300,True,active,1,0,0,0,0.0,,1,-0.372781,2,8,7,0.571429,2.115314,4.1925,0.0,0
2026-05-31T05:51:27.732876+00:00,tia_fast_time_stop,forward_optimized_long_ms_tia_fast_ts300,persist,TIAUSDT,"0-12,14-18,21-23",300,True,active,0,0,0,0,0.0,,0,0,43,2,2,0.0,0.0,-6.6894,0.0,0
2026-05-31T05:51:27.761102+00:00,inj_only,forward_optimized_long_ms_inj_only,persist,INJUSDT,"0-12,14-18,21-23",,True,active,1,0,0,0,0.0,,1,-2.11642,2,5,4,0.75,6.478493,18.056416,0.0,0
2026-05-31T05:51:27.785622+00:00,tia_only,forward_optimized_long_ms_tia_only,persist,TIAUSDT,"0-12,14-18,21-23",,True,active,0,0,0,0,0.0,,1,-2.305135,0,3,2,0.5,1.154379,0.766695,0.0,0
2026-05-31T05:51:27.817442+00:00,near_only_observation,forward_optimized_long_ms_near_only_observation,persist,NEARUSDT,"0-12,14-18,21-23",,True,active,1,0,0,0,0.0,,1,2.324312,5,6,5,0.4,0.098156,-11.129606,0.0,0
2026-05-31T05:51:28.473867+00:00,utc_01_cluster,forward_optimized_long_ms_utc01,persist,"INJUSDT,NEARUSDT,TIAUSDT",1,,True,active,0,0,0,0,0.0,,0,0,1566,2,2,0.5,0.329114,-3.331841,0.0,0
2026-05-31T05:56:30.394505+00:00,baseline,forward_optimized_long_ms_baseline,persist,"INJUSDT,NEARUSDT,TIAUSDT",,,True,active,3,0,0,0,0.0,,3,-2.546747,7,11,8,0.5,0.75738,-3.760568,0.0,0
2026-05-31T05:56:31.027259+00:00,regime_filtered,forward_optimized_long_ms_regime_filtered,persist,"INJUSDT,NEARUSDT,TIAUSDT","0-12,14-18,21-23",,True,active,3,0,0,0,0.0,,3,-2.546747,7,11,8,0.5,0.573441,-8.732348,0.0,0
2026-05-31T05:56:31.363066+00:00,inj_tia_regime_filtered,forward_optimized_long_ms_inj_tia_regime,persist,"INJUSDT,TIAUSDT","0-12,14-18,21-23",,True,active,2,0,0,0,0.0,,2,-2.291592,4,11,9,0.555556,1.848254,11.768097,0.0,0
2026-05-31T05:56:32.904370+00:00,inj_tia_plus_candidates,forward_optimized_long_ms_inj_tia_plus_candidates,persist,"INJUSDT,TIAUSDT,JUPUSDT,BOMEUSDT","0-12,14-18,21-23",,True,active,2,0,0,0,0.0,,2,-5.12137,1603,6,4,0.75,3.983276,14.815925,0.0,0
2026-05-31T05:56:33.233095+00:00,inj_tia_fast_time_stop,forward_optimized_long_ms_inj_tia_fast_ts300,persist,"INJUSDT,TIAUSDT","0-12,14-18,21-23",300,True,active,1,0,0,0,0.0,,1,-0.204428,47,7,6,0.333333,0.442453,-6.09261,0.0,0
2026-05-31T05:56:33.561972+00:00,inj_fast_tia_standard,forward_optimized_long_ms_inj_fast_tia_standard,persist,"INJUSDT,TIAUSDT","0-12,14-18,21-23","{'INJUSDT': 300, 'TIAUSDT': 600}",True,active,2,0,0,0,0.0,,2,-3.373989,4,9,7,0.571429,0.993058,-0.055584,0.0,0
2026-05-31T05:56:33.587823+00:00,inj_fast_time_stop,forward_optimized_long_ms_inj_fast_ts300,persist,INJUSDT,"0-12,14-18,21-23",300,True,active,1,0,0,0,0.0,,1,-0.204428,2,8,7,0.571429,2.115314,4.1925,0.0,0
2026-05-31T05:56:33.609858+00:00,tia_fast_time_stop,forward_optimized_long_ms_tia_fast_ts300,persist,TIAUSDT,"0-12,14-18,21-23",300,True,active,0,0,0,0,0.0,,0,0,45,2,2,0.0,0.0,-6.6894,0.0,0
2026-05-31T05:56:33.637094+00:00,inj_only,forward_optimized_long_ms_inj_only,persist,INJUSDT,"0-12,14-18,21-23",,True,active,1,0,0,0,0.0,,1,-1.951809,2,5,4,0.75,6.478493,18.056416,0.0,0
2026-05-31T05:56:33.662660+00:00,tia_only,forward_optimized_long_ms_tia_only,persist,TIAUSDT,"0-12,14-18,21-23",,True,active,1,0,0,0,0.0,,1,-3.169561,2,3,2,0.5,1.154379,0.766695,0.0,0
2026-05-31T05:56:33.693217+00:00,near_only_observation,forward_optimized_long_ms_near_only_observation,persist,NEARUSDT,"0-12,14-18,21-23",,True,active,1,0,0,0,0.0,,1,2.574623,3,6,5,0.4,0.098156,-11.129606,0.0,0
2026-05-31T05:56:34.347755+00:00,utc_01_cluster,forward_optimized_long_ms_utc01,persist,"INJUSDT,NEARUSDT,TIAUSDT",1,,True,active,0,0,0,0,0.0,,0,0,1571,2,2,0.5,0.329114,-3.331841,0.0,0
2026-05-31T06:01:37.138215+00:00,baseline,forward_optimized_long_ms_baseline,persist,"INJUSDT,NEARUSDT,TIAUSDT",,,True,active,1,0,0,0,0.0,,3,-3.040578,3,11,8,0.5,0.75738,-3.760568,0.0,0
2026-05-31T06:01:37.769165+00:00,regime_filtered,forward_optimized_long_ms_regime_filtered,persist,"INJUSDT,NEARUSDT,TIAUSDT","0-12,14-18,21-23",,True,active,1,0,0,0,0.0,,3,-3.040578,3,11,8,0.5,0.573441,-8.732348,0.0,0
2026-05-31T06:01:38.103622+00:00,inj_tia_regime_filtered,forward_optimized_long_ms_inj_tia_regime,persist,"INJUSDT,TIAUSDT","0-12,14-18,21-23",,True,active,1,0,0,0,0.0,,2,-2.803741,3,11,9,0.555556,1.848254,11.768097,0.0,0
2026-05-31T06:01:39.851891+00:00,inj_tia_plus_candidates,forward_optimized_long_ms_inj_tia_plus_candidates,persist,"INJUSDT,TIAUSDT,JUPUSDT,BOMEUSDT","0-12,14-18,21-23",,True,active,1,0,0,0,0.0,,2,-5.615201,1602,6,4,0.75,3.983276,14.815925,0.0,0
2026-05-31T06:01:40.178739+00:00,inj_tia_fast_time_stop,forward_optimized_long_ms_inj_tia_fast_ts300,persist,"INJUSDT,TIAUSDT","0-12,14-18,21-23",300,True,active,1,0,0,0,0.0,,1,-0.709487,48,7,6,0.333333,0.442453,-6.09261,0.0,0
2026-05-31T06:01:40.506349+00:00,inj_fast_tia_standard,forward_optimized_long_ms_inj_fast_tia_standard,persist,"INJUSDT,TIAUSDT","0-12,14-18,21-23","{'INJUSDT': 300, 'TIAUSDT': 600}",True,active,1,0,0,0,0.0,,2,-3.879048,3,9,7,0.571429,0.993058,-0.055584,0.0,0
2026-05-31T06:01:40.531256+00:00,inj_fast_time_stop,forward_optimized_long_ms_inj_fast_ts300,persist,INJUSDT,"0-12,14-18,21-23",300,True,active,1,0,0,0,0.0,,1,-0.709487,3,8,7,0.571429,2.115314,4.1925,0.0,0
2026-05-31T06:01:40.552312+00:00,tia_fast_time_stop,forward_optimized_long_ms_tia_fast_ts300,persist,TIAUSDT,"0-12,14-18,21-23",300,True,active,0,0,0,0,0.0,,0,0,45,2,2,0.0,0.0,-6.6894,0.0,0
2026-05-31T06:01:40.579235+00:00,inj_only,forward_optimized_long_ms_inj_only,persist,INJUSDT,"0-12,14-18,21-23",,True,active,1,0,0,0,0.0,,1,-2.44564,3,5,4,0.75,6.478493,18.056416,0.0,0
2026-05-31T06:01:40.602691+00:00,tia_only,forward_optimized_long_ms_tia_only,persist,TIAUSDT,"0-12,14-18,21-23",,True,active,0,0,0,0,0.0,,1,-3.169561,0,3,2,0.5,1.154379,0.766695,0.0,0
2026-05-31T06:01:40.631154+00:00,near_only_observation,forward_optimized_long_ms_near_only_observation,persist,NEARUSDT,"0-12,14-18,21-23",,True,active,0,0,0,0,0.0,,1,2.574623,0,6,5,0.4,0.098156,-11.129606,0.0,0
2026-05-31T06:01:41.284744+00:00,utc_01_cluster,forward_optimized_long_ms_utc01,persist,"INJUSDT,NEARUSDT,TIAUSDT",1,,True,active,0,0,0,0,0.0,,0,0,1571,2,2,0.5,0.329114,-3.331841,0.0,0
2026-05-31T06:06:43.406006+00:00,baseline,forward_optimized_long_ms_baseline,persist,"INJUSDT,NEARUSDT,TIAUSDT",,,True,active,2,0,0,0,0.0,,3,-4.081578,5,11,8,0.5,0.75738,-3.760568,0.0,0
2026-05-31T06:06:44.037395+00:00,regime_filtered,forward_optimized_long_ms_regime_filtered,persist,"INJUSDT,NEARUSDT,TIAUSDT","0-12,14-18,21-23",,True,active,2,0,0,0,0.0,,3,-4.081578,5,11,8,0.5,0.573441,-8.732348,0.0,0
2026-05-31T06:06:44.372159+00:00,inj_tia_regime_filtered,forward_optimized_long_ms_inj_tia_regime,persist,"INJUSDT,TIAUSDT","0-12,14-18,21-23",,True,active,1,0,0,0,0.0,,2,-3.401247,1,11,9,0.555556,1.848254,11.768097,0.0,0
2026-05-31T06:06:45.932195+00:00,inj_tia_plus_candidates,forward_optimized_long_ms_inj_tia_plus_candidates,persist,"INJUSDT,TIAUSDT,JUPUSDT,BOMEUSDT","0-12,14-18,21-23",,True,active,1,0,0,0,0.0,,2,-6.191338,1600,6,4,0.75,3.983276,14.815925,0.0,0
2026-05-31T06:06:46.260107+00:00,inj_tia_fast_time_stop,forward_optimized_long_ms_inj_tia_fast_ts300,persist,"INJUSDT,TIAUSDT","0-12,14-18,21-23",300,True,active,1,0,0,0,0.0,,1,-1.298722,46,7,6,0.333333,0.442453,-6.09261,0.0,0
2026-05-31T06:06:46.587501+00:00,inj_fast_tia_standard,forward_optimized_long_ms_inj_fast_tia_standard,persist,"INJUSDT,TIAUSDT","0-12,14-18,21-23","{'INJUSDT': 300, 'TIAUSDT': 600}",True,active,1,0,0,0,0.0,,2,-4.468283,1,9,7,0.571429,0.993058,-0.055584,0.0,0
2026-05-31T06:06:46.612519+00:00,inj_fast_time_stop,forward_optimized_long_ms_inj_fast_ts300,persist,INJUSDT,"0-12,14-18,21-23",300,True,active,1,0,0,0,0.0,,1,-1.298722,1,8,7,0.571429,2.115314,4.1925,0.0,0
2026-05-31T06:06:46.634080+00:00,tia_fast_time_stop,forward_optimized_long_ms_tia_fast_ts300,persist,TIAUSDT,"0-12,14-18,21-23",300,True,active,0,0,0,0,0.0,,0,0,45,2,2,0.0,0.0,-6.6894,0.0,0
2026-05-31T06:06:46.660557+00:00,inj_only,forward_optimized_long_ms_inj_only,persist,INJUSDT,"0-12,14-18,21-23",,True,active,1,0,0,0,0.0,,1,-3.021777,1,5,4,0.75,6.478493,18.056416,0.0,0
2026-05-31T06:06:46.684219+00:00,tia_only,forward_optimized_long_ms_tia_only,persist,TIAUSDT,"0-12,14-18,21-23",,True,active,0,0,0,0,0.0,,1,-3.169561,0,3,2,0.5,1.154379,0.766695,0.0,0
2026-05-31T06:06:46.714105+00:00,near_only_observation,forward_optimized_long_ms_near_only_observation,persist,NEARUSDT,"0-12,14-18,21-23",,True,active,1,0,0,0,0.0,,1,2.10976,4,6,5,0.4,0.098156,-11.129606,0.0,0
2026-05-31T06:06:47.367961+00:00,utc_01_cluster,forward_optimized_long_ms_utc01,persist,"INJUSDT,NEARUSDT,TIAUSDT",1,,True,active,0,0,0,0,0.0,,0,0,1575,2,2,0.5,0.329114,-3.331841,0.0,0
2026-05-31T06:11:49.057816+00:00,baseline,forward_optimized_long_ms_baseline,persist,"INJUSDT,NEARUSDT,TIAUSDT",,,True,active,1,0,0,0,0.0,,3,-4.504862,1,11,8,0.5,0.75738,-3.760568,0.0,0
2026-05-31T06:11:49.689203+00:00,regime_filtered,forward_optimized_long_ms_regime_filtered,persist,"INJUSDT,NEARUSDT,TIAUSDT","0-12,14-18,21-23",,True,active,1,0,0,0,0.0,,3,-4.504862,1,11,8,0.5,0.573441,-8.732348,0.0,0
2026-05-31T06:11:50.024690+00:00,inj_tia_regime_filtered,forward_optimized_long_ms_inj_tia_regime,persist,"INJUSDT,TIAUSDT","0-12,14-18,21-23",,True,active,1,0,0,0,0.0,,2,-3.840232,1,11,9,0.555556,1.848254,11.768097,0.0,0
2026-05-31T06:11:51.565272+00:00,inj_tia_plus_candidates,forward_optimized_long_ms_inj_tia_plus_candidates,persist,"INJUSDT,TIAUSDT,JUPUSDT,BOMEUSDT","0-12,14-18,21-23",,True,active,1,0,0,0,0.0,,2,-6.614622,1600,6,4,0.75,3.983276,14.815925,0.0,0
2026-05-31T06:11:51.893268+00:00,inj_tia_fast_time_stop,forward_optimized_long_ms_inj_tia_fast_ts300,persist,"INJUSDT,TIAUSDT","0-12,14-18,21-23",300,True,active,1,0,0,0,0.0,,1,-1.731629,46,7,6,0.333333,0.442453,-6.09261,0.0,0
2026-05-31T06:11:52.221632+00:00,inj_fast_tia_standard,forward_optimized_long_ms_inj_fast_tia_standard,persist,"INJUSDT,TIAUSDT","0-12,14-18,21-23","{'INJUSDT': 300, 'TIAUSDT': 600}",True,active,1,0,0,0,0.0,,2,-4.90119,1,9,7,0.571429,0.993058,-0.055584,0.0,0
2026-05-31T06:11:52.247527+00:00,inj_fast_time_stop,forward_optimized_long_ms_inj_fast_ts300,persist,INJUSDT,"0-12,14-18,21-23",300,True,active,1,0,0,0,0.0,,1,-1.731629,1,8,7,0.571429,2.115314,4.1925,0.0,0
2026-05-31T06:11:52.269800+00:00,tia_fast_time_stop,forward_optimized_long_ms_tia_fast_ts300,persist,TIAUSDT,"0-12,14-18,21-23",300,True,active,0,0,0,0,0.0,,0,0,45,2,2,0.0,0.0,-6.6894,0.0,0
2026-05-31T06:11:52.297343+00:00,inj_only,forward_optimized_long_ms_inj_only,persist,INJUSDT,"0-12,14-18,21-23",,True,active,1,0,0,0,0.0,,1,-3.445061,1,5,4,0.75,6.478493,18.056416,0.0,0
2026-05-31T06:11:52.322109+00:00,tia_only,forward_optimized_long_ms_tia_only,persist,TIAUSDT,"0-12,14-18,21-23",,True,active,0,0,0,0,0.0,,1,-3.169561,0,3,2,0.5,1.154379,0.766695,0.0,0
2026-05-31T06:11:52.351862+00:00,near_only_observation,forward_optimized_long_ms_near_only_observation,persist,NEARUSDT,"0-12,14-18,21-23",,True,active,0,0,0,0,0.0,,1,2.10976,0,6,5,0.4,0.098156,-11.129606,0.0,0
2026-05-31T06:11:53.006778+00:00,utc_01_cluster,forward_optimized_long_ms_utc01,persist,"INJUSDT,NEARUSDT,TIAUSDT",1,,True,active,0,0,0,0,0.0,,0,0,1575,2,2,0.5,0.329114,-3.331841,0.0,0
2026-05-31T06:16:54.517143+00:00,baseline,forward_optimized_long_ms_baseline,persist,"INJUSDT,NEARUSDT,TIAUSDT",,,True,active,2,0,0,0,0.0,,3,-4.073818,2,11,8,0.5,0.75738,-3.760568,0.0,0
2026-05-31T06:16:55.148625+00:00,regime_filtered,forward_optimized_long_ms_regime_filtered,persist,"INJUSDT,NEARUSDT,TIAUSDT","0-12,14-18,21-23",,True,active,2,0,0,0,0.0,,3,-4.073818,2,11,8,0.5,0.573441,-8.732348,0.0,0
2026-05-31T06:16:55.490280+00:00,inj_tia_regime_filtered,forward_optimized_long_ms_inj_tia_regime,persist,"INJUSDT,TIAUSDT","0-12,14-18,21-23",,True,active,1,0,0,0,0.0,,2,-3.98656,1,11,9,0.555556,1.848254,11.768097,0.0,0
2026-05-31T06:16:57.250055+00:00,inj_tia_plus_candidates,forward_optimized_long_ms_inj_tia_plus_candidates,persist,"INJUSDT,TIAUSDT,JUPUSDT,BOMEUSDT","0-12,14-18,21-23",,True,active,1,0,0,0,0.0,,2,-6.755717,1600,6,4,0.75,3.983276,14.815925,0.0,0
2026-05-31T06:16:57.579982+00:00,inj_tia_fast_time_stop,forward_optimized_long_ms_inj_tia_fast_ts300,persist,"INJUSDT,TIAUSDT","0-12,14-18,21-23",300,True,active,1,0,0,0,0.0,,1,-1.875932,46,7,6,0.333333,0.442453,-6.09261,0.0,0
2026-05-31T06:16:57.908894+00:00,inj_fast_tia_standard,forward_optimized_long_ms_inj_fast_tia_standard,persist,"INJUSDT,TIAUSDT","0-12,14-18,21-23","{'INJUSDT': 300, 'TIAUSDT': 600}",True,active,1,0,0,0,0.0,,2,-5.045493,1,9,7,0.571429,0.993058,-0.055584,0.0,0
2026-05-31T06:16:57.936236+00:00,inj_fast_time_stop,forward_optimized_long_ms_inj_fast_ts300,persist,INJUSDT,"0-12,14-18,21-23",300,True,active,1,0,0,0,0.0,,1,-1.875932,1,8,7,0.571429,2.115314,4.1925,0.0,0
2026-05-31T06:16:57.958824+00:00,tia_fast_time_stop,forward_optimized_long_ms_tia_fast_ts300,persist,TIAUSDT,"0-12,14-18,21-23",300,True,active,0,0,0,0,0.0,,0,0,45,2,2,0.0,0.0,-6.6894,0.0,0
2026-05-31T06:16:57.987581+00:00,inj_only,forward_optimized_long_ms_inj_only,persist,INJUSDT,"0-12,14-18,21-23",,True,active,1,0,0,0,0.0,,1,-3.586156,1,5,4,0.75,6.478493,18.056416,0.0,0
2026-05-31T06:16:58.012555+00:00,tia_only,forward_optimized_long_ms_tia_only,persist,TIAUSDT,"0-12,14-18,21-23",,True,active,0,0,0,0,0.0,,1,-3.169561,0,3,2,0.5,1.154379,0.766695,0.0,0
2026-05-31T06:16:58.043692+00:00,near_only_observation,forward_optimized_long_ms_near_only_observation,persist,NEARUSDT,"0-12,14-18,21-23",,True,active,1,0,0,0,0.0,,1,2.681899,1,6,5,0.4,0.098156,-11.129606,0.0,0
2026-05-31T06:16:58.699752+00:00,utc_01_cluster,forward_optimized_long_ms_utc01,persist,"INJUSDT,NEARUSDT,TIAUSDT",1,,True,active,0,0,0,0,0.0,,0,0,1576,2,2,0.5,0.329114,-3.331841,0.0,0
2026-05-31T06:22:00.647544+00:00,baseline,forward_optimized_long_ms_baseline,persist,"INJUSDT,NEARUSDT,TIAUSDT",,,True,active,2,0,0,0,0.0,,3,-4.298672,7,11,8,0.5,0.75738,-3.760568,0.0,0
2026-05-31T06:22:01.279454+00:00,regime_filtered,forward_optimized_long_ms_regime_filtered,persist,"INJUSDT,NEARUSDT,TIAUSDT","0-12,14-18,21-23",,True,active,2,0,0,0,0.0,,3,-4.298672,7,11,8,0.5,0.573441,-8.732348,0.0,0
2026-05-31T06:22:01.614354+00:00,inj_tia_regime_filtered,forward_optimized_long_ms_inj_tia_regime,persist,"INJUSDT,TIAUSDT","0-12,14-18,21-23",,True,active,1,0,0,0,0.0,,2,-4.1085,3,11,9,0.555556,1.848254,11.768097,0.0,0
2026-05-31T06:22:03.412440+00:00,inj_tia_plus_candidates,forward_optimized_long_ms_inj_tia_plus_candidates,persist,"INJUSDT,TIAUSDT,JUPUSDT,BOMEUSDT","0-12,14-18,21-23",,True,active,1,0,0,0,0.0,,2,-6.873295,1602,6,4,0.75,3.983276,14.815925,0.0,0
2026-05-31T06:22:03.739029+00:00,inj_tia_fast_time_stop,forward_optimized_long_ms_inj_tia_fast_ts300,persist,"INJUSDT,TIAUSDT","0-12,14-18,21-23",300,True,active,1,0,0,0,0.0,,1,-1.996184,48,7,6,0.333333,0.442453,-6.09261,0.0,0
2026-05-31T06:22:04.066199+00:00,inj_fast_tia_standard,forward_optimized_long_ms_inj_fast_tia_standard,persist,"INJUSDT,TIAUSDT","0-12,14-18,21-23","{'INJUSDT': 300, 'TIAUSDT': 600}",True,active,1,0,0,0,0.0,,2,-5.165745,3,9,7,0.571429,0.993058,-0.055584,0.0,0
2026-05-31T06:22:04.091369+00:00,inj_fast_time_stop,forward_optimized_long_ms_inj_fast_ts300,persist,INJUSDT,"0-12,14-18,21-23",300,True,active,1,0,0,0,0.0,,1,-1.996184,3,8,7,0.571429,2.115314,4.1925,0.0,0
2026-05-31T06:22:04.112786+00:00,tia_fast_time_stop,forward_optimized_long_ms_tia_fast_ts300,persist,TIAUSDT,"0-12,14-18,21-23",300,True,active,0,0,0,0,0.0,,0,0,45,2,2,0.0,0.0,-6.6894,0.0,0
2026-05-31T06:22:04.139457+00:00,inj_only,forward_optimized_long_ms_inj_only,persist,INJUSDT,"0-12,14-18,21-23",,True,active,1,0,0,0,0.0,,1,-3.703734,3,5,4,0.75,6.478493,18.056416,0.0,0
2026-05-31T06:22:04.163488+00:00,tia_only,forward_optimized_long_ms_tia_only,persist,TIAUSDT,"0-12,14-18,21-23",,True,active,0,0,0,0,0.0,,1,-3.169561,0,3,2,0.5,1.154379,0.766695,0.0,0
2026-05-31T06:22:04.194331+00:00,near_only_observation,forward_optimized_long_ms_near_only_observation,persist,NEARUSDT,"0-12,14-18,21-23",,True,active,1,0,0,0,0.0,,1,2.574623,4,6,5,0.4,0.098156,-11.129606,0.0,0
2026-05-31T06:22:04.848442+00:00,utc_01_cluster,forward_optimized_long_ms_utc01,persist,"INJUSDT,NEARUSDT,TIAUSDT",1,,True,active,0,0,0,0,0.0,,0,0,1580,2,2,0.5,0.329114,-3.331841,0.0,0
2026-05-31T06:27:06.362496+00:00,baseline,forward_optimized_long_ms_baseline,persist,"INJUSDT,NEARUSDT,TIAUSDT",,,True,active,2,0,0,0,0.0,,3,-4.663167,7,11,8,0.5,0.75738,-3.760568,0.0,0
2026-05-31T06:27:06.995097+00:00,regime_filtered,forward_optimized_long_ms_regime_filtered,persist,"INJUSDT,NEARUSDT,TIAUSDT","0-12,14-18,21-23",,True,active,2,0,0,0,0.0,,3,-4.663167,7,11,8,0.5,0.573441,-8.732348,0.0,0
2026-05-31T06:27:07.331378+00:00,inj_tia_regime_filtered,forward_optimized_long_ms_inj_tia_regime,persist,"INJUSDT,TIAUSDT","0-12,14-18,21-23",,True,active,1,0,0,0,0.0,,2,-4.486514,4,11,9,0.555556,1.848254,11.768097,0.0,0
2026-05-31T06:27:08.877397+00:00,inj_tia_plus_candidates,forward_optimized_long_ms_inj_tia_plus_candidates,persist,"INJUSDT,TIAUSDT,JUPUSDT,BOMEUSDT","0-12,14-18,21-23",,True,active,1,0,0,0,0.0,,2,-7.23779,1603,6,4,0.75,3.983276,14.815925,0.0,0
2026-05-31T06:27:09.206054+00:00,inj_tia_fast_time_stop,forward_optimized_long_ms_inj_tia_fast_ts300,persist,"INJUSDT,TIAUSDT","0-12,14-18,21-23",300,True,active,1,0,0,0,0.0,,1,-2.368965,49,7,6,0.333333,0.442453,-6.09261,0.0,0
2026-05-31T06:27:09.540069+00:00,inj_fast_tia_standard,forward_optimized_long_ms_inj_fast_tia_standard,persist,"INJUSDT,TIAUSDT","0-12,14-18,21-23","{'INJUSDT': 300, 'TIAUSDT': 600}",True,active,1,0,0,0,0.0,,2,-5.538526,4,9,7,0.571429,0.993058,-0.055584,0.0,0
2026-05-31T06:27:09.566684+00:00,inj_fast_time_stop,forward_optimized_long_ms_inj_fast_ts300,persist,INJUSDT,"0-12,14-18,21-23",300,True,active,1,0,0,0,0.0,,1,-2.368965,4,8,7,0.571429,2.115314,4.1925,0.0,0
2026-05-31T06:27:09.589183+00:00,tia_fast_time_stop,forward_optimized_long_ms_tia_fast_ts300,persist,TIAUSDT,"0-12,14-18,21-23",300,True,active,0,0,0,0,0.0,,0,0,45,2,2,0.0,0.0,-6.6894,0.0,0
2026-05-31T06:27:09.617868+00:00,inj_only,forward_optimized_long_ms_inj_only,persist,INJUSDT,"0-12,14-18,21-23",,True,active,1,0,0,0,0.0,,1,-4.068229,4,5,4,0.75,6.478493,18.056416,0.0,0
2026-05-31T06:27:09.642743+00:00,tia_only,forward_optimized_long_ms_tia_only,persist,TIAUSDT,"0-12,14-18,21-23",,True,active,0,0,0,0,0.0,,1,-3.169561,0,3,2,0.5,1.154379,0.766695,0.0,0
2026-05-31T06:27:09.673948+00:00,near_only_observation,forward_optimized_long_ms_near_only_observation,persist,NEARUSDT,"0-12,14-18,21-23",,True,active,1,0,0,0,0.0,,1,2.574623,3,6,5,0.4,0.098156,-11.129606,0.0,0
2026-05-31T06:27:10.329880+00:00,utc_01_cluster,forward_optimized_long_ms_utc01,persist,"INJUSDT,NEARUSDT,TIAUSDT",1,,True,active,0,0,0,0,0.0,,0,0,1583,2,2,0.5,0.329114,-3.331841,0.0,0
2026-05-31T06:32:12.465950+00:00,baseline,forward_optimized_long_ms_baseline,persist,"INJUSDT,NEARUSDT,TIAUSDT",,,True,active,2,0,0,0,0.0,,3,-3.954299,10,11,8,0.5,0.75738,-3.760568,0.0,0
2026-05-31T06:32:13.098531+00:00,regime_filtered,forward_optimized_long_ms_regime_filtered,persist,"INJUSDT,NEARUSDT,TIAUSDT","0-12,14-18,21-23",,True,active,2,0,0,0,0.0,,3,-3.954299,10,11,8,0.5,0.573441,-8.732348,0.0,0
2026-05-31T06:32:13.434910+00:00,inj_tia_regime_filtered,forward_optimized_long_ms_inj_tia_regime,persist,"INJUSDT,TIAUSDT","0-12,14-18,21-23",,True,active,1,0,0,0,0.0,,2,-4.010948,5,11,9,0.555556,1.848254,11.768097,0.0,0
2026-05-31T06:32:14.968704+00:00,inj_tia_plus_candidates,forward_optimized_long_ms_inj_tia_plus_candidates,persist,"INJUSDT,TIAUSDT,JUPUSDT,BOMEUSDT","0-12,14-18,21-23",,True,active,1,0,0,0,0.0,,2,-6.779232,1604,6,4,0.75,3.983276,14.815925,0.0,0
2026-05-31T06:32:15.296872+00:00,inj_tia_fast_time_stop,forward_optimized_long_ms_inj_tia_fast_ts300,persist,"INJUSDT,TIAUSDT","0-12,14-18,21-23",300,True,active,1,0,0,0,0.0,,1,-1.899982,50,7,6,0.333333,0.442453,-6.09261,0.0,0
2026-05-31T06:32:15.625904+00:00,inj_fast_tia_standard,forward_optimized_long_ms_inj_fast_tia_standard,persist,"INJUSDT,TIAUSDT","0-12,14-18,21-23","{'INJUSDT': 300, 'TIAUSDT': 600}",True,active,1,0,0,0,0.0,,2,-5.069543,5,9,7,0.571429,0.993058,-0.055584,0.0,0
2026-05-31T06:32:15.651845+00:00,inj_fast_time_stop,forward_optimized_long_ms_inj_fast_ts300,persist,INJUSDT,"0-12,14-18,21-23",300,True,active,1,0,0,0,0.0,,1,-1.899982,5,8,7,0.571429,2.115314,4.1925,0.0,0
2026-05-31T06:32:15.673402+00:00,tia_fast_time_stop,forward_optimized_long_ms_tia_fast_ts300,persist,TIAUSDT,"0-12,14-18,21-23",300,True,active,0,0,0,0,0.0,,0,0,45,2,2,0.0,0.0,-6.6894,0.0,0
2026-05-31T06:32:15.700904+00:00,inj_only,forward_optimized_long_ms_inj_only,persist,INJUSDT,"0-12,14-18,21-23",,True,active,1,0,0,0,0.0,,1,-3.609671,5,5,4,0.75,6.478493,18.056416,0.0,0
2026-05-31T06:32:15.724991+00:00,tia_only,forward_optimized_long_ms_tia_only,persist,TIAUSDT,"0-12,14-18,21-23",,True,active,0,0,0,0,0.0,,1,-3.169561,0,3,2,0.5,1.154379,0.766695,0.0,0
2026-05-31T06:32:15.755938+00:00,near_only_observation,forward_optimized_long_ms_near_only_observation,persist,NEARUSDT,"0-12,14-18,21-23",,True,active,1,0,0,0,0.0,,1,2.824933,5,6,5,0.4,0.098156,-11.129606,0.0,0
2026-05-31T06:32:16.410258+00:00,utc_01_cluster,forward_optimized_long_ms_utc01,persist,"INJUSDT,NEARUSDT,TIAUSDT",1,,True,active,0,0,0,0,0.0,,0,0,1588,2,2,0.5,0.329114,-3.331841,0.0,0
2026-05-31T06:37:18.098057+00:00,baseline,forward_optimized_long_ms_baseline,persist,"INJUSDT,NEARUSDT,TIAUSDT",,,True,active,1,0,0,0,0.0,,3,-3.907268,1,11,8,0.5,0.75738,-3.760568,0.0,0
2026-05-31T06:37:18.731063+00:00,regime_filtered,forward_optimized_long_ms_regime_filtered,persist,"INJUSDT,NEARUSDT,TIAUSDT","0-12,14-18,21-23",,True,active,1,0,0,0,0.0,,3,-3.907268,1,11,8,0.5,0.573441,-8.732348,0.0,0
2026-05-31T06:37:19.067830+00:00,inj_tia_regime_filtered,forward_optimized_long_ms_inj_tia_regime,persist,"INJUSDT,TIAUSDT","0-12,14-18,21-23",,True,active,1,0,0,0,0.0,,2,-3.962172,1,11,9,0.555556,1.848254,11.768097,0.0,0
2026-05-31T06:37:20.655885+00:00,inj_tia_plus_candidates,forward_optimized_long_ms_inj_tia_plus_candidates,persist,"INJUSDT,TIAUSDT,JUPUSDT,BOMEUSDT","0-12,14-18,21-23",,True,active,1,0,0,0,0.0,,2,-6.732201,1600,6,4,0.75,3.983276,14.815925,0.0,0
2026-05-31T06:37:20.985256+00:00,inj_tia_fast_time_stop,forward_optimized_long_ms_inj_tia_fast_ts300,persist,"INJUSDT,TIAUSDT","0-12,14-18,21-23",300,True,active,1,0,0,0,0.0,,1,-1.851881,46,7,6,0.333333,0.442453,-6.09261,0.0,0
2026-05-31T06:37:21.314612+00:00,inj_fast_tia_standard,forward_optimized_long_ms_inj_fast_tia_standard,persist,"INJUSDT,TIAUSDT","0-12,14-18,21-23","{'INJUSDT': 300, 'TIAUSDT': 600}",True,active,1,0,0,0,0.0,,2,-5.021442,1,9,7,0.571429,0.993058,-0.055584,0.0,0
2026-05-31T06:37:21.342493+00:00,inj_fast_time_stop,forward_optimized_long_ms_inj_fast_ts300,persist,INJUSDT,"0-12,14-18,21-23",300,True,active,1,0,0,0,0.0,,1,-1.851881,1,8,7,0.571429,2.115314,4.1925,0.0,0
2026-05-31T06:37:21.364947+00:00,tia_fast_time_stop,forward_optimized_long_ms_tia_fast_ts300,persist,TIAUSDT,"0-12,14-18,21-23",300,True,active,0,0,0,0,0.0,,0,0,45,2,2,0.0,0.0,-6.6894,0.0,0
2026-05-31T06:37:21.392801+00:00,inj_only,forward_optimized_long_ms_inj_only,persist,INJUSDT,"0-12,14-18,21-23",,True,active,1,0,0,0,0.0,,1,-3.56264,1,5,4,0.75,6.478493,18.056416,0.0,0
2026-05-31T06:37:21.417727+00:00,tia_only,forward_optimized_long_ms_tia_only,persist,TIAUSDT,"0-12,14-18,21-23",,True,active,0,0,0,0,0.0,,1,-3.169561,0,3,2,0.5,1.154379,0.766695,0.0,0
2026-05-31T06:37:21.448068+00:00,near_only_observation,forward_optimized_long_ms_near_only_observation,persist,NEARUSDT,"0-12,14-18,21-23",,True,active,0,0,0,0,0.0,,1,2.824933,0,6,5,0.4,0.098156,-11.129606,0.0,0
2026-05-31T06:37:22.105181+00:00,utc_01_cluster,forward_optimized_long_ms_utc01,persist,"INJUSDT,NEARUSDT,TIAUSDT",1,,True,active,0,0,0,0,0.0,,0,0,1588,2,2,0.5,0.329114,-3.331841,0.0,0
2026-05-31T06:42:23.619283+00:00,baseline,forward_optimized_long_ms_baseline,persist,"INJUSDT,NEARUSDT,TIAUSDT",,,True,active,2,0,0,0,0.0,,3,-4.026786,3,11,8,0.5,0.75738,-3.760568,0.0,0
2026-05-31T06:42:24.251637+00:00,regime_filtered,forward_optimized_long_ms_regime_filtered,persist,"INJUSDT,NEARUSDT,TIAUSDT","0-12,14-18,21-23",,True,active,2,0,0,0,0.0,,3,-4.026786,3,11,8,0.5,0.573441,-8.732348,0.0,0
2026-05-31T06:42:24.587549+00:00,inj_tia_regime_filtered,forward_optimized_long_ms_inj_tia_regime,persist,"INJUSDT,TIAUSDT","0-12,14-18,21-23",,True,active,1,0,0,0,0.0,,2,-3.937784,1,11,9,0.555556,1.848254,11.768097,0.0,0
2026-05-31T06:42:26.960997+00:00,inj_tia_plus_candidates,forward_optimized_long_ms_inj_tia_plus_candidates,persist,"INJUSDT,TIAUSDT,JUPUSDT,BOMEUSDT","0-12,14-18,21-23",,True,active,1,0,0,0,0.0,,2,-6.708685,1600,6,4,0.75,3.983276,14.815925,0.0,0
2026-05-31T06:42:27.290172+00:00,inj_tia_fast_time_stop,forward_optimized_long_ms_inj_tia_fast_ts300,persist,"INJUSDT,TIAUSDT","0-12,14-18,21-23",300,True,active,1,0,0,0,0.0,,1,-1.827831,46,7,6,0.333333,0.442453,-6.09261,0.0,0
2026-05-31T06:42:27.619664+00:00,inj_fast_tia_standard,forward_optimized_long_ms_inj_fast_tia_standard,persist,"INJUSDT,TIAUSDT","0-12,14-18,21-23","{'INJUSDT': 300, 'TIAUSDT': 600}",True,active,1,0,0,0,0.0,,2,-4.997392,1,9,7,0.571429,0.993058,-0.055584,0.0,0
2026-05-31T06:42:27.646745+00:00,inj_fast_time_stop,forward_optimized_long_ms_inj_fast_ts300,persist,INJUSDT,"0-12,14-18,21-23",300,True,active,1,0,0,0,0.0,,1,-1.827831,1,8,7,0.571429,2.115314,4.1925,0.0,0
2026-05-31T06:42:27.669386+00:00,tia_fast_time_stop,forward_optimized_long_ms_tia_fast_ts300,persist,TIAUSDT,"0-12,14-18,21-23",300,True,active,0,0,0,0,0.0,,0,0,45,2,2,0.0,0.0,-6.6894,0.0,0
2026-05-31T06:42:27.697798+00:00,inj_only,forward_optimized_long_ms_inj_only,persist,INJUSDT,"0-12,14-18,21-23",,True,active,1,0,0,0,0.0,,1,-3.539124,1,5,4,0.75,6.478493,18.056416,0.0,0
2026-05-31T06:42:27.723108+00:00,tia_only,forward_optimized_long_ms_tia_only,persist,TIAUSDT,"0-12,14-18,21-23",,True,active,0,0,0,0,0.0,,1,-3.169561,0,3,2,0.5,1.154379,0.766695,0.0,0
2026-05-31T06:42:27.754690+00:00,near_only_observation,forward_optimized_long_ms_near_only_observation,persist,NEARUSDT,"0-12,14-18,21-23",,True,active,1,0,0,0,0.0,,1,2.681899,2,6,5,0.4,0.098156,-11.129606,0.0,0
2026-05-31T06:42:28.412725+00:00,utc_01_cluster,forward_optimized_long_ms_utc01,persist,"INJUSDT,NEARUSDT,TIAUSDT",1,,True,active,0,0,0,0,0.0,,0,0,1590,2,2,0.5,0.329114,-3.331841,0.0,0
2026-05-31T06:47:31.356247+00:00,baseline,forward_optimized_long_ms_baseline,persist,"INJUSDT,NEARUSDT,TIAUSDT",,,True,active,0,0,0,0,0.0,,3,-4.026786,0,11,8,0.5,0.75738,-3.760568,0.0,0
2026-05-31T06:47:31.988387+00:00,regime_filtered,forward_optimized_long_ms_regime_filtered,persist,"INJUSDT,NEARUSDT,TIAUSDT","0-12,14-18,21-23",,True,active,0,0,0,0,0.0,,3,-4.026786,0,11,8,0.5,0.573441,-8.732348,0.0,0
2026-05-31T06:47:32.324087+00:00,inj_tia_regime_filtered,forward_optimized_long_ms_inj_tia_regime,persist,"INJUSDT,TIAUSDT","0-12,14-18,21-23",,True,active,0,0,0,0,0.0,,2,-3.937784,0,11,9,0.555556,1.848254,11.768097,0.0,0
2026-05-31T06:47:34.499363+00:00,inj_tia_plus_candidates,forward_optimized_long_ms_inj_tia_plus_candidates,persist,"INJUSDT,TIAUSDT,JUPUSDT,BOMEUSDT","0-12,14-18,21-23",,True,active,0,0,0,0,0.0,,2,-6.708685,1599,6,4,0.75,3.983276,14.815925,0.0,0
2026-05-31T06:47:34.827297+00:00,inj_tia_fast_time_stop,forward_optimized_long_ms_inj_tia_fast_ts300,persist,"INJUSDT,TIAUSDT","0-12,14-18,21-23",300,True,active,0,0,0,0,0.0,,1,-1.827831,45,7,6,0.333333,0.442453,-6.09261,0.0,0
2026-05-31T06:47:35.155483+00:00,inj_fast_tia_standard,forward_optimized_long_ms_inj_fast_tia_standard,persist,"INJUSDT,TIAUSDT","0-12,14-18,21-23","{'INJUSDT': 300, 'TIAUSDT': 600}",True,active,0,0,0,0,0.0,,2,-4.997392,0,9,7,0.571429,0.993058,-0.055584,0.0,0
2026-05-31T06:47:35.181106+00:00,inj_fast_time_stop,forward_optimized_long_ms_inj_fast_ts300,persist,INJUSDT,"0-12,14-18,21-23",300,True,active,0,0,0,0,0.0,,1,-1.827831,0,8,7,0.571429,2.115314,4.1925,0.0,0
2026-05-31T06:47:35.203932+00:00,tia_fast_time_stop,forward_optimized_long_ms_tia_fast_ts300,persist,TIAUSDT,"0-12,14-18,21-23",300,True,active,0,0,0,0,0.0,,0,0,45,2,2,0.0,0.0,-6.6894,0.0,0
2026-05-31T06:47:35.230744+00:00,inj_only,forward_optimized_long_ms_inj_only,persist,INJUSDT,"0-12,14-18,21-23",,True,active,0,0,0,0,0.0,,1,-3.539124,0,5,4,0.75,6.478493,18.056416,0.0,0
2026-05-31T06:47:35.256381+00:00,tia_only,forward_optimized_long_ms_tia_only,persist,TIAUSDT,"0-12,14-18,21-23",,True,active,0,0,0,0,0.0,,1,-3.169561,0,3,2,0.5,1.154379,0.766695,0.0,0
2026-05-31T06:47:35.287014+00:00,near_only_observation,forward_optimized_long_ms_near_only_observation,persist,NEARUSDT,"0-12,14-18,21-23",,True,active,0,0,0,0,0.0,,1,2.681899,0,6,5,0.4,0.098156,-11.129606,0.0,0
2026-05-31T06:47:35.942897+00:00,utc_01_cluster,forward_optimized_long_ms_utc01,persist,"INJUSDT,NEARUSDT,TIAUSDT",1,,True,active,0,0,0,0,0.0,,0,0,1590,2,2,0.5,0.329114,-3.331841,0.0,0
2026-05-31T06:52:38.261734+00:00,baseline,forward_optimized_long_ms_baseline,persist,"INJUSDT,NEARUSDT,TIAUSDT",,,True,active,1,0,0,0,0.0,,3,-3.967997,1,11,8,0.5,0.75738,-3.760568,0.0,0
2026-05-31T06:52:38.894430+00:00,regime_filtered,forward_optimized_long_ms_regime_filtered,persist,"INJUSDT,NEARUSDT,TIAUSDT","0-12,14-18,21-23",,True,active,1,0,0,0,0.0,,3,-3.967997,1,11,8,0.5,0.573441,-8.732348,0.0,0
2026-05-31T06:52:39.230154+00:00,inj_tia_regime_filtered,forward_optimized_long_ms_inj_tia_regime,persist,"INJUSDT,TIAUSDT","0-12,14-18,21-23",,True,active,1,0,0,0,0.0,,2,-3.876814,1,11,9,0.555556,1.848254,11.768097,0.0,0
2026-05-31T06:52:41.243410+00:00,inj_tia_plus_candidates,forward_optimized_long_ms_inj_tia_plus_candidates,persist,"INJUSDT,TIAUSDT,JUPUSDT,BOMEUSDT","0-12,14-18,21-23",,True,active,1,0,0,0,0.0,,2,-6.649896,1600,6,4,0.75,3.983276,14.815925,0.0,0
2026-05-31T06:52:41.570710+00:00,inj_tia_fast_time_stop,forward_optimized_long_ms_inj_tia_fast_ts300,persist,"INJUSDT,TIAUSDT","0-12,14-18,21-23",300,True,active,1,0,0,0,0.0,,1,-1.767705,46,7,6,0.333333,0.442453,-6.09261,0.0,0
2026-05-31T06:52:41.899149+00:00,inj_fast_tia_standard,forward_optimized_long_ms_inj_fast_tia_standard,persist,"INJUSDT,TIAUSDT","0-12,14-18,21-23","{'INJUSDT': 300, 'TIAUSDT': 600}",True,active,1,0,0,0,0.0,,2,-4.937266,1,9,7,0.571429,0.993058,-0.055584,0.0,0
2026-05-31T06:52:41.924757+00:00,inj_fast_time_stop,forward_optimized_long_ms_inj_fast_ts300,persist,INJUSDT,"0-12,14-18,21-23",300,True,active,1,0,0,0,0.0,,1,-1.767705,1,8,7,0.571429,2.115314,4.1925,0.0,0
2026-05-31T06:52:41.947326+00:00,tia_fast_time_stop,forward_optimized_long_ms_tia_fast_ts300,persist,TIAUSDT,"0-12,14-18,21-23",300,True,active,0,0,0,0,0.0,,0,0,45,2,2,0.0,0.0,-6.6894,0.0,0
2026-05-31T06:52:41.974672+00:00,inj_only,forward_optimized_long_ms_inj_only,persist,INJUSDT,"0-12,14-18,21-23",,True,active,1,0,0,0,0.0,,1,-3.480335,1,5,4,0.75,6.478493,18.056416,0.0,0
2026-05-31T06:52:41.998905+00:00,tia_only,forward_optimized_long_ms_tia_only,persist,TIAUSDT,"0-12,14-18,21-23",,True,active,0,0,0,0,0.0,,1,-3.169561,0,3,2,0.5,1.154379,0.766695,0.0,0
2026-05-31T06:52:42.027994+00:00,near_only_observation,forward_optimized_long_ms_near_only_observation,persist,NEARUSDT,"0-12,14-18,21-23",,True,active,0,0,0,0,0.0,,1,2.681899,0,6,5,0.4,0.098156,-11.129606,0.0,0
2026-05-31T06:52:42.683427+00:00,utc_01_cluster,forward_optimized_long_ms_utc01,persist,"INJUSDT,NEARUSDT,TIAUSDT",1,,True,active,0,0,0,0,0.0,,0,0,1590,2,2,0.5,0.329114,-3.331841,0.0,0
2026-05-31T06:57:44.393349+00:00,baseline,forward_optimized_long_ms_baseline,persist,"INJUSDT,NEARUSDT,TIAUSDT",,,True,active,0,0,0,0,0.0,,3,-3.967997,0,11,8,0.5,0.75738,-3.760568,0.0,0
2026-05-31T06:57:45.025100+00:00,regime_filtered,forward_optimized_long_ms_regime_filtered,persist,"INJUSDT,NEARUSDT,TIAUSDT","0-12,14-18,21-23",,True,active,0,0,0,0,0.0,,3,-3.967997,0,11,8,0.5,0.573441,-8.732348,0.0,0
2026-05-31T06:57:45.360255+00:00,inj_tia_regime_filtered,forward_optimized_long_ms_inj_tia_regime,persist,"INJUSDT,TIAUSDT","0-12,14-18,21-23",,True,active,0,0,0,0,0.0,,2,-3.876814,0,11,9,0.555556,1.848254,11.768097,0.0,0
2026-05-31T06:57:47.311022+00:00,inj_tia_plus_candidates,forward_optimized_long_ms_inj_tia_plus_candidates,persist,"INJUSDT,TIAUSDT,JUPUSDT,BOMEUSDT","0-12,14-18,21-23",,True,active,0,0,0,0,0.0,,2,-6.649896,1599,6,4,0.75,3.983276,14.815925,0.0,0
2026-05-31T06:57:47.639526+00:00,inj_tia_fast_time_stop,forward_optimized_long_ms_inj_tia_fast_ts300,persist,"INJUSDT,TIAUSDT","0-12,14-18,21-23",300,True,active,0,0,0,0,0.0,,1,-1.767705,45,7,6,0.333333,0.442453,-6.09261,0.0,0
2026-05-31T06:57:47.968002+00:00,inj_fast_tia_standard,forward_optimized_long_ms_inj_fast_tia_standard,persist,"INJUSDT,TIAUSDT","0-12,14-18,21-23","{'INJUSDT': 300, 'TIAUSDT': 600}",True,active,0,0,0,0,0.0,,2,-4.937266,0,9,7,0.571429,0.993058,-0.055584,0.0,0
2026-05-31T06:57:47.993294+00:00,inj_fast_time_stop,forward_optimized_long_ms_inj_fast_ts300,persist,INJUSDT,"0-12,14-18,21-23",300,True,active,0,0,0,0,0.0,,1,-1.767705,0,8,7,0.571429,2.115314,4.1925,0.0,0
2026-05-31T06:57:48.015777+00:00,tia_fast_time_stop,forward_optimized_long_ms_tia_fast_ts300,persist,TIAUSDT,"0-12,14-18,21-23",300,True,active,0,0,0,0,0.0,,0,0,45,2,2,0.0,0.0,-6.6894,0.0,0
2026-05-31T06:57:48.042935+00:00,inj_only,forward_optimized_long_ms_inj_only,persist,INJUSDT,"0-12,14-18,21-23",,True,active,0,0,0,0,0.0,,1,-3.480335,0,5,4,0.75,6.478493,18.056416,0.0,0
2026-05-31T06:57:48.067959+00:00,tia_only,forward_optimized_long_ms_tia_only,persist,TIAUSDT,"0-12,14-18,21-23",,True,active,0,0,0,0,0.0,,1,-3.169561,0,3,2,0.5,1.154379,0.766695,0.0,0
2026-05-31T06:57:48.097863+00:00,near_only_observation,forward_optimized_long_ms_near_only_observation,persist,NEARUSDT,"0-12,14-18,21-23",,True,active,0,0,0,0,0.0,,1,2.681899,0,6,5,0.4,0.098156,-11.129606,0.0,0
2026-05-31T06:57:48.754380+00:00,utc_01_cluster,forward_optimized_long_ms_utc01,persist,"INJUSDT,NEARUSDT,TIAUSDT",1,,True,active,0,0,0,0,0.0,,0,0,1590,2,2,0.5,0.329114,-3.331841,0.0,0
2026-05-31T07:02:50.462473+00:00,baseline,forward_optimized_long_ms_baseline,persist,"INJUSDT,NEARUSDT,TIAUSDT",,,True,active,2,0,0,0,0.0,,3,-4.37213,5,11,8,0.5,0.75738,-3.760568,0.0,0
2026-05-31T07:02:51.097470+00:00,regime_filtered,forward_optimized_long_ms_regime_filtered,persist,"INJUSDT,NEARUSDT,TIAUSDT","0-12,14-18,21-23",,True,active,2,0,0,0,0.0,,3,-4.37213,5,11,8,0.5,0.573441,-8.732348,0.0,0
2026-05-31T07:02:51.435118+00:00,inj_tia_regime_filtered,forward_optimized_long_ms_inj_tia_regime,persist,"INJUSDT,TIAUSDT","0-12,14-18,21-23",,True,active,1,0,0,0,0.0,,2,-3.962172,2,11,9,0.555556,1.848254,11.768097,0.0,0
2026-05-31T07:02:52.979561+00:00,inj_tia_plus_candidates,forward_optimized_long_ms_inj_tia_plus_candidates,persist,"INJUSDT,TIAUSDT,JUPUSDT,BOMEUSDT","0-12,14-18,21-23",,True,active,1,0,0,0,0.0,,2,-6.732201,1601,6,4,0.75,3.983276,14.815925,0.0,0
2026-05-31T07:02:53.309155+00:00,inj_tia_fast_time_stop,forward_optimized_long_ms_inj_tia_fast_ts300,persist,"INJUSDT,TIAUSDT","0-12,14-18,21-23",300,True,active,1,0,0,0,0.0,,1,-1.851881,47,7,6,0.333333,0.442453,-6.09261,0.0,0
2026-05-31T07:02:53.639358+00:00,inj_fast_tia_standard,forward_optimized_long_ms_inj_fast_tia_standard,persist,"INJUSDT,TIAUSDT","0-12,14-18,21-23","{'INJUSDT': 300, 'TIAUSDT': 600}",True,active,1,0,0,0,0.0,,2,-5.021442,2,9,7,0.571429,0.993058,-0.055584,0.0,0
2026-05-31T07:02:53.668122+00:00,inj_fast_time_stop,forward_optimized_long_ms_inj_fast_ts300,persist,INJUSDT,"0-12,14-18,21-23",300,True,active,1,0,0,0,0.0,,1,-1.851881,2,8,7,0.571429,2.115314,4.1925,0.0,0
2026-05-31T07:02:53.691335+00:00,tia_fast_time_stop,forward_optimized_long_ms_tia_fast_ts300,persist,TIAUSDT,"0-12,14-18,21-23",300,True,active,0,0,0,0,0.0,,0,0,45,2,2,0.0,0.0,-6.6894,0.0,0
2026-05-31T07:02:53.720654+00:00,inj_only,forward_optimized_long_ms_inj_only,persist,INJUSDT,"0-12,14-18,21-23",,True,active,1,0,0,0,0.0,,1,-3.56264,2,5,4,0.75,6.478493,18.056416,0.0,0
2026-05-31T07:02:53.746358+00:00,tia_only,forward_optimized_long_ms_tia_only,persist,TIAUSDT,"0-12,14-18,21-23",,True,active,0,0,0,0,0.0,,1,-3.169561,0,3,2,0.5,1.154379,0.766695,0.0,0
2026-05-31T07:02:53.779152+00:00,near_only_observation,forward_optimized_long_ms_near_only_observation,persist,NEARUSDT,"0-12,14-18,21-23",,True,active,1,0,0,0,0.0,,1,2.360071,3,6,5,0.4,0.098156,-11.129606,0.0,0
2026-05-31T07:02:54.437044+00:00,utc_01_cluster,forward_optimized_long_ms_utc01,persist,"INJUSDT,NEARUSDT,TIAUSDT",1,,True,active,0,0,0,0,0.0,,0,0,1593,2,2,0.5,0.329114,-3.331841,0.0,0
2026-05-31T07:07:56.156057+00:00,baseline,forward_optimized_long_ms_baseline,persist,"INJUSDT,NEARUSDT,TIAUSDT",,,True,active,1,0,0,0,0.0,,3,-4.014544,5,11,8,0.5,0.75738,-3.760568,0.0,0
2026-05-31T07:07:56.790202+00:00,regime_filtered,forward_optimized_long_ms_regime_filtered,persist,"INJUSDT,NEARUSDT,TIAUSDT","0-12,14-18,21-23",,True,active,1,0,0,0,0.0,,3,-4.014544,5,11,8,0.5,0.573441,-8.732348,0.0,0
2026-05-31T07:07:57.126935+00:00,inj_tia_regime_filtered,forward_optimized_long_ms_inj_tia_regime,persist,"INJUSDT,TIAUSDT","0-12,14-18,21-23",,True,active,0,0,0,0,0.0,,2,-3.962172,0,11,9,0.555556,1.848254,11.768097,0.0,0
2026-05-31T07:07:59.116308+00:00,inj_tia_plus_candidates,forward_optimized_long_ms_inj_tia_plus_candidates,persist,"INJUSDT,TIAUSDT,JUPUSDT,BOMEUSDT","0-12,14-18,21-23",,True,active,0,0,0,0,0.0,,2,-6.732201,1599,6,4,0.75,3.983276,14.815925,0.0,0
2026-05-31T07:07:59.443863+00:00,inj_tia_fast_time_stop,forward_optimized_long_ms_inj_tia_fast_ts300,persist,"INJUSDT,TIAUSDT","0-12,14-18,21-23",300,True,active,0,0,0,0,0.0,,1,-1.851881,45,7,6,0.333333,0.442453,-6.09261,0.0,0
2026-05-31T07:07:59.770884+00:00,inj_fast_tia_standard,forward_optimized_long_ms_inj_fast_tia_standard,persist,"INJUSDT,TIAUSDT","0-12,14-18,21-23","{'INJUSDT': 300, 'TIAUSDT': 600}",True,active,0,0,0,0,0.0,,2,-5.021442,0,9,7,0.571429,0.993058,-0.055584,0.0,0
2026-05-31T07:07:59.796403+00:00,inj_fast_time_stop,forward_optimized_long_ms_inj_fast_ts300,persist,INJUSDT,"0-12,14-18,21-23",300,True,active,0,0,0,0,0.0,,1,-1.851881,0,8,7,0.571429,2.115314,4.1925,0.0,0
2026-05-31T07:07:59.819109+00:00,tia_fast_time_stop,forward_optimized_long_ms_tia_fast_ts300,persist,TIAUSDT,"0-12,14-18,21-23",300,True,active,0,0,0,0,0.0,,0,0,45,2,2,0.0,0.0,-6.6894,0.0,0
2026-05-31T07:07:59.846181+00:00,inj_only,forward_optimized_long_ms_inj_only,persist,INJUSDT,"0-12,14-18,21-23",,True,active,0,0,0,0,0.0,,1,-3.56264,0,5,4,0.75,6.478493,18.056416,0.0,0
2026-05-31T07:07:59.872684+00:00,tia_only,forward_optimized_long_ms_tia_only,persist,TIAUSDT,"0-12,14-18,21-23",,True,active,0,0,0,0,0.0,,1,-3.169561,0,3,2,0.5,1.154379,0.766695,0.0,0
2026-05-31T07:07:59.905101+00:00,near_only_observation,forward_optimized_long_ms_near_only_observation,persist,NEARUSDT,"0-12,14-18,21-23",,True,active,1,0,0,0,0.0,,1,2.717657,5,6,5,0.4,0.098156,-11.129606,0.0,0
2026-05-31T07:08:00.562464+00:00,utc_01_cluster,forward_optimized_long_ms_utc01,persist,"INJUSDT,NEARUSDT,TIAUSDT",1,,True,active,0,0,0,0,0.0,,0,0,1598,2,2,0.5,0.329114,-3.331841,0.0,0
2026-05-31T07:13:02.901248+00:00,baseline,forward_optimized_long_ms_baseline,persist,"INJUSDT,NEARUSDT,TIAUSDT",,,True,active,2,0,0,0,0.0,,3,-4.412621,4,11,8,0.5,0.75738,-3.760568,0.0,0
2026-05-31T07:13:03.534444+00:00,regime_filtered,forward_optimized_long_ms_regime_filtered,persist,"INJUSDT,NEARUSDT,TIAUSDT","0-12,14-18,21-23",,True,active,2,0,0,0,0.0,,3,-4.412621,4,11,8,0.5,0.573441,-8.732348,0.0,0
2026-05-31T07:13:03.871268+00:00,inj_tia_regime_filtered,forward_optimized_long_ms_inj_tia_regime,persist,"INJUSDT,TIAUSDT","0-12,14-18,21-23",,True,active,1,0,0,0,0.0,,2,-4.288732,2,11,9,0.555556,1.848254,11.768097,0.0,0
2026-05-31T07:13:05.430958+00:00,inj_tia_plus_candidates,forward_optimized_long_ms_inj_tia_plus_candidates,persist,"INJUSDT,TIAUSDT,JUPUSDT,BOMEUSDT","0-12,14-18,21-23",,True,active,1,0,0,0,0.0,,2,-7.058761,1601,6,4,0.75,3.983276,14.815925,0.0,0
2026-05-31T07:13:05.758966+00:00,inj_tia_fast_time_stop,forward_optimized_long_ms_inj_tia_fast_ts300,persist,"INJUSDT,TIAUSDT","0-12,14-18,21-23",300,True,active,0,0,0,0,0.0,,1,-1.851881,47,7,6,0.333333,0.442453,-6.09261,0.0,0
2026-05-31T07:13:06.088335+00:00,inj_fast_tia_standard,forward_optimized_long_ms_inj_fast_tia_standard,persist,"INJUSDT,TIAUSDT","0-12,14-18,21-23","{'INJUSDT': 300, 'TIAUSDT': 600}",True,active,1,0,0,0,0.0,,2,-5.348002,2,9,7,0.571429,0.993058,-0.055584,0.0,0
2026-05-31T07:13:06.114193+00:00,inj_fast_time_stop,forward_optimized_long_ms_inj_fast_ts300,persist,INJUSDT,"0-12,14-18,21-23",300,True,active,0,0,0,0,0.0,,1,-1.851881,0,8,7,0.571429,2.115314,4.1925,0.0,0
2026-05-31T07:13:06.137511+00:00,tia_fast_time_stop,forward_optimized_long_ms_tia_fast_ts300,persist,TIAUSDT,"0-12,14-18,21-23",300,True,active,0,0,0,0,0.0,,0,0,47,2,2,0.0,0.0,-6.6894,0.0,0
2026-05-31T07:13:06.164744+00:00,inj_only,forward_optimized_long_ms_inj_only,persist,INJUSDT,"0-12,14-18,21-23",,True,active,0,0,0,0,0.0,,1,-3.56264,0,5,4,0.75,6.478493,18.056416,0.0,0
2026-05-31T07:13:06.191196+00:00,tia_only,forward_optimized_long_ms_tia_only,persist,TIAUSDT,"0-12,14-18,21-23",,True,active,1,0,0,0,0.0,,1,-3.496121,2,3,2,0.5,1.154379,0.766695,0.0,0
2026-05-31T07:13:06.222774+00:00,near_only_observation,forward_optimized_long_ms_near_only_observation,persist,NEARUSDT,"0-12,14-18,21-23",,True,active,1,0,0,0,0.0,,1,2.64614,2,6,5,0.4,0.098156,-11.129606,0.0,0
2026-05-31T07:13:06.891905+00:00,utc_01_cluster,forward_optimized_long_ms_utc01,persist,"INJUSDT,NEARUSDT,TIAUSDT",1,,True,active,0,0,0,0,0.0,,0,0,1602,2,2,0.5,0.329114,-3.331841,0.0,0
2026-05-31T07:18:08.945576+00:00,baseline,forward_optimized_long_ms_baseline,persist,"INJUSDT,NEARUSDT,TIAUSDT",,,True,active,1,0,0,0,0.0,,3,-3.733206,16,11,8,0.5,0.75738,-3.760568,0.0,0
2026-05-31T07:18:09.580481+00:00,regime_filtered,forward_optimized_long_ms_regime_filtered,persist,"INJUSDT,NEARUSDT,TIAUSDT","0-12,14-18,21-23",,True,active,1,0,0,0,0.0,,3,-3.733206,16,11,8,0.5,0.573441,-8.732348,0.0,0
2026-05-31T07:18:09.914772+00:00,inj_tia_regime_filtered,forward_optimized_long_ms_inj_tia_regime,persist,"INJUSDT,TIAUSDT","0-12,14-18,21-23",,True,active,0,0,0,0,0.0,,2,-4.288732,0,11,9,0.555556,1.848254,11.768097,0.0,0
2026-05-31T07:18:11.470379+00:00,inj_tia_plus_candidates,forward_optimized_long_ms_inj_tia_plus_candidates,persist,"INJUSDT,TIAUSDT,JUPUSDT,BOMEUSDT","0-12,14-18,21-23",,True,active,0,0,0,0,0.0,,2,-7.058761,1599,6,4,0.75,3.983276,14.815925,0.0,0
2026-05-31T07:18:11.797088+00:00,inj_tia_fast_time_stop,forward_optimized_long_ms_inj_tia_fast_ts300,persist,"INJUSDT,TIAUSDT","0-12,14-18,21-23",300,True,active,0,0,0,0,0.0,,1,-1.851881,47,7,6,0.333333,0.442453,-6.09261,0.0,0
2026-05-31T07:18:12.124517+00:00,inj_fast_tia_standard,forward_optimized_long_ms_inj_fast_tia_standard,persist,"INJUSDT,TIAUSDT","0-12,14-18,21-23","{'INJUSDT': 300, 'TIAUSDT': 600}",True,active,0,0,0,0,0.0,,2,-5.348002,0,9,7,0.571429,0.993058,-0.055584,0.0,0
2026-05-31T07:18:12.149388+00:00,inj_fast_time_stop,forward_optimized_long_ms_inj_fast_ts300,persist,INJUSDT,"0-12,14-18,21-23",300,True,active,0,0,0,0,0.0,,1,-1.851881,0,8,7,0.571429,2.115314,4.1925,0.0,0
2026-05-31T07:18:12.171851+00:00,tia_fast_time_stop,forward_optimized_long_ms_tia_fast_ts300,persist,TIAUSDT,"0-12,14-18,21-23",300,True,active,0,0,0,0,0.0,,0,0,47,2,2,0.0,0.0,-6.6894,0.0,0
2026-05-31T07:18:12.198359+00:00,inj_only,forward_optimized_long_ms_inj_only,persist,INJUSDT,"0-12,14-18,21-23",,True,active,0,0,0,0,0.0,,1,-3.56264,0,5,4,0.75,6.478493,18.056416,0.0,0
2026-05-31T07:18:12.222997+00:00,tia_only,forward_optimized_long_ms_tia_only,persist,TIAUSDT,"0-12,14-18,21-23",,True,active,0,0,0,0,0.0,,1,-3.496121,0,3,2,0.5,1.154379,0.766695,0.0,0
2026-05-31T07:18:12.255847+00:00,near_only_observation,forward_optimized_long_ms_near_only_observation,persist,NEARUSDT,"0-12,14-18,21-23",,True,active,1,0,0,0,0.0,,1,3.325555,16,6,5,0.4,0.098156,-11.129606,0.0,0
2026-05-31T07:18:12.910838+00:00,utc_01_cluster,forward_optimized_long_ms_utc01,persist,"INJUSDT,NEARUSDT,TIAUSDT",1,,True,active,0,0,0,0,0.0,,0,0,1618,2,2,0.5,0.329114,-3.331841,0.0,0
2026-05-31T07:23:14.634714+00:00,baseline,forward_optimized_long_ms_baseline,persist,"INJUSDT,NEARUSDT,TIAUSDT",,,True,active,1,0,0,0,0.0,,3,-4.519897,18,11,8,0.5,0.75738,-3.760568,0.0,0
2026-05-31T07:23:15.270142+00:00,regime_filtered,forward_optimized_long_ms_regime_filtered,persist,"INJUSDT,NEARUSDT,TIAUSDT","0-12,14-18,21-23",,True,active,1,0,0,0,0.0,,3,-4.519897,18,11,8,0.5,0.573441,-8.732348,0.0,0
2026-05-31T07:23:15.605724+00:00,inj_tia_regime_filtered,forward_optimized_long_ms_inj_tia_regime,persist,"INJUSDT,TIAUSDT","0-12,14-18,21-23",,True,active,0,0,0,0,0.0,,2,-4.288732,0,11,9,0.555556,1.848254,11.768097,0.0,0
2026-05-31T07:23:18.042299+00:00,inj_tia_plus_candidates,forward_optimized_long_ms_inj_tia_plus_candidates,persist,"INJUSDT,TIAUSDT,JUPUSDT,BOMEUSDT","0-12,14-18,21-23",,True,active,0,0,0,0,0.0,,2,-7.058761,1599,6,4,0.75,3.983276,14.815925,0.0,0
2026-05-31T07:23:18.370066+00:00,inj_tia_fast_time_stop,forward_optimized_long_ms_inj_tia_fast_ts300,persist,"INJUSDT,TIAUSDT","0-12,14-18,21-23",300,True,active,0,0,0,0,0.0,,1,-1.851881,47,7,6,0.333333,0.442453,-6.09261,0.0,0
2026-05-31T07:23:18.697580+00:00,inj_fast_tia_standard,forward_optimized_long_ms_inj_fast_tia_standard,persist,"INJUSDT,TIAUSDT","0-12,14-18,21-23","{'INJUSDT': 300, 'TIAUSDT': 600}",True,active,0,0,0,0,0.0,,2,-5.348002,0,9,7,0.571429,0.993058,-0.055584,0.0,0
2026-05-31T07:23:18.723114+00:00,inj_fast_time_stop,forward_optimized_long_ms_inj_fast_ts300,persist,INJUSDT,"0-12,14-18,21-23",300,True,active,0,0,0,0,0.0,,1,-1.851881,0,8,7,0.571429,2.115314,4.1925,0.0,0
2026-05-31T07:23:18.745806+00:00,tia_fast_time_stop,forward_optimized_long_ms_tia_fast_ts300,persist,TIAUSDT,"0-12,14-18,21-23",300,True,active,0,0,0,0,0.0,,0,0,47,2,2,0.0,0.0,-6.6894,0.0,0
2026-05-31T07:23:18.772818+00:00,inj_only,forward_optimized_long_ms_inj_only,persist,INJUSDT,"0-12,14-18,21-23",,True,active,0,0,0,0,0.0,,1,-3.56264,0,5,4,0.75,6.478493,18.056416,0.0,0
2026-05-31T07:23:18.797827+00:00,tia_only,forward_optimized_long_ms_tia_only,persist,TIAUSDT,"0-12,14-18,21-23",,True,active,0,0,0,0,0.0,,1,-3.496121,0,3,2,0.5,1.154379,0.766695,0.0,0
2026-05-31T07:23:18.833454+00:00,near_only_observation,forward_optimized_long_ms_near_only_observation,persist,NEARUSDT,"0-12,14-18,21-23",,True,active,1,0,0,0,0.0,,1,2.538864,18,6,5,0.4,0.098156,-11.129606,0.0,0
2026-05-31T07:23:19.491636+00:00,utc_01_cluster,forward_optimized_long_ms_utc01,persist,"INJUSDT,NEARUSDT,TIAUSDT",1,,True,active,0,0,0,0,0.0,,0,0,1636,2,2,0.5,0.329114,-3.331841,0.0,0
2026-05-31T07:28:21.225571+00:00,baseline,forward_optimized_long_ms_baseline,persist,"INJUSDT,NEARUSDT,TIAUSDT",,,True,active,2,0,0,1,1.873524,1.0,2,-7.09718,10,11,9,0.555556,0.878254,-1.887044,0.0,0
2026-05-31T07:28:21.858667+00:00,regime_filtered,forward_optimized_long_ms_regime_filtered,persist,"INJUSDT,NEARUSDT,TIAUSDT","0-12,14-18,21-23",,True,active,2,0,0,1,1.873524,1.0,2,-7.09718,10,11,9,0.555556,0.664959,-6.858824,0.0,0
2026-05-31T07:28:22.195624+00:00,inj_tia_regime_filtered,forward_optimized_long_ms_inj_tia_regime,persist,"INJUSDT,TIAUSDT","0-12,14-18,21-23",,True,active,1,0,0,0,0.0,,2,-4.327151,4,11,9,0.555556,1.848254,11.768097,0.0,0
2026-05-31T07:28:24.148616+00:00,inj_tia_plus_candidates,forward_optimized_long_ms_inj_tia_plus_candidates,persist,"INJUSDT,TIAUSDT,JUPUSDT,BOMEUSDT","0-12,14-18,21-23",,True,active,1,0,0,0,0.0,,2,-7.09718,1603,6,4,0.75,3.983276,14.815925,0.0,0
2026-05-31T07:28:24.475510+00:00,inj_tia_fast_time_stop,forward_optimized_long_ms_inj_tia_fast_ts300,persist,"INJUSDT,TIAUSDT","0-12,14-18,21-23",300,True,active,0,0,0,0,0.0,,1,-1.851881,51,7,6,0.333333,0.442453,-6.09261,0.0,0
2026-05-31T07:28:24.805625+00:00,inj_fast_tia_standard,forward_optimized_long_ms_inj_fast_tia_standard,persist,"INJUSDT,TIAUSDT","0-12,14-18,21-23","{'INJUSDT': 300, 'TIAUSDT': 600}",True,active,1,0,0,0,0.0,,2,-5.386421,4,9,7,0.571429,0.993058,-0.055584,0.0,0
2026-05-31T07:28:24.831101+00:00,inj_fast_time_stop,forward_optimized_long_ms_inj_fast_ts300,persist,INJUSDT,"0-12,14-18,21-23",300,True,active,0,0,0,0,0.0,,1,-1.851881,0,8,7,0.571429,2.115314,4.1925,0.0,0
2026-05-31T07:28:24.853773+00:00,tia_fast_time_stop,forward_optimized_long_ms_tia_fast_ts300,persist,TIAUSDT,"0-12,14-18,21-23",300,True,active,0,0,0,0,0.0,,0,0,51,2,2,0.0,0.0,-6.6894,0.0,0
2026-05-31T07:28:24.880884+00:00,inj_only,forward_optimized_long_ms_inj_only,persist,INJUSDT,"0-12,14-18,21-23",,True,active,0,0,0,0,0.0,,1,-3.56264,0,5,4,0.75,6.478493,18.056416,0.0,0
2026-05-31T07:28:24.907387+00:00,tia_only,forward_optimized_long_ms_tia_only,persist,TIAUSDT,"0-12,14-18,21-23",,True,active,1,0,0,0,0.0,,1,-3.53454,4,3,2,0.5,1.154379,0.766695,0.0,0
2026-05-31T07:28:24.938778+00:00,near_only_observation,forward_optimized_long_ms_near_only_observation,persist,NEARUSDT,"0-12,14-18,21-23",,True,active,1,0,0,1,1.873524,1.0,0,0,6,6,6,0.5,0.249969,-9.256082,0.0,0
2026-05-31T07:28:25.594290+00:00,utc_01_cluster,forward_optimized_long_ms_utc01,persist,"INJUSDT,NEARUSDT,TIAUSDT",1,,True,active,0,0,0,0,0.0,,0,0,1646,2,2,0.5,0.329114,-3.331841,0.0,0
2026-05-31T07:33:27.934106+00:00,baseline,forward_optimized_long_ms_baseline,persist,"INJUSDT,NEARUSDT,TIAUSDT",,,True,active,0,0,0,0,0.0,,2,-7.09718,18,11,9,0.555556,0.878254,-1.887044,0.0,0
2026-05-31T07:33:28.566687+00:00,regime_filtered,forward_optimized_long_ms_regime_filtered,persist,"INJUSDT,NEARUSDT,TIAUSDT","0-12,14-18,21-23",,True,active,0,0,0,0,0.0,,2,-7.09718,18,11,9,0.555556,0.664959,-6.858824,0.0,0
2026-05-31T07:33:28.901678+00:00,inj_tia_regime_filtered,forward_optimized_long_ms_inj_tia_regime,persist,"INJUSDT,TIAUSDT","0-12,14-18,21-23",,True,active,0,0,0,0,0.0,,2,-4.327151,0,11,9,0.555556,1.848254,11.768097,0.0,0
2026-05-31T07:33:30.663888+00:00,inj_tia_plus_candidates,forward_optimized_long_ms_inj_tia_plus_candidates,persist,"INJUSDT,TIAUSDT,JUPUSDT,BOMEUSDT","0-12,14-18,21-23",,True,active,0,0,0,0,0.0,,2,-7.09718,1599,6,4,0.75,3.983276,14.815925,0.0,0
2026-05-31T07:33:30.991246+00:00,inj_tia_fast_time_stop,forward_optimized_long_ms_inj_tia_fast_ts300,persist,"INJUSDT,TIAUSDT","0-12,14-18,21-23",300,True,active,0,0,0,0,0.0,,1,-1.851881,51,7,6,0.333333,0.442453,-6.09261,0.0,0
2026-05-31T07:33:31.319174+00:00,inj_fast_tia_standard,forward_optimized_long_ms_inj_fast_tia_standard,persist,"INJUSDT,TIAUSDT","0-12,14-18,21-23","{'INJUSDT': 300, 'TIAUSDT': 600}",True,active,0,0,0,0,0.0,,2,-5.386421,0,9,7,0.571429,0.993058,-0.055584,0.0,0
2026-05-31T07:33:31.345033+00:00,inj_fast_time_stop,forward_optimized_long_ms_inj_fast_ts300,persist,INJUSDT,"0-12,14-18,21-23",300,True,active,0,0,0,0,0.0,,1,-1.851881,0,8,7,0.571429,2.115314,4.1925,0.0,0
2026-05-31T07:33:31.368159+00:00,tia_fast_time_stop,forward_optimized_long_ms_tia_fast_ts300,persist,TIAUSDT,"0-12,14-18,21-23",300,True,active,0,0,0,0,0.0,,0,0,51,2,2,0.0,0.0,-6.6894,0.0,0
2026-05-31T07:33:31.395541+00:00,inj_only,forward_optimized_long_ms_inj_only,persist,INJUSDT,"0-12,14-18,21-23",,True,active,0,0,0,0,0.0,,1,-3.56264,0,5,4,0.75,6.478493,18.056416,0.0,0
2026-05-31T07:33:31.421014+00:00,tia_only,forward_optimized_long_ms_tia_only,persist,TIAUSDT,"0-12,14-18,21-23",,True,active,0,0,0,0,0.0,,1,-3.53454,0,3,2,0.5,1.154379,0.766695,0.0,0
2026-05-31T07:33:31.452394+00:00,near_only_observation,forward_optimized_long_ms_near_only_observation,persist,NEARUSDT,"0-12,14-18,21-23",,True,active,0,0,0,0,0.0,,0,0,18,6,6,0.5,0.249969,-9.256082,0.0,0
2026-05-31T07:33:32.110483+00:00,utc_01_cluster,forward_optimized_long_ms_utc01,persist,"INJUSDT,NEARUSDT,TIAUSDT",1,,True,active,0,0,0,0,0.0,,0,0,1664,2,2,0.5,0.329114,-3.331841,0.0,0
2026-05-31T07:38:34.447275+00:00,baseline,forward_optimized_long_ms_baseline,persist,"INJUSDT,NEARUSDT,TIAUSDT",,,True,active,0,0,0,0,0.0,,2,-7.09718,18,11,9,0.555556,0.878254,-1.887044,0.0,0
2026-05-31T07:38:35.080114+00:00,regime_filtered,forward_optimized_long_ms_regime_filtered,persist,"INJUSDT,NEARUSDT,TIAUSDT","0-12,14-18,21-23",,True,active,0,0,0,0,0.0,,2,-7.09718,18,11,9,0.555556,0.664959,-6.858824,0.0,0
2026-05-31T07:38:35.416620+00:00,inj_tia_regime_filtered,forward_optimized_long_ms_inj_tia_regime,persist,"INJUSDT,TIAUSDT","0-12,14-18,21-23",,True,active,0,0,0,0,0.0,,2,-4.327151,0,11,9,0.555556,1.848254,11.768097,0.0,0
2026-05-31T07:38:37.620924+00:00,inj_tia_plus_candidates,forward_optimized_long_ms_inj_tia_plus_candidates,persist,"INJUSDT,TIAUSDT,JUPUSDT,BOMEUSDT","0-12,14-18,21-23",,True,active,0,0,0,0,0.0,,2,-7.09718,1599,6,4,0.75,3.983276,14.815925,0.0,0
2026-05-31T07:38:37.954341+00:00,inj_tia_fast_time_stop,forward_optimized_long_ms_inj_tia_fast_ts300,persist,"INJUSDT,TIAUSDT","0-12,14-18,21-23",300,True,active,0,0,0,0,0.0,,1,-1.851881,51,7,6,0.333333,0.442453,-6.09261,0.0,0
2026-05-31T07:38:38.282316+00:00,inj_fast_tia_standard,forward_optimized_long_ms_inj_fast_tia_standard,persist,"INJUSDT,TIAUSDT","0-12,14-18,21-23","{'INJUSDT': 300, 'TIAUSDT': 600}",True,active,0,0,0,0,0.0,,2,-5.386421,0,9,7,0.571429,0.993058,-0.055584,0.0,0
2026-05-31T07:38:38.307842+00:00,inj_fast_time_stop,forward_optimized_long_ms_inj_fast_ts300,persist,INJUSDT,"0-12,14-18,21-23",300,True,active,0,0,0,0,0.0,,1,-1.851881,0,8,7,0.571429,2.115314,4.1925,0.0,0
2026-05-31T07:38:38.330867+00:00,tia_fast_time_stop,forward_optimized_long_ms_tia_fast_ts300,persist,TIAUSDT,"0-12,14-18,21-23",300,True,active,0,0,0,0,0.0,,0,0,51,2,2,0.0,0.0,-6.6894,0.0,0
2026-05-31T07:38:38.358362+00:00,inj_only,forward_optimized_long_ms_inj_only,persist,INJUSDT,"0-12,14-18,21-23",,True,active,0,0,0,0,0.0,,1,-3.56264,0,5,4,0.75,6.478493,18.056416,0.0,0
2026-05-31T07:38:38.383742+00:00,tia_only,forward_optimized_long_ms_tia_only,persist,TIAUSDT,"0-12,14-18,21-23",,True,active,0,0,0,0,0.0,,1,-3.53454,0,3,2,0.5,1.154379,0.766695,0.0,0
2026-05-31T07:38:38.415593+00:00,near_only_observation,forward_optimized_long_ms_near_only_observation,persist,NEARUSDT,"0-12,14-18,21-23",,True,active,0,0,0,0,0.0,,0,0,18,6,6,0.5,0.249969,-9.256082,0.0,0
2026-05-31T07:38:39.074493+00:00,utc_01_cluster,forward_optimized_long_ms_utc01,persist,"INJUSDT,NEARUSDT,TIAUSDT",1,,True,active,0,0,0,0,0.0,,0,0,1664,2,2,0.5,0.329114,-3.331841,0.0,0
2026-05-31T07:43:41.210485+00:00,baseline,forward_optimized_long_ms_baseline,persist,"INJUSDT,NEARUSDT,TIAUSDT",,,True,active,0,0,0,0,0.0,,2,-7.09718,31,11,9,0.555556,0.878254,-1.887044,0.0,0
2026-05-31T07:43:41.843506+00:00,regime_filtered,forward_optimized_long_ms_regime_filtered,persist,"INJUSDT,NEARUSDT,TIAUSDT","0-12,14-18,21-23",,True,active,0,0,0,0,0.0,,2,-7.09718,31,11,9,0.555556,0.664959,-6.858824,0.0,0
2026-05-31T07:43:42.179245+00:00,inj_tia_regime_filtered,forward_optimized_long_ms_inj_tia_regime,persist,"INJUSDT,TIAUSDT","0-12,14-18,21-23",,True,active,0,0,0,0,0.0,,2,-4.327151,0,11,9,0.555556,1.848254,11.768097,0.0,0
2026-05-31T07:43:44.144135+00:00,inj_tia_plus_candidates,forward_optimized_long_ms_inj_tia_plus_candidates,persist,"INJUSDT,TIAUSDT,JUPUSDT,BOMEUSDT","0-12,14-18,21-23",,True,active,0,0,0,0,0.0,,2,-7.09718,1599,6,4,0.75,3.983276,14.815925,0.0,0
2026-05-31T07:43:44.473135+00:00,inj_tia_fast_time_stop,forward_optimized_long_ms_inj_tia_fast_ts300,persist,"INJUSDT,TIAUSDT","0-12,14-18,21-23",300,True,active,0,0,0,0,0.0,,1,-1.851881,51,7,6,0.333333,0.442453,-6.09261,0.0,0
2026-05-31T07:43:44.802081+00:00,inj_fast_tia_standard,forward_optimized_long_ms_inj_fast_tia_standard,persist,"INJUSDT,TIAUSDT","0-12,14-18,21-23","{'INJUSDT': 300, 'TIAUSDT': 600}",True,active,0,0,0,0,0.0,,2,-5.386421,0,9,7,0.571429,0.993058,-0.055584,0.0,0
2026-05-31T07:43:44.828374+00:00,inj_fast_time_stop,forward_optimized_long_ms_inj_fast_ts300,persist,INJUSDT,"0-12,14-18,21-23",300,True,active,0,0,0,0,0.0,,1,-1.851881,0,8,7,0.571429,2.115314,4.1925,0.0,0
2026-05-31T07:43:44.851921+00:00,tia_fast_time_stop,forward_optimized_long_ms_tia_fast_ts300,persist,TIAUSDT,"0-12,14-18,21-23",300,True,active,0,0,0,0,0.0,,0,0,51,2,2,0.0,0.0,-6.6894,0.0,0
2026-05-31T07:43:44.879999+00:00,inj_only,forward_optimized_long_ms_inj_only,persist,INJUSDT,"0-12,14-18,21-23",,True,active,0,0,0,0,0.0,,1,-3.56264,0,5,4,0.75,6.478493,18.056416,0.0,0
2026-05-31T07:43:44.905769+00:00,tia_only,forward_optimized_long_ms_tia_only,persist,TIAUSDT,"0-12,14-18,21-23",,True,active,0,0,0,0,0.0,,1,-3.53454,0,3,2,0.5,1.154379,0.766695,0.0,0
2026-05-31T07:43:44.938038+00:00,near_only_observation,forward_optimized_long_ms_near_only_observation,persist,NEARUSDT,"0-12,14-18,21-23",,True,active,0,0,0,0,0.0,,0,0,31,6,6,0.5,0.249969,-9.256082,0.0,0
2026-05-31T07:43:45.597612+00:00,utc_01_cluster,forward_optimized_long_ms_utc01,persist,"INJUSDT,NEARUSDT,TIAUSDT",1,,True,active,0,0,0,0,0.0,,0,0,1677,2,2,0.5,0.329114,-3.331841,0.0,0
2026-05-31T07:48:47.506796+00:00,baseline,forward_optimized_long_ms_baseline,persist,"INJUSDT,NEARUSDT,TIAUSDT",,,True,active,0,0,0,0,0.0,,2,-7.09718,32,11,9,0.555556,0.878254,-1.887044,0.0,0
2026-05-31T07:48:48.139138+00:00,regime_filtered,forward_optimized_long_ms_regime_filtered,persist,"INJUSDT,NEARUSDT,TIAUSDT","0-12,14-18,21-23",,True,active,0,0,0,0,0.0,,2,-7.09718,32,11,9,0.555556,0.664959,-6.858824,0.0,0
2026-05-31T07:48:48.477841+00:00,inj_tia_regime_filtered,forward_optimized_long_ms_inj_tia_regime,persist,"INJUSDT,TIAUSDT","0-12,14-18,21-23",,True,active,0,0,0,0,0.0,,2,-4.327151,0,11,9,0.555556,1.848254,11.768097,0.0,0
2026-05-31T07:48:50.039722+00:00,inj_tia_plus_candidates,forward_optimized_long_ms_inj_tia_plus_candidates,persist,"INJUSDT,TIAUSDT,JUPUSDT,BOMEUSDT","0-12,14-18,21-23",,True,active,0,0,0,0,0.0,,2,-7.09718,1599,6,4,0.75,3.983276,14.815925,0.0,0
2026-05-31T07:48:50.367517+00:00,inj_tia_fast_time_stop,forward_optimized_long_ms_inj_tia_fast_ts300,persist,"INJUSDT,TIAUSDT","0-12,14-18,21-23",300,True,active,0,0,0,0,0.0,,1,-1.851881,51,7,6,0.333333,0.442453,-6.09261,0.0,0
2026-05-31T07:48:50.702723+00:00,inj_fast_tia_standard,forward_optimized_long_ms_inj_fast_tia_standard,persist,"INJUSDT,TIAUSDT","0-12,14-18,21-23","{'INJUSDT': 300, 'TIAUSDT': 600}",True,active,0,0,0,0,0.0,,2,-5.386421,0,9,7,0.571429,0.993058,-0.055584,0.0,0
2026-05-31T07:48:50.731867+00:00,inj_fast_time_stop,forward_optimized_long_ms_inj_fast_ts300,persist,INJUSDT,"0-12,14-18,21-23",300,True,active,0,0,0,0,0.0,,1,-1.851881,0,8,7,0.571429,2.115314,4.1925,0.0,0
2026-05-31T07:48:50.754529+00:00,tia_fast_time_stop,forward_optimized_long_ms_tia_fast_ts300,persist,TIAUSDT,"0-12,14-18,21-23",300,True,active,0,0,0,0,0.0,,0,0,51,2,2,0.0,0.0,-6.6894,0.0,0
2026-05-31T07:48:50.781417+00:00,inj_only,forward_optimized_long_ms_inj_only,persist,INJUSDT,"0-12,14-18,21-23",,True,active,0,0,0,0,0.0,,1,-3.56264,0,5,4,0.75,6.478493,18.056416,0.0,0
2026-05-31T07:48:50.806423+00:00,tia_only,forward_optimized_long_ms_tia_only,persist,TIAUSDT,"0-12,14-18,21-23",,True,active,0,0,0,0,0.0,,1,-3.53454,0,3,2,0.5,1.154379,0.766695,0.0,0
2026-05-31T07:48:50.837298+00:00,near_only_observation,forward_optimized_long_ms_near_only_observation,persist,NEARUSDT,"0-12,14-18,21-23",,True,active,0,0,0,0,0.0,,0,0,32,6,6,0.5,0.249969,-9.256082,0.0,0
2026-05-31T07:48:51.494685+00:00,utc_01_cluster,forward_optimized_long_ms_utc01,persist,"INJUSDT,NEARUSDT,TIAUSDT",1,,True,active,0,0,0,0,0.0,,0,0,1678,2,2,0.5,0.329114,-3.331841,0.0,0
2026-05-31T07:53:53.868795+00:00,baseline,forward_optimized_long_ms_baseline,persist,"INJUSDT,NEARUSDT,TIAUSDT",,,True,active,0,0,0,0,0.0,,2,-7.09718,35,11,9,0.555556,0.878254,-1.887044,0.0,0
2026-05-31T07:53:54.500609+00:00,regime_filtered,forward_optimized_long_ms_regime_filtered,persist,"INJUSDT,NEARUSDT,TIAUSDT","0-12,14-18,21-23",,True,active,0,0,0,0,0.0,,2,-7.09718,35,11,9,0.555556,0.664959,-6.858824,0.0,0
2026-05-31T07:53:54.834991+00:00,inj_tia_regime_filtered,forward_optimized_long_ms_inj_tia_regime,persist,"INJUSDT,TIAUSDT","0-12,14-18,21-23",,True,active,0,0,0,0,0.0,,2,-4.327151,0,11,9,0.555556,1.848254,11.768097,0.0,0
2026-05-31T07:53:57.023375+00:00,inj_tia_plus_candidates,forward_optimized_long_ms_inj_tia_plus_candidates,persist,"INJUSDT,TIAUSDT,JUPUSDT,BOMEUSDT","0-12,14-18,21-23",,True,active,0,0,0,0,0.0,,2,-7.09718,1599,6,4,0.75,3.983276,14.815925,0.0,0
2026-05-31T07:53:57.352577+00:00,inj_tia_fast_time_stop,forward_optimized_long_ms_inj_tia_fast_ts300,persist,"INJUSDT,TIAUSDT","0-12,14-18,21-23",300,True,active,0,0,0,0,0.0,,1,-1.851881,51,7,6,0.333333,0.442453,-6.09261,0.0,0
2026-05-31T07:53:57.682070+00:00,inj_fast_tia_standard,forward_optimized_long_ms_inj_fast_tia_standard,persist,"INJUSDT,TIAUSDT","0-12,14-18,21-23","{'INJUSDT': 300, 'TIAUSDT': 600}",True,active,0,0,0,0,0.0,,2,-5.386421,0,9,7,0.571429,0.993058,-0.055584,0.0,0
2026-05-31T07:53:57.708461+00:00,inj_fast_time_stop,forward_optimized_long_ms_inj_fast_ts300,persist,INJUSDT,"0-12,14-18,21-23",300,True,active,0,0,0,0,0.0,,1,-1.851881,0,8,7,0.571429,2.115314,4.1925,0.0,0
2026-05-31T07:53:57.732289+00:00,tia_fast_time_stop,forward_optimized_long_ms_tia_fast_ts300,persist,TIAUSDT,"0-12,14-18,21-23",300,True,active,0,0,0,0,0.0,,0,0,51,2,2,0.0,0.0,-6.6894,0.0,0
2026-05-31T07:53:57.759805+00:00,inj_only,forward_optimized_long_ms_inj_only,persist,INJUSDT,"0-12,14-18,21-23",,True,active,0,0,0,0,0.0,,1,-3.56264,0,5,4,0.75,6.478493,18.056416,0.0,0
2026-05-31T07:53:57.785813+00:00,tia_only,forward_optimized_long_ms_tia_only,persist,TIAUSDT,"0-12,14-18,21-23",,True,active,0,0,0,0,0.0,,1,-3.53454,0,3,2,0.5,1.154379,0.766695,0.0,0
2026-05-31T07:53:57.817554+00:00,near_only_observation,forward_optimized_long_ms_near_only_observation,persist,NEARUSDT,"0-12,14-18,21-23",,True,active,0,0,0,0,0.0,,0,0,35,6,6,0.5,0.249969,-9.256082,0.0,0
2026-05-31T07:53:58.477551+00:00,utc_01_cluster,forward_optimized_long_ms_utc01,persist,"INJUSDT,NEARUSDT,TIAUSDT",1,,True,active,0,0,0,0,0.0,,0,0,1681,2,2,0.5,0.329114,-3.331841,0.0,0
2026-05-31T07:59:00.443250+00:00,baseline,forward_optimized_long_ms_baseline,persist,"INJUSDT,NEARUSDT,TIAUSDT",,,True,active,1,0,0,0,0.0,,2,-7.014875,40,11,9,0.555556,0.878254,-1.887044,0.0,0
2026-05-31T07:59:01.101350+00:00,regime_filtered,forward_optimized_long_ms_regime_filtered,persist,"INJUSDT,NEARUSDT,TIAUSDT","0-12,14-18,21-23",,True,active,1,0,0,0,0.0,,2,-7.014875,40,11,9,0.555556,0.664959,-6.858824,0.0,0
2026-05-31T07:59:01.465056+00:00,inj_tia_regime_filtered,forward_optimized_long_ms_inj_tia_regime,persist,"INJUSDT,TIAUSDT","0-12,14-18,21-23",,True,active,1,0,0,0,0.0,,2,-4.241793,3,11,9,0.555556,1.848254,11.768097,0.0,0
2026-05-31T07:59:03.475887+00:00,inj_tia_plus_candidates,forward_optimized_long_ms_inj_tia_plus_candidates,persist,"INJUSDT,TIAUSDT,JUPUSDT,BOMEUSDT","0-12,14-18,21-23",,True,active,1,0,0,0,0.0,,2,-7.014875,1602,6,4,0.75,3.983276,14.815925,0.0,0
2026-05-31T07:59:03.819903+00:00,inj_tia_fast_time_stop,forward_optimized_long_ms_inj_tia_fast_ts300,persist,"INJUSDT,TIAUSDT","0-12,14-18,21-23",300,True,active,1,0,0,0,0.0,,1,-1.767705,54,7,6,0.333333,0.442453,-6.09261,0.0,0
2026-05-31T07:59:04.159707+00:00,inj_fast_tia_standard,forward_optimized_long_ms_inj_fast_tia_standard,persist,"INJUSDT,TIAUSDT","0-12,14-18,21-23","{'INJUSDT': 300, 'TIAUSDT': 600}",True,active,1,0,0,0,0.0,,2,-5.302245,3,9,7,0.571429,0.993058,-0.055584,0.0,0
2026-05-31T07:59:04.190029+00:00,inj_fast_time_stop,forward_optimized_long_ms_inj_fast_ts300,persist,INJUSDT,"0-12,14-18,21-23",300,True,active,1,0,0,0,0.0,,1,-1.767705,3,8,7,0.571429,2.115314,4.1925,0.0,0
2026-05-31T07:59:04.213754+00:00,tia_fast_time_stop,forward_optimized_long_ms_tia_fast_ts300,persist,TIAUSDT,"0-12,14-18,21-23",300,True,active,0,0,0,0,0.0,,0,0,51,2,2,0.0,0.0,-6.6894,0.0,0
2026-05-31T07:59:04.243772+00:00,inj_only,forward_optimized_long_ms_inj_only,persist,INJUSDT,"0-12,14-18,21-23",,True,active,1,0,0,0,0.0,,1,-3.480335,3,5,4,0.75,6.478493,18.056416,0.0,0
2026-05-31T07:59:04.269951+00:00,tia_only,forward_optimized_long_ms_tia_only,persist,TIAUSDT,"0-12,14-18,21-23",,True,active,0,0,0,0,0.0,,1,-3.53454,0,3,2,0.5,1.154379,0.766695,0.0,0
2026-05-31T07:59:04.303580+00:00,near_only_observation,forward_optimized_long_ms_near_only_observation,persist,NEARUSDT,"0-12,14-18,21-23",,True,active,0,0,0,0,0.0,,0,0,37,6,6,0.5,0.249969,-9.256082,0.0,0
2026-05-31T07:59:04.965935+00:00,utc_01_cluster,forward_optimized_long_ms_utc01,persist,"INJUSDT,NEARUSDT,TIAUSDT",1,,True,active,0,0,0,0,0.0,,0,0,1683,2,2,0.5,0.329114,-3.331841,0.0,0
2026-05-31T08:04:06.709611+00:00,baseline,forward_optimized_long_ms_baseline,persist,"INJUSDT,NEARUSDT,TIAUSDT",,,True,active,1,0,0,0,0.0,,2,-6.897296,38,11,9,0.555556,0.878254,-1.887044,0.0,0
2026-05-31T08:04:07.346051+00:00,regime_filtered,forward_optimized_long_ms_regime_filtered,persist,"INJUSDT,NEARUSDT,TIAUSDT","0-12,14-18,21-23",,True,active,1,0,0,0,0.0,,2,-6.897296,38,11,9,0.555556,0.664959,-6.858824,0.0,0
2026-05-31T08:04:07.698752+00:00,inj_tia_regime_filtered,forward_optimized_long_ms_inj_tia_regime,persist,"INJUSDT,TIAUSDT","0-12,14-18,21-23",,True,active,1,0,0,0,0.0,,2,-4.119852,1,11,9,0.555556,1.848254,11.768097,0.0,0
2026-05-31T08:04:09.506330+00:00,inj_tia_plus_candidates,forward_optimized_long_ms_inj_tia_plus_candidates,persist,"INJUSDT,TIAUSDT,JUPUSDT,BOMEUSDT","0-12,14-18,21-23",,True,active,1,0,0,0,0.0,,2,-6.897296,1600,6,4,0.75,3.983276,14.815925,0.0,0
2026-05-31T08:04:09.857182+00:00,inj_tia_fast_time_stop,forward_optimized_long_ms_inj_tia_fast_ts300,persist,"INJUSDT,TIAUSDT","0-12,14-18,21-23",300,True,active,1,0,0,0,0.0,,1,-1.647453,52,7,6,0.333333,0.442453,-6.09261,0.0,0
2026-05-31T08:04:10.208507+00:00,inj_fast_tia_standard,forward_optimized_long_ms_inj_fast_tia_standard,persist,"INJUSDT,TIAUSDT","0-12,14-18,21-23","{'INJUSDT': 300, 'TIAUSDT': 600}",True,active,1,0,0,0,0.0,,2,-5.181993,1,9,7,0.571429,0.993058,-0.055584,0.0,0
2026-05-31T08:04:10.257226+00:00,inj_fast_time_stop,forward_optimized_long_ms_inj_fast_ts300,persist,INJUSDT,"0-12,14-18,21-23",300,True,active,1,0,0,0,0.0,,1,-1.647453,1,8,7,0.571429,2.115314,4.1925,0.0,0
2026-05-31T08:04:10.288904+00:00,tia_fast_time_stop,forward_optimized_long_ms_tia_fast_ts300,persist,TIAUSDT,"0-12,14-18,21-23",300,True,active,0,0,0,0,0.0,,0,0,51,2,2,0.0,0.0,-6.6894,0.0,0
2026-05-31T08:04:10.332696+00:00,inj_only,forward_optimized_long_ms_inj_only,persist,INJUSDT,"0-12,14-18,21-23",,True,active,1,0,0,0,0.0,,1,-3.362756,1,5,4,0.75,6.478493,18.056416,0.0,0
2026-05-31T08:04:10.378992+00:00,tia_only,forward_optimized_long_ms_tia_only,persist,TIAUSDT,"0-12,14-18,21-23",,True,active,0,0,0,0,0.0,,1,-3.53454,0,3,2,0.5,1.154379,0.766695,0.0,0
2026-05-31T08:04:10.436150+00:00,near_only_observation,forward_optimized_long_ms_near_only_observation,persist,NEARUSDT,"0-12,14-18,21-23",,True,active,0,0,0,0,0.0,,0,0,37,6,6,0.5,0.249969,-9.256082,0.0,0
2026-05-31T08:04:11.142828+00:00,utc_01_cluster,forward_optimized_long_ms_utc01,persist,"INJUSDT,NEARUSDT,TIAUSDT",1,,True,active,0,0,0,0,0.0,,0,0,1683,2,2,0.5,0.329114,-3.331841,0.0,0
2026-05-31T08:09:12.850484+00:00,baseline,forward_optimized_long_ms_baseline,persist,"INJUSDT,NEARUSDT,TIAUSDT",,,True,active,0,0,0,0,0.0,,2,-6.897296,37,11,9,0.555556,0.878254,-1.887044,0.0,0
2026-05-31T08:09:13.497330+00:00,regime_filtered,forward_optimized_long_ms_regime_filtered,persist,"INJUSDT,NEARUSDT,TIAUSDT","0-12,14-18,21-23",,True,active,0,0,0,0,0.0,,2,-6.897296,37,11,9,0.555556,0.664959,-6.858824,0.0,0
2026-05-31T08:09:13.850644+00:00,inj_tia_regime_filtered,forward_optimized_long_ms_inj_tia_regime,persist,"INJUSDT,TIAUSDT","0-12,14-18,21-23",,True,active,0,0,0,0,0.0,,2,-4.119852,0,11,9,0.555556,1.848254,11.768097,0.0,0
2026-05-31T08:09:15.428894+00:00,inj_tia_plus_candidates,forward_optimized_long_ms_inj_tia_plus_candidates,persist,"INJUSDT,TIAUSDT,JUPUSDT,BOMEUSDT","0-12,14-18,21-23",,True,active,0,0,0,0,0.0,,2,-6.897296,1599,6,4,0.75,3.983276,14.815925,0.0,0
2026-05-31T08:09:15.769472+00:00,inj_tia_fast_time_stop,forward_optimized_long_ms_inj_tia_fast_ts300,persist,"INJUSDT,TIAUSDT","0-12,14-18,21-23",300,True,active,0,0,0,0,0.0,,1,-1.647453,51,7,6,0.333333,0.442453,-6.09261,0.0,0
2026-05-31T08:09:16.109153+00:00,inj_fast_tia_standard,forward_optimized_long_ms_inj_fast_tia_standard,persist,"INJUSDT,TIAUSDT","0-12,14-18,21-23","{'INJUSDT': 300, 'TIAUSDT': 600}",True,active,0,0,0,0,0.0,,2,-5.181993,0,9,7,0.571429,0.993058,-0.055584,0.0,0
2026-05-31T08:09:16.136785+00:00,inj_fast_time_stop,forward_optimized_long_ms_inj_fast_ts300,persist,INJUSDT,"0-12,14-18,21-23",300,True,active,0,0,0,0,0.0,,1,-1.647453,0,8,7,0.571429,2.115314,4.1925,0.0,0
2026-05-31T08:09:16.162511+00:00,tia_fast_time_stop,forward_optimized_long_ms_tia_fast_ts300,persist,TIAUSDT,"0-12,14-18,21-23",300,True,active,0,0,0,0,0.0,,0,0,51,2,2,0.0,0.0,-6.6894,0.0,0
2026-05-31T08:09:16.192095+00:00,inj_only,forward_optimized_long_ms_inj_only,persist,INJUSDT,"0-12,14-18,21-23",,True,active,0,0,0,0,0.0,,1,-3.362756,0,5,4,0.75,6.478493,18.056416,0.0,0
2026-05-31T08:09:16.219437+00:00,tia_only,forward_optimized_long_ms_tia_only,persist,TIAUSDT,"0-12,14-18,21-23",,True,active,0,0,0,0,0.0,,1,-3.53454,0,3,2,0.5,1.154379,0.766695,0.0,0
2026-05-31T08:09:16.253162+00:00,near_only_observation,forward_optimized_long_ms_near_only_observation,persist,NEARUSDT,"0-12,14-18,21-23",,True,active,0,0,0,0,0.0,,0,0,37,6,6,0.5,0.249969,-9.256082,0.0,0
2026-05-31T08:09:16.914493+00:00,utc_01_cluster,forward_optimized_long_ms_utc01,persist,"INJUSDT,NEARUSDT,TIAUSDT",1,,True,active,0,0,0,0,0.0,,0,0,1683,2,2,0.5,0.329114,-3.331841,0.0,0
2026-05-31T08:14:18.847434+00:00,baseline,forward_optimized_long_ms_baseline,persist,"INJUSDT,NEARUSDT,TIAUSDT",,,True,active,0,0,0,0,0.0,,2,-6.897296,60,11,9,0.555556,0.878254,-1.887044,0.0,0
2026-05-31T08:14:19.483006+00:00,regime_filtered,forward_optimized_long_ms_regime_filtered,persist,"INJUSDT,NEARUSDT,TIAUSDT","0-12,14-18,21-23",,True,active,0,0,0,0,0.0,,2,-6.897296,60,11,9,0.555556,0.664959,-6.858824,0.0,0
2026-05-31T08:14:19.836227+00:00,inj_tia_regime_filtered,forward_optimized_long_ms_inj_tia_regime,persist,"INJUSDT,TIAUSDT","0-12,14-18,21-23",,True,active,0,0,0,0,0.0,,2,-4.119852,0,11,9,0.555556,1.848254,11.768097,0.0,0
2026-05-31T08:14:21.510514+00:00,inj_tia_plus_candidates,forward_optimized_long_ms_inj_tia_plus_candidates,persist,"INJUSDT,TIAUSDT,JUPUSDT,BOMEUSDT","0-12,14-18,21-23",,True,active,0,0,0,0,0.0,,2,-6.897296,1599,6,4,0.75,3.983276,14.815925,0.0,0
2026-05-31T08:14:21.859869+00:00,inj_tia_fast_time_stop,forward_optimized_long_ms_inj_tia_fast_ts300,persist,"INJUSDT,TIAUSDT","0-12,14-18,21-23",300,True,active,0,0,0,0,0.0,,1,-1.647453,51,7,6,0.333333,0.442453,-6.09261,0.0,0
2026-05-31T08:14:22.206885+00:00,inj_fast_tia_standard,forward_optimized_long_ms_inj_fast_tia_standard,persist,"INJUSDT,TIAUSDT","0-12,14-18,21-23","{'INJUSDT': 300, 'TIAUSDT': 600}",True,active,0,0,0,0,0.0,,2,-5.181993,0,9,7,0.571429,0.993058,-0.055584,0.0,0
2026-05-31T08:14:22.251759+00:00,inj_fast_time_stop,forward_optimized_long_ms_inj_fast_ts300,persist,INJUSDT,"0-12,14-18,21-23",300,True,active,0,0,0,0,0.0,,1,-1.647453,0,8,7,0.571429,2.115314,4.1925,0.0,0
2026-05-31T08:14:22.291569+00:00,tia_fast_time_stop,forward_optimized_long_ms_tia_fast_ts300,persist,TIAUSDT,"0-12,14-18,21-23",300,True,active,0,0,0,0,0.0,,0,0,51,2,2,0.0,0.0,-6.6894,0.0,0
2026-05-31T08:14:22.329430+00:00,inj_only,forward_optimized_long_ms_inj_only,persist,INJUSDT,"0-12,14-18,21-23",,True,active,0,0,0,0,0.0,,1,-3.362756,0,5,4,0.75,6.478493,18.056416,0.0,0
2026-05-31T08:14:22.356152+00:00,tia_only,forward_optimized_long_ms_tia_only,persist,TIAUSDT,"0-12,14-18,21-23",,True,active,0,0,0,0,0.0,,1,-3.53454,0,3,2,0.5,1.154379,0.766695,0.0,0
2026-05-31T08:14:22.390166+00:00,near_only_observation,forward_optimized_long_ms_near_only_observation,persist,NEARUSDT,"0-12,14-18,21-23",,True,active,0,0,0,0,0.0,,0,0,60,6,6,0.5,0.249969,-9.256082,0.0,0
2026-05-31T08:14:23.053253+00:00,utc_01_cluster,forward_optimized_long_ms_utc01,persist,"INJUSDT,NEARUSDT,TIAUSDT",1,,True,active,0,0,0,0,0.0,,0,0,1706,2,2,0.5,0.329114,-3.331841,0.0,0
2026-05-31T08:19:24.783192+00:00,baseline,forward_optimized_long_ms_baseline,persist,"INJUSDT,NEARUSDT,TIAUSDT",,,True,active,0,0,0,0,0.0,,2,-6.897296,61,11,9,0.555556,0.878254,-1.887044,0.0,0
2026-05-31T08:19:25.432173+00:00,regime_filtered,forward_optimized_long_ms_regime_filtered,persist,"INJUSDT,NEARUSDT,TIAUSDT","0-12,14-18,21-23",,True,active,0,0,0,0,0.0,,2,-6.897296,61,11,9,0.555556,0.664959,-6.858824,0.0,0
2026-05-31T08:19:25.783212+00:00,inj_tia_regime_filtered,forward_optimized_long_ms_inj_tia_regime,persist,"INJUSDT,TIAUSDT","0-12,14-18,21-23",,True,active,0,0,0,0,0.0,,2,-4.119852,0,11,9,0.555556,1.848254,11.768097,0.0,0
2026-05-31T08:19:27.752561+00:00,inj_tia_plus_candidates,forward_optimized_long_ms_inj_tia_plus_candidates,persist,"INJUSDT,TIAUSDT,JUPUSDT,BOMEUSDT","0-12,14-18,21-23",,True,active,0,0,0,0,0.0,,2,-6.897296,1599,6,4,0.75,3.983276,14.815925,0.0,0
2026-05-31T08:19:28.097905+00:00,inj_tia_fast_time_stop,forward_optimized_long_ms_inj_tia_fast_ts300,persist,"INJUSDT,TIAUSDT","0-12,14-18,21-23",300,True,active,0,0,0,0,0.0,,1,-1.647453,51,7,6,0.333333,0.442453,-6.09261,0.0,0
2026-05-31T08:19:28.436384+00:00,inj_fast_tia_standard,forward_optimized_long_ms_inj_fast_tia_standard,persist,"INJUSDT,TIAUSDT","0-12,14-18,21-23","{'INJUSDT': 300, 'TIAUSDT': 600}",True,active,0,0,0,0,0.0,,2,-5.181993,0,9,7,0.571429,0.993058,-0.055584,0.0,0
2026-05-31T08:19:28.463491+00:00,inj_fast_time_stop,forward_optimized_long_ms_inj_fast_ts300,persist,INJUSDT,"0-12,14-18,21-23",300,True,active,0,0,0,0,0.0,,1,-1.647453,0,8,7,0.571429,2.115314,4.1925,0.0,0
2026-05-31T08:19:28.487702+00:00,tia_fast_time_stop,forward_optimized_long_ms_tia_fast_ts300,persist,TIAUSDT,"0-12,14-18,21-23",300,True,active,0,0,0,0,0.0,,0,0,51,2,2,0.0,0.0,-6.6894,0.0,0
2026-05-31T08:19:28.517299+00:00,inj_only,forward_optimized_long_ms_inj_only,persist,INJUSDT,"0-12,14-18,21-23",,True,active,0,0,0,0,0.0,,1,-3.362756,0,5,4,0.75,6.478493,18.056416,0.0,0
2026-05-31T08:19:28.556461+00:00,tia_only,forward_optimized_long_ms_tia_only,persist,TIAUSDT,"0-12,14-18,21-23",,True,active,0,0,0,0,0.0,,1,-3.53454,0,3,2,0.5,1.154379,0.766695,0.0,0
2026-05-31T08:19:28.604327+00:00,near_only_observation,forward_optimized_long_ms_near_only_observation,persist,NEARUSDT,"0-12,14-18,21-23",,True,active,0,0,0,0,0.0,,0,0,61,6,6,0.5,0.249969,-9.256082,0.0,0
2026-05-31T08:19:29.312024+00:00,utc_01_cluster,forward_optimized_long_ms_utc01,persist,"INJUSDT,NEARUSDT,TIAUSDT",1,,True,active,0,0,0,0,0.0,,0,0,1707,2,2,0.5,0.329114,-3.331841,0.0,0
2026-05-31T08:24:31.064498+00:00,baseline,forward_optimized_long_ms_baseline,persist,"INJUSDT,NEARUSDT,TIAUSDT",,,True,active,0,0,0,0,0.0,,2,-6.897296,62,11,9,0.555556,0.878254,-1.887044,0.0,0
2026-05-31T08:24:31.716099+00:00,regime_filtered,forward_optimized_long_ms_regime_filtered,persist,"INJUSDT,NEARUSDT,TIAUSDT","0-12,14-18,21-23",,True,active,0,0,0,0,0.0,,2,-6.897296,62,11,9,0.555556,0.664959,-6.858824,0.0,0
2026-05-31T08:24:32.061376+00:00,inj_tia_regime_filtered,forward_optimized_long_ms_inj_tia_regime,persist,"INJUSDT,TIAUSDT","0-12,14-18,21-23",,True,active,0,0,0,0,0.0,,2,-4.119852,0,11,9,0.555556,1.848254,11.768097,0.0,0
2026-05-31T08:24:33.853429+00:00,inj_tia_plus_candidates,forward_optimized_long_ms_inj_tia_plus_candidates,persist,"INJUSDT,TIAUSDT,JUPUSDT,BOMEUSDT","0-12,14-18,21-23",,True,active,0,0,0,0,0.0,,2,-6.897296,1599,6,4,0.75,3.983276,14.815925,0.0,0
2026-05-31T08:24:34.203910+00:00,inj_tia_fast_time_stop,forward_optimized_long_ms_inj_tia_fast_ts300,persist,"INJUSDT,TIAUSDT","0-12,14-18,21-23",300,True,active,0,0,0,0,0.0,,1,-1.647453,51,7,6,0.333333,0.442453,-6.09261,0.0,0
2026-05-31T08:24:34.554854+00:00,inj_fast_tia_standard,forward_optimized_long_ms_inj_fast_tia_standard,persist,"INJUSDT,TIAUSDT","0-12,14-18,21-23","{'INJUSDT': 300, 'TIAUSDT': 600}",True,active,0,0,0,0,0.0,,2,-5.181993,0,9,7,0.571429,0.993058,-0.055584,0.0,0
2026-05-31T08:24:34.602048+00:00,inj_fast_time_stop,forward_optimized_long_ms_inj_fast_ts300,persist,INJUSDT,"0-12,14-18,21-23",300,True,active,0,0,0,0,0.0,,1,-1.647453,0,8,7,0.571429,2.115314,4.1925,0.0,0
2026-05-31T08:24:34.638404+00:00,tia_fast_time_stop,forward_optimized_long_ms_tia_fast_ts300,persist,TIAUSDT,"0-12,14-18,21-23",300,True,active,0,0,0,0,0.0,,0,0,51,2,2,0.0,0.0,-6.6894,0.0,0
2026-05-31T08:24:34.671310+00:00,inj_only,forward_optimized_long_ms_inj_only,persist,INJUSDT,"0-12,14-18,21-23",,True,active,0,0,0,0,0.0,,1,-3.362756,0,5,4,0.75,6.478493,18.056416,0.0,0
2026-05-31T08:24:34.698062+00:00,tia_only,forward_optimized_long_ms_tia_only,persist,TIAUSDT,"0-12,14-18,21-23",,True,active,0,0,0,0,0.0,,1,-3.53454,0,3,2,0.5,1.154379,0.766695,0.0,0
2026-05-31T08:24:34.735841+00:00,near_only_observation,forward_optimized_long_ms_near_only_observation,persist,NEARUSDT,"0-12,14-18,21-23",,True,active,0,0,0,0,0.0,,0,0,62,6,6,0.5,0.249969,-9.256082,0.0,0
2026-05-31T08:24:35.414308+00:00,utc_01_cluster,forward_optimized_long_ms_utc01,persist,"INJUSDT,NEARUSDT,TIAUSDT",1,,True,active,0,0,0,0,0.0,,0,0,1708,2,2,0.5,0.329114,-3.331841,0.0,0
2026-05-31T21:22:34.454503+00:00,inj_tia_regime_filtered,forward_optimized_long_ms_inj_tia_regime,persist,"INJUSDT,TIAUSDT","0-12,14-18,21-23",,True,active,4,0,0,1,-5.084728,0.0,2,-0.600683,297,12,10,0.5,1.352535,6.683369,0.0,0
2026-05-31T21:27:35.968024+00:00,inj_tia_regime_filtered,forward_optimized_long_ms_inj_tia_regime,persist,"INJUSDT,TIAUSDT","0-12,14-18,21-23",,True,active,1,0,0,0,0.0,,2,-0.539713,2,12,10,0.5,1.352535,6.683369,0.0,0
2026-05-31T21:32:37.473544+00:00,inj_tia_regime_filtered,forward_optimized_long_ms_inj_tia_regime,persist,"INJUSDT,TIAUSDT","0-12,14-18,21-23",,True,active,2,0,0,0,0.0,,2,-0.147383,3,12,10,0.5,1.352535,6.683369,0.0,0
2026-05-31T21:37:38.649331+00:00,inj_tia_regime_filtered,forward_optimized_long_ms_inj_tia_regime,persist,"INJUSDT,TIAUSDT","0-12,14-18,21-23",,True,active,1,0,0,0,0.0,,2,-0.232741,1,12,10,0.5,1.352535,6.683369,0.0,0
2026-05-31T21:42:40.001882+00:00,inj_tia_regime_filtered,forward_optimized_long_ms_inj_tia_regime,persist,"INJUSDT,TIAUSDT","0-12,14-18,21-23",,True,active,1,0,0,0,0.0,,2,0.279408,3,12,10,0.5,1.352535,6.683369,0.0,0
2026-05-31T21:47:40.949815+00:00,inj_tia_regime_filtered,forward_optimized_long_ms_inj_tia_regime,persist,"INJUSDT,TIAUSDT","0-12,14-18,21-23",,True,active,2,0,0,0,0.0,,2,1.228953,2,12,10,0.5,1.352535,6.683369,0.0,0
2026-05-31T21:52:41.919113+00:00,inj_tia_regime_filtered,forward_optimized_long_ms_inj_tia_regime,persist,"INJUSDT,TIAUSDT","0-12,14-18,21-23",,True,active,2,0,0,0,0.0,,2,0.849349,2,12,10,0.5,1.352535,6.683369,0.0,0
2026-05-31T21:57:42.871715+00:00,inj_tia_regime_filtered,forward_optimized_long_ms_inj_tia_regime,persist,"INJUSDT,TIAUSDT","0-12,14-18,21-23",,True,active,1,0,0,0,0.0,,2,0.166485,1,12,10,0.5,1.352535,6.683369,0.0,0
2026-05-31T22:02:44.253486+00:00,inj_tia_regime_filtered,forward_optimized_long_ms_inj_tia_regime,persist,"INJUSDT,TIAUSDT","0-12,14-18,21-23",,True,active,1,0,0,0,0.0,,2,0.227455,1,12,10,0.5,1.352535,6.683369,0.0,0
2026-05-31T22:07:45.201710+00:00,inj_tia_regime_filtered,forward_optimized_long_ms_inj_tia_regime,persist,"INJUSDT,TIAUSDT","0-12,14-18,21-23",,True,active,1,0,0,0,0.0,,2,0.325007,1,12,10,0.5,1.352535,6.683369,0.0,0
2026-05-31T22:12:46.194132+00:00,inj_tia_regime_filtered,forward_optimized_long_ms_inj_tia_regime,persist,"INJUSDT,TIAUSDT","0-12,14-18,21-23",,True,active,1,0,0,0,0.0,,2,1.020066,1,12,10,0.5,1.352535,6.683369,0.0,0
2026-05-31T22:17:47.396897+00:00,inj_tia_regime_filtered,forward_optimized_long_ms_inj_tia_regime,persist,"INJUSDT,TIAUSDT","0-12,14-18,21-23",,True,active,1,0,0,0,0.0,,2,1.66105,5,12,10,0.5,1.352535,6.683369,0.0,0
2026-05-31T22:22:48.357075+00:00,inj_tia_regime_filtered,forward_optimized_long_ms_inj_tia_regime,persist,"INJUSDT,TIAUSDT","0-12,14-18,21-23",,True,active,1,0,0,0,0.0,,2,1.197677,1,12,10,0.5,1.352535,6.683369,0.0,0
2026-05-31T22:27:49.541934+00:00,inj_tia_regime_filtered,forward_optimized_long_ms_inj_tia_regime,persist,"INJUSDT,TIAUSDT","0-12,14-18,21-23",,True,active,0,0,0,0,0.0,,2,1.197677,0,12,10,0.5,1.352535,6.683369,0.0,0
2026-05-31T22:32:51.120476+00:00,inj_tia_regime_filtered,forward_optimized_long_ms_inj_tia_regime,persist,"INJUSDT,TIAUSDT","0-12,14-18,21-23",,True,active,0,0,0,0,0.0,,2,1.197677,0,12,10,0.5,1.352535,6.683369,0.0,0
2026-05-31T22:37:52.083164+00:00,inj_tia_regime_filtered,forward_optimized_long_ms_inj_tia_regime,persist,"INJUSDT,TIAUSDT","0-12,14-18,21-23",,True,active,0,0,0,0,0.0,,2,1.197677,0,12,10,0.5,1.352535,6.683369,0.0,0
2026-05-31T22:42:53.060503+00:00,inj_tia_regime_filtered,forward_optimized_long_ms_inj_tia_regime,persist,"INJUSDT,TIAUSDT","0-12,14-18,21-23",,True,active,0,0,0,0,0.0,,2,1.197677,0,12,10,0.5,1.352535,6.683369,0.0,0
2026-05-31T22:47:54.667473+00:00,inj_tia_regime_filtered,forward_optimized_long_ms_inj_tia_regime,persist,"INJUSDT,TIAUSDT","0-12,14-18,21-23",,True,active,0,0,0,0,0.0,,2,1.197677,0,12,10,0.5,1.352535,6.683369,0.0,0
2026-05-31T22:52:55.645850+00:00,inj_tia_regime_filtered,forward_optimized_long_ms_inj_tia_regime,persist,"INJUSDT,TIAUSDT","0-12,14-18,21-23",,True,active,0,0,0,0,0.0,,2,1.197677,0,12,10,0.5,1.352535,6.683369,0.0,0
2026-05-31T22:57:56.625933+00:00,inj_tia_regime_filtered,forward_optimized_long_ms_inj_tia_regime,persist,"INJUSDT,TIAUSDT","0-12,14-18,21-23",,True,active,1,0,0,0,0.0,,2,2.33172,1,12,10,0.5,1.352535,6.683369,0.0,0
2026-05-31T23:02:57.641845+00:00,inj_tia_regime_filtered,forward_optimized_long_ms_inj_tia_regime,persist,"INJUSDT,TIAUSDT","0-12,14-18,21-23",,True,active,2,0,0,0,0.0,,2,2.681107,6,12,10,0.5,1.352535,6.683369,0.0,0
2026-05-31T23:07:59.266429+00:00,inj_tia_regime_filtered,forward_optimized_long_ms_inj_tia_regime,persist,"INJUSDT,TIAUSDT","0-12,14-18,21-23",,True,active,1,0,0,0,0.0,,2,2.846522,1,12,10,0.5,1.352535,6.683369,0.0,0
2026-05-31T23:13:00.225769+00:00,inj_tia_regime_filtered,forward_optimized_long_ms_inj_tia_regime,persist,"INJUSDT,TIAUSDT","0-12,14-18,21-23",,True,active,0,0,0,0,0.0,,2,2.846522,0,12,10,0.5,1.352535,6.683369,0.0,0
2026-05-31T23:18:02.070606+00:00,inj_tia_regime_filtered,forward_optimized_long_ms_inj_tia_regime,persist,"INJUSDT,TIAUSDT","0-12,14-18,21-23",,True,active,0,0,0,0,0.0,,2,2.846522,0,12,10,0.5,1.352535,6.683369,0.0,0
2026-05-31T23:23:03.057905+00:00,inj_tia_regime_filtered,forward_optimized_long_ms_inj_tia_regime,persist,"INJUSDT,TIAUSDT","0-12,14-18,21-23",,True,active,0,0,0,0,0.0,,2,2.846522,0,12,10,0.5,1.352535,6.683369,0.0,0
2026-05-31T23:28:04.029740+00:00,inj_tia_regime_filtered,forward_optimized_long_ms_inj_tia_regime,persist,"INJUSDT,TIAUSDT","0-12,14-18,21-23",,True,active,1,0,0,0,0.0,,2,2.308922,1,12,10,0.5,1.352535,6.683369,0.0,0
2026-05-31T23:33:05.021596+00:00,inj_tia_regime_filtered,forward_optimized_long_ms_inj_tia_regime,persist,"INJUSDT,TIAUSDT","0-12,14-18,21-23",,True,active,2,0,0,0,0.0,,2,0.715215,5,12,10,0.5,1.352535,6.683369,0.0,0
2026-05-31T23:38:06.630438+00:00,inj_tia_regime_filtered,forward_optimized_long_ms_inj_tia_regime,persist,"INJUSDT,TIAUSDT","0-12,14-18,21-23",,True,active,2,0,0,0,0.0,,2,0.253432,5,12,10,0.5,1.352535,6.683369,0.0,0
2026-05-31T23:43:08.213390+00:00,inj_tia_regime_filtered,forward_optimized_long_ms_inj_tia_regime,persist,"INJUSDT,TIAUSDT","0-12,14-18,21-23",,True,active,0,0,0,0,0.0,,2,0.253432,0,12,10,0.5,1.352535,6.683369,0.0,0
2026-05-31T23:48:09.236462+00:00,inj_tia_regime_filtered,forward_optimized_long_ms_inj_tia_regime,persist,"INJUSDT,TIAUSDT","0-12,14-18,21-23",,True,active,1,0,0,0,0.0,,2,0.985073,2,12,10,0.5,1.352535,6.683369,0.0,0
2026-05-31T23:53:10.218999+00:00,inj_tia_regime_filtered,forward_optimized_long_ms_inj_tia_regime,persist,"INJUSDT,TIAUSDT","0-12,14-18,21-23",,True,active,1,0,0,0,0.0,,2,0.716804,2,12,10,0.5,1.352535,6.683369,0.0,0
2026-05-31T23:58:11.832295+00:00,inj_tia_regime_filtered,forward_optimized_long_ms_inj_tia_regime,persist,"INJUSDT,TIAUSDT","0-12,14-18,21-23",,True,active,1,0,0,0,0.0,,2,1.337112,1,12,10,0.5,1.352535,6.683369,0.0,0
2026-06-01T00:03:13.230973+00:00,inj_tia_regime_filtered,forward_optimized_long_ms_inj_tia_regime,persist,"INJUSDT,TIAUSDT","0-12,14-18,21-23",,True,active,1,0,0,0,0.0,,2,1.715127,1,12,10,0.5,1.352535,6.683369,0.0,0
2026-06-01T00:08:14.841944+00:00,inj_tia_regime_filtered,forward_optimized_long_ms_inj_tia_regime,persist,"INJUSDT,TIAUSDT","0-12,14-18,21-23",,True,active,1,0,0,0,0.0,,2,2.335435,6,12,10,0.5,1.352535,6.683369,0.0,0
2026-06-01T00:13:16.445957+00:00,inj_tia_regime_filtered,forward_optimized_long_ms_inj_tia_regime,persist,"INJUSDT,TIAUSDT","0-12,14-18,21-23",,True,active,0,0,0,0,0.0,,2,2.335435,0,12,10,0.5,1.352535,6.683369,0.0,0
2026-06-01T00:18:18.061257+00:00,inj_tia_regime_filtered,forward_optimized_long_ms_inj_tia_regime,persist,"INJUSDT,TIAUSDT","0-12,14-18,21-23",,True,active,1,0,0,0,0.0,,2,2.273404,2,12,10,0.5,1.352535,6.683369,0.0,0
2026-06-01T00:23:19.045697+00:00,inj_tia_regime_filtered,forward_optimized_long_ms_inj_tia_regime,persist,"INJUSDT,TIAUSDT","0-12,14-18,21-23",,True,active,1,0,0,0,0.0,,2,1.715127,1,12,10,0.5,1.352535,6.683369,0.0,0
2026-06-01T00:28:20.208948+00:00,inj_tia_regime_filtered,forward_optimized_long_ms_inj_tia_regime,persist,"INJUSDT,TIAUSDT","0-12,14-18,21-23",,True,active,0,0,0,0,0.0,,2,1.715127,0,12,10,0.5,1.352535,6.683369,0.0,0
2026-06-01T00:33:21.193812+00:00,inj_tia_regime_filtered,forward_optimized_long_ms_inj_tia_regime,persist,"INJUSDT,TIAUSDT","0-12,14-18,21-23",,True,active,1,0,0,0,0.0,,2,2.335435,1,12,10,0.5,1.352535,6.683369,0.0,0
2026-06-01T00:38:22.802025+00:00,inj_tia_regime_filtered,forward_optimized_long_ms_inj_tia_regime,persist,"INJUSDT,TIAUSDT","0-12,14-18,21-23",,True,active,1,0,0,0,0.0,,2,1.689152,1,12,10,0.5,1.352535,6.683369,0.0,0
2026-06-01T00:43:24.146110+00:00,inj_tia_regime_filtered,forward_optimized_long_ms_inj_tia_regime,persist,"INJUSDT,TIAUSDT","0-12,14-18,21-23",,True,active,1,0,0,0,0.0,,2,1.068844,1,12,10,0.5,1.352535,6.683369,0.0,0
2026-06-01T00:48:25.727230+00:00,inj_tia_regime_filtered,forward_optimized_long_ms_inj_tia_regime,persist,"INJUSDT,TIAUSDT","0-12,14-18,21-23",,True,active,0,0,0,0,0.0,,2,1.068844,0,12,10,0.5,1.352535,6.683369,0.0,0
2026-06-01T00:53:27.013292+00:00,inj_tia_regime_filtered,forward_optimized_long_ms_inj_tia_regime,persist,"INJUSDT,TIAUSDT","0-12,14-18,21-23",,True,active,1,0,0,0,0.0,,2,1.337644,2,12,10,0.5,1.352535,6.683369,0.0,0
2026-06-01T00:58:28.192546+00:00,inj_tia_regime_filtered,forward_optimized_long_ms_inj_tia_regime,persist,"INJUSDT,TIAUSDT","0-12,14-18,21-23",,True,active,1,0,0,0,0.0,,2,1.471778,1,12,10,0.5,1.352535,6.683369,0.0,0
2026-06-01T01:03:29.173958+00:00,inj_tia_regime_filtered,forward_optimized_long_ms_inj_tia_regime,persist,"INJUSDT,TIAUSDT","0-12,14-18,21-23",,True,active,1,0,0,0,0.0,,2,1.301062,2,12,10,0.5,1.352535,6.683369,0.0,0
2026-06-01T01:08:30.787901+00:00,inj_tia_regime_filtered,forward_optimized_long_ms_inj_tia_regime,persist,"INJUSDT,TIAUSDT","0-12,14-18,21-23",,True,active,1,0,0,0,0.0,,2,1.32545,2,12,10,0.5,1.352535,6.683369,0.0,0
2026-06-01T01:13:32.599061+00:00,inj_tia_regime_filtered,forward_optimized_long_ms_inj_tia_regime,persist,"INJUSDT,TIAUSDT","0-12,14-18,21-23",,True,active,1,0,0,0,0.0,,2,0.545034,5,12,10,0.5,1.352535,6.683369,0.0,0
2026-06-01T01:18:33.584159+00:00,inj_tia_regime_filtered,forward_optimized_long_ms_inj_tia_regime,persist,"INJUSDT,TIAUSDT","0-12,14-18,21-23",,True,active,2,0,0,0,0.0,,2,-0.223723,2,12,10,0.5,1.352535,6.683369,0.0,0
2026-06-01T01:23:34.737494+00:00,inj_tia_regime_filtered,forward_optimized_long_ms_inj_tia_regime,persist,"INJUSDT,TIAUSDT","0-12,14-18,21-23",,True,active,1,0,0,0,0.0,,2,0.044545,2,12,10,0.5,1.352535,6.683369,0.0,0
2026-06-01T01:28:37.371665+00:00,inj_tia_regime_filtered,forward_optimized_long_ms_inj_tia_regime,persist,"INJUSDT,TIAUSDT","0-12,14-18,21-23",,True,active,1,0,0,0,0.0,,2,-0.100194,1,12,10,0.5,1.352535,6.683369,0.0,0
2026-06-01T01:33:38.338887+00:00,inj_tia_regime_filtered,forward_optimized_long_ms_inj_tia_regime,persist,"INJUSDT,TIAUSDT","0-12,14-18,21-23",,True,active,0,0,0,0,0.0,,2,-0.100194,0,12,10,0.5,1.352535,6.683369,0.0,0
2026-06-01T01:38:39.521816+00:00,inj_tia_regime_filtered,forward_optimized_long_ms_inj_tia_regime,persist,"INJUSDT,TIAUSDT","0-12,14-18,21-23",,True,active,0,0,0,0,0.0,,2,-0.100194,0,12,10,0.5,1.352535,6.683369,0.0,0
2026-06-01T01:43:40.514038+00:00,inj_tia_regime_filtered,forward_optimized_long_ms_inj_tia_regime,persist,"INJUSDT,TIAUSDT","0-12,14-18,21-23",,True,active,0,0,0,0,0.0,,2,-0.100194,0,12,10,0.5,1.352535,6.683369,0.0,0
2026-06-01T01:48:41.496542+00:00,inj_tia_regime_filtered,forward_optimized_long_ms_inj_tia_regime,persist,"INJUSDT,TIAUSDT","0-12,14-18,21-23",,True,active,1,0,0,0,0.0,,2,-0.100194,2,12,10,0.5,1.352535,6.683369,0.0,0
2026-06-01T01:53:42.651300+00:00,inj_tia_regime_filtered,forward_optimized_long_ms_inj_tia_regime,persist,"INJUSDT,TIAUSDT","0-12,14-18,21-23",,True,active,1,0,0,0,0.0,,2,0.15588,2,12,10,0.5,1.352535,6.683369,0.0,0
2026-06-01T01:58:43.844624+00:00,inj_tia_regime_filtered,forward_optimized_long_ms_inj_tia_regime,persist,"INJUSDT,TIAUSDT","0-12,14-18,21-23",,True,active,1,0,0,0,0.0,,2,-0.464427,13,12,10,0.5,1.352535,6.683369,0.0,0
2026-06-01T02:03:45.024075+00:00,inj_tia_regime_filtered,forward_optimized_long_ms_inj_tia_regime,persist,"INJUSDT,TIAUSDT","0-12,14-18,21-23",,True,active,0,0,0,0,0.0,,2,-0.464427,0,12,10,0.5,1.352535,6.683369,0.0,0
2026-06-01T02:08:46.020436+00:00,inj_tia_regime_filtered,forward_optimized_long_ms_inj_tia_regime,persist,"INJUSDT,TIAUSDT","0-12,14-18,21-23",,True,active,1,0,0,0,0.0,,2,0.754974,1,12,10,0.5,1.352535,6.683369,0.0,0
2026-06-01T02:13:47.208225+00:00,inj_tia_regime_filtered,forward_optimized_long_ms_inj_tia_regime,persist,"INJUSDT,TIAUSDT","0-12,14-18,21-23",,True,active,1,0,0,0,0.0,,2,1.127158,6,12,10,0.5,1.352535,6.683369,0.0,0
2026-06-01T02:18:48.410422+00:00,inj_tia_regime_filtered,forward_optimized_long_ms_inj_tia_regime,persist,"INJUSDT,TIAUSDT","0-12,14-18,21-23",,True,active,1,0,0,0,0.0,,2,-0.628779,8,12,10,0.5,1.352535,6.683369,0.0,0
2026-06-01T02:23:49.406674+00:00,inj_tia_regime_filtered,forward_optimized_long_ms_inj_tia_regime,persist,"INJUSDT,TIAUSDT","0-12,14-18,21-23",,True,active,1,0,0,0,0.0,,2,-0.299541,5,12,10,0.5,1.352535,6.683369,0.0,0
2026-06-01T02:28:50.601816+00:00,inj_tia_regime_filtered,forward_optimized_long_ms_inj_tia_regime,persist,"INJUSDT,TIAUSDT","0-12,14-18,21-23",,True,active,1,0,0,0,0.0,,2,0.139443,1,12,10,0.5,1.352535,6.683369,0.0,0
2026-06-01T02:33:51.640087+00:00,inj_tia_regime_filtered,forward_optimized_long_ms_inj_tia_regime,persist,"INJUSDT,TIAUSDT","0-12,14-18,21-23",,True,active,0,0,0,0,0.0,,2,0.139443,0,12,10,0.5,1.352535,6.683369,0.0,0
2026-06-01T02:38:52.992957+00:00,inj_tia_regime_filtered,forward_optimized_long_ms_inj_tia_regime,persist,"INJUSDT,TIAUSDT","0-12,14-18,21-23",,True,active,0,0,0,0,0.0,,2,0.139443,0,12,10,0.5,1.352535,6.683369,0.0,0
2026-06-01T02:43:54.604579+00:00,inj_tia_regime_filtered,forward_optimized_long_ms_inj_tia_regime,persist,"INJUSDT,TIAUSDT","0-12,14-18,21-23",,True,active,2,0,0,0,0.0,,2,2.166305,17,12,10,0.5,1.352535,6.683369,0.0,0
2026-06-01T02:48:55.610204+00:00,inj_tia_regime_filtered,forward_optimized_long_ms_inj_tia_regime,persist,"INJUSDT,TIAUSDT","0-12,14-18,21-23",,True,active,1,0,0,0,0.0,,2,1.702933,5,12,10,0.5,1.352535,6.683369,0.0,0
2026-06-01T02:53:56.580874+00:00,inj_tia_regime_filtered,forward_optimized_long_ms_inj_tia_regime,persist,"INJUSDT,TIAUSDT","0-12,14-18,21-23",,True,active,0,0,0,0,0.0,,2,1.702933,0,12,10,0.5,1.352535,6.683369,0.0,0
2026-06-01T02:58:57.552617+00:00,inj_tia_regime_filtered,forward_optimized_long_ms_inj_tia_regime,persist,"INJUSDT,TIAUSDT","0-12,14-18,21-23",,True,active,0,0,0,0,0.0,,2,1.702933,0,12,10,0.5,1.352535,6.683369,0.0,0
2026-06-01T03:03:58.532027+00:00,inj_tia_regime_filtered,forward_optimized_long_ms_inj_tia_regime,persist,"INJUSDT,TIAUSDT","0-12,14-18,21-23",,True,active,1,0,0,0,0.0,,2,2.080947,5,12,10,0.5,1.352535,6.683369,0.0,0
2026-06-01T03:08:59.649308+00:00,inj_tia_regime_filtered,forward_optimized_long_ms_inj_tia_regime,persist,"INJUSDT,TIAUSDT","0-12,14-18,21-23",,True,active,2,0,0,0,0.0,,2,3.278614,4,12,10,0.5,1.352535,6.683369,0.0,0
2026-06-01T03:14:00.604663+00:00,inj_tia_regime_filtered,forward_optimized_long_ms_inj_tia_regime,persist,"INJUSDT,TIAUSDT","0-12,14-18,21-23",,True,active,1,0,0,0,0.0,,2,3.010345,2,12,10,0.5,1.352535,6.683369,0.0,0
2026-06-01T03:19:01.585701+00:00,inj_tia_regime_filtered,forward_optimized_long_ms_inj_tia_regime,persist,"INJUSDT,TIAUSDT","0-12,14-18,21-23",,True,active,0,0,0,0,0.0,,2,3.010345,0,12,10,0.5,1.352535,6.683369,0.0,0
2026-06-01T03:24:02.786066+00:00,inj_tia_regime_filtered,forward_optimized_long_ms_inj_tia_regime,persist,"INJUSDT,TIAUSDT","0-12,14-18,21-23",,True,active,1,0,0,0,0.0,,2,3.485912,3,12,10,0.5,1.352535,6.683369,0.0,0
2026-06-01T03:29:03.754265+00:00,inj_tia_regime_filtered,forward_optimized_long_ms_inj_tia_regime,persist,"INJUSDT,TIAUSDT","0-12,14-18,21-23",,True,active,2,0,0,0,0.0,,2,3.612623,2,12,10,0.5,1.352535,6.683369,0.0,0
2026-06-01T03:34:04.771315+00:00,inj_tia_regime_filtered,forward_optimized_long_ms_inj_tia_regime,persist,"INJUSDT,TIAUSDT","0-12,14-18,21-23",,True,active,1,0,0,0,0.0,,2,3.9021,2,12,10,0.5,1.352535,6.683369,0.0,0
2026-06-01T03:39:05.720243+00:00,inj_tia_regime_filtered,forward_optimized_long_ms_inj_tia_regime,persist,"INJUSDT,TIAUSDT","0-12,14-18,21-23",,True,active,0,0,0,0,0.0,,2,3.9021,0,12,10,0.5,1.352535,6.683369,0.0,0
2026-06-01T03:42:12.483235+00:00,inj_tia_regime_filtered,forward_optimized_long_ms_inj_tia_regime,persist,"INJUSDT,TIAUSDT","0-12,14-18,21-23",,True,active,1,0,0,0,0.0,,2,3.178408,1,12,10,0.5,1.352535,6.683369,0.0,0
2026-06-01T03:47:14.057091+00:00,inj_tia_regime_filtered,forward_optimized_long_ms_inj_tia_regime,persist,"INJUSDT,TIAUSDT","0-12,14-18,21-23",,True,active,0,0,0,0,0.0,,2,3.178408,0,12,10,0.5,1.352535,6.683369,0.0,0
2026-06-01T03:52:14.994897+00:00,inj_tia_regime_filtered,forward_optimized_long_ms_inj_tia_regime,persist,"INJUSDT,TIAUSDT","0-12,14-18,21-23",,True,active,0,0,0,0,0.0,,2,3.178408,0,12,10,0.5,1.352535,6.683369,0.0,0
2026-06-01T03:57:15.933368+00:00,inj_tia_regime_filtered,forward_optimized_long_ms_inj_tia_regime,persist,"INJUSDT,TIAUSDT","0-12,14-18,21-23",,True,active,1,0,0,0,0.0,,2,2.239469,1,12,10,0.5,1.352535,6.683369,0.0,0
2026-06-01T04:02:17.293082+00:00,inj_tia_regime_filtered,forward_optimized_long_ms_inj_tia_regime,persist,"INJUSDT,TIAUSDT","0-12,14-18,21-23",,True,active,1,0,0,0,0.0,,2,2.260146,1,12,10,0.5,1.352535,6.683369,0.0,0
2026-06-01T04:07:18.817713+00:00,inj_tia_regime_filtered,forward_optimized_long_ms_inj_tia_regime,persist,"INJUSDT,TIAUSDT","0-12,14-18,21-23",,True,active,0,0,0,0,0.0,,2,2.260146,0,12,10,0.5,1.352535,6.683369,0.0,0
2026-06-01T04:12:19.940297+00:00,inj_tia_regime_filtered,forward_optimized_long_ms_inj_tia_regime,persist,"INJUSDT,TIAUSDT","0-12,14-18,21-23",,True,active,2,0,0,0,0.0,,2,1.507826,5,12,10,0.5,1.352535,6.683369,0.0,0
2026-06-01T04:17:21.082478+00:00,inj_tia_regime_filtered,forward_optimized_long_ms_inj_tia_regime,persist,"INJUSDT,TIAUSDT","0-12,14-18,21-23",,True,active,1,0,0,0,0.0,,2,1.434662,2,12,10,0.5,1.352535,6.683369,0.0,0
2026-06-01T04:22:22.649494+00:00,inj_tia_regime_filtered,forward_optimized_long_ms_inj_tia_regime,persist,"INJUSDT,TIAUSDT","0-12,14-18,21-23",,True,active,1,0,0,0,0.0,,2,0.814354,1,12,10,0.5,1.352535,6.683369,0.0,0
2026-06-01T04:27:24.219357+00:00,inj_tia_regime_filtered,forward_optimized_long_ms_inj_tia_regime,persist,"INJUSDT,TIAUSDT","0-12,14-18,21-23",,True,active,0,0,0,0,0.0,,2,0.814354,0,12,10,0.5,1.352535,6.683369,0.0,0
2026-06-01T04:32:25.129192+00:00,inj_tia_regime_filtered,forward_optimized_long_ms_inj_tia_regime,persist,"INJUSDT,TIAUSDT","0-12,14-18,21-23",,True,active,2,0,0,0,0.0,,2,0.130958,2,12,10,0.5,1.352535,6.683369,0.0,0
2026-06-01T04:37:26.073460+00:00,inj_tia_regime_filtered,forward_optimized_long_ms_inj_tia_regime,persist,"INJUSDT,TIAUSDT","0-12,14-18,21-23",,True,active,0,0,0,0,0.0,,2,0.130958,0,12,10,0.5,1.352535,6.683369,0.0,0
2026-06-01T04:42:27.954764+00:00,inj_tia_regime_filtered,forward_optimized_long_ms_inj_tia_regime,persist,"INJUSDT,TIAUSDT","0-12,14-18,21-23",,True,active,1,0,0,0,0.0,,2,-0.003177,1,12,10,0.5,1.352535,6.683369,0.0,0
2026-06-01T04:47:28.890687+00:00,inj_tia_regime_filtered,forward_optimized_long_ms_inj_tia_regime,persist,"INJUSDT,TIAUSDT","0-12,14-18,21-23",,True,active,0,0,0,0,0.0,,2,-0.003177,0,12,10,0.5,1.352535,6.683369,0.0,0
2026-06-01T04:52:30.478913+00:00,inj_tia_regime_filtered,forward_optimized_long_ms_inj_tia_regime,persist,"INJUSDT,TIAUSDT","0-12,14-18,21-23",,True,active,1,0,0,0,0.0,,2,-0.283639,2,12,10,0.5,1.352535,6.683369,0.0,0
2026-06-01T04:57:31.600869+00:00,inj_tia_regime_filtered,forward_optimized_long_ms_inj_tia_regime,persist,"INJUSDT,TIAUSDT","0-12,14-18,21-23",,True,active,0,0,0,0,0.0,,2,-0.283639,0,12,10,0.5,1.352535,6.683369,0.0,0
2026-06-01T05:02:32.974585+00:00,inj_tia_regime_filtered,forward_optimized_long_ms_inj_tia_regime,persist,"INJUSDT,TIAUSDT","0-12,14-18,21-23",,True,active,1,0,0,0,0.0,,2,0.057793,1,12,10,0.5,1.352535,6.683369,0.0,0
2026-06-01T05:07:34.150073+00:00,inj_tia_regime_filtered,forward_optimized_long_ms_inj_tia_regime,persist,"INJUSDT,TIAUSDT","0-12,14-18,21-23",,True,active,0,0,0,0,0.0,,2,0.057793,0,12,10,0.5,1.352535,6.683369,0.0,0
2026-06-01T05:12:35.320310+00:00,inj_tia_regime_filtered,forward_optimized_long_ms_inj_tia_regime,persist,"INJUSDT,TIAUSDT","0-12,14-18,21-23",,True,active,0,0,0,0,0.0,,2,0.057793,0,12,10,0.5,1.352535,6.683369,0.0,0
2026-06-01T05:17:36.707926+00:00,inj_tia_regime_filtered,forward_optimized_long_ms_inj_tia_regime,persist,"INJUSDT,TIAUSDT","0-12,14-18,21-23",,True,active,1,0,0,0,0.0,,2,0.71627,1,12,10,0.5,1.352535,6.683369,0.0,0
2026-06-01T05:22:37.688863+00:00,inj_tia_regime_filtered,forward_optimized_long_ms_inj_tia_regime,persist,"INJUSDT,TIAUSDT","0-12,14-18,21-23",,True,active,1,0,0,0,0.0,,2,1.08209,1,12,10,0.5,1.352535,6.683369,0.0,0
2026-06-01T05:27:38.616593+00:00,inj_tia_regime_filtered,forward_optimized_long_ms_inj_tia_regime,persist,"INJUSDT,TIAUSDT","0-12,14-18,21-23",,True,active,1,0,0,0,0.0,,2,1.533269,17,12,10,0.5,1.352535,6.683369,0.0,0
2026-06-01T05:32:40.142317+00:00,inj_tia_regime_filtered,forward_optimized_long_ms_inj_tia_regime,persist,"INJUSDT,TIAUSDT","0-12,14-18,21-23",,True,active,1,0,0,0,0.0,,2,0.813822,5,12,10,0.5,1.352535,6.683369,0.0,0
2026-06-01T05:37:41.303887+00:00,inj_tia_regime_filtered,forward_optimized_long_ms_inj_tia_regime,persist,"INJUSDT,TIAUSDT","0-12,14-18,21-23",,True,active,2,0,0,0,0.0,,2,-0.652115,6,12,10,0.5,1.352535,6.683369,0.0,0
2026-06-01T05:42:42.442006+00:00,inj_tia_regime_filtered,forward_optimized_long_ms_inj_tia_regime,persist,"INJUSDT,TIAUSDT","0-12,14-18,21-23",,True,active,1,0,0,0,0.0,,2,-0.359459,2,12,10,0.5,1.352535,6.683369,0.0,0
2026-06-01T05:47:43.587364+00:00,inj_tia_regime_filtered,forward_optimized_long_ms_inj_tia_regime,persist,"INJUSDT,TIAUSDT","0-12,14-18,21-23",,True,active,1,0,0,0,0.0,,2,0.335599,3,12,10,0.5,1.352535,6.683369,0.0,0
2026-06-01T05:52:44.519223+00:00,inj_tia_regime_filtered,forward_optimized_long_ms_inj_tia_regime,persist,"INJUSDT,TIAUSDT","0-12,14-18,21-23",,True,active,1,0,0,0,0.0,,2,0.852522,1,12,10,0.5,1.352535,6.683369,0.0,0
2026-06-01T05:57:45.478961+00:00,inj_tia_regime_filtered,forward_optimized_long_ms_inj_tia_regime,persist,"INJUSDT,TIAUSDT","0-12,14-18,21-23",,True,active,0,0,0,0,0.0,,2,0.852522,0,12,10,0.5,1.352535,6.683369,0.0,0
2026-06-01T06:02:47.262011+00:00,inj_tia_regime_filtered,forward_optimized_long_ms_inj_tia_regime,persist,"INJUSDT,TIAUSDT","0-12,14-18,21-23",,True,active,1,0,0,0,0.0,,2,0.486702,1,12,10,0.5,1.352535,6.683369,0.0,0
2026-06-01T06:07:48.866454+00:00,inj_tia_regime_filtered,forward_optimized_long_ms_inj_tia_regime,persist,"INJUSDT,TIAUSDT","0-12,14-18,21-23",,True,active,0,0,0,0,0.0,,2,0.486702,0,12,10,0.5,1.352535,6.683369,0.0,0
2026-06-01T06:12:50.003801+00:00,inj_tia_regime_filtered,forward_optimized_long_ms_inj_tia_regime,persist,"INJUSDT,TIAUSDT","0-12,14-18,21-23",,True,active,1,0,0,0,0.0,,2,0.035524,11,12,10,0.5,1.352535,6.683369,0.0,0
2026-06-01T06:17:51.169021+00:00,inj_tia_regime_filtered,forward_optimized_long_ms_inj_tia_regime,persist,"INJUSDT,TIAUSDT","0-12,14-18,21-23",,True,active,0,0,0,0,0.0,,2,0.035524,0,12,10,0.5,1.352535,6.683369,0.0,0
2026-06-01T06:22:52.743192+00:00,inj_tia_regime_filtered,forward_optimized_long_ms_inj_tia_regime,persist,"INJUSDT,TIAUSDT","0-12,14-18,21-23",,True,active,2,0,0,0,0.0,,2,-1.236372,3,12,10,0.5,1.352535,6.683369,0.0,0
2026-06-01T06:27:53.679010+00:00,inj_tia_regime_filtered,forward_optimized_long_ms_inj_tia_regime,persist,"INJUSDT,TIAUSDT","0-12,14-18,21-23",,True,active,1,0,0,0,0.0,,2,-1.44367,1,12,10,0.5,1.352535,6.683369,0.0,0
2026-06-01T06:32:55.275926+00:00,inj_tia_regime_filtered,forward_optimized_long_ms_inj_tia_regime,persist,"INJUSDT,TIAUSDT","0-12,14-18,21-23",,True,active,1,0,0,0,0.0,,2,-2.163117,12,12,10,0.5,1.352535,6.683369,0.0,0
2026-06-01T06:37:56.238085+00:00,inj_tia_regime_filtered,forward_optimized_long_ms_inj_tia_regime,persist,"INJUSDT,TIAUSDT","0-12,14-18,21-23",,True,active,1,0,0,0,0.0,,2,-2.077759,1,12,10,0.5,1.352535,6.683369,0.0,0
2026-06-01T06:42:57.823244+00:00,inj_tia_regime_filtered,forward_optimized_long_ms_inj_tia_regime,persist,"INJUSDT,TIAUSDT","0-12,14-18,21-23",,True,active,1,0,0,0,0.0,,2,-1.968013,1,12,10,0.5,1.352535,6.683369,0.0,0
2026-06-01T06:47:58.786203+00:00,inj_tia_regime_filtered,forward_optimized_long_ms_inj_tia_regime,persist,"INJUSDT,TIAUSDT","0-12,14-18,21-23",,True,active,1,0,0,0,0.0,,2,-2.150923,2,12,10,0.5,1.352535,6.683369,0.0,0
2026-06-01T06:52:59.730559+00:00,inj_tia_regime_filtered,forward_optimized_long_ms_inj_tia_regime,persist,"INJUSDT,TIAUSDT","0-12,14-18,21-23",,True,active,1,0,0,0,0.0,,2,-1.480252,4,12,10,0.5,1.352535,6.683369,0.0,0
2026-06-01T06:58:00.891688+00:00,inj_tia_regime_filtered,forward_optimized_long_ms_inj_tia_regime,persist,"INJUSDT,TIAUSDT","0-12,14-18,21-23",,True,active,0,0,0,0,0.0,,2,-1.480252,0,12,10,0.5,1.352535,6.683369,0.0,0
2026-06-01T07:03:01.830426+00:00,inj_tia_regime_filtered,forward_optimized_long_ms_inj_tia_regime,persist,"INJUSDT,TIAUSDT","0-12,14-18,21-23",,True,active,1,0,0,0,0.0,,2,-1.699745,2,12,10,0.5,1.352535,6.683369,0.0,0
2026-06-01T07:08:02.787495+00:00,inj_tia_regime_filtered,forward_optimized_long_ms_inj_tia_regime,persist,"INJUSDT,TIAUSDT","0-12,14-18,21-23",,True,active,1,0,0,0,0.0,,2,-1.638774,2,12,10,0.5,1.352535,6.683369,0.0,0
2026-06-01T07:13:03.745076+00:00,inj_tia_regime_filtered,forward_optimized_long_ms_inj_tia_regime,persist,"INJUSDT,TIAUSDT","0-12,14-18,21-23",,True,active,0,0,0,0,0.0,,2,-1.638774,0,12,10,0.5,1.352535,6.683369,0.0,0
2026-06-01T07:18:04.664866+00:00,inj_tia_regime_filtered,forward_optimized_long_ms_inj_tia_regime,persist,"INJUSDT,TIAUSDT","0-12,14-18,21-23",,True,active,1,0,0,0,0.0,,2,-1.980207,1,12,10,0.5,1.352535,6.683369,0.0,0
2026-06-01T07:23:05.821378+00:00,inj_tia_regime_filtered,forward_optimized_long_ms_inj_tia_regime,persist,"INJUSDT,TIAUSDT","0-12,14-18,21-23",,True,active,1,0,0,0,0.0,,2,-2.748429,4,12,10,0.5,1.352535,6.683369,0.0,0
2026-06-01T07:28:07.202270+00:00,inj_tia_regime_filtered,forward_optimized_long_ms_inj_tia_regime,persist,"INJUSDT,TIAUSDT","0-12,14-18,21-23",,True,active,1,0,0,0,0.0,,2,-2.114341,2,12,10,0.5,1.352535,6.683369,0.0,0
2026-06-01T07:33:08.148254+00:00,inj_tia_regime_filtered,forward_optimized_long_ms_inj_tia_regime,persist,"INJUSDT,TIAUSDT","0-12,14-18,21-23",,True,active,0,0,0,0,0.0,,2,-2.114341,0,12,10,0.5,1.352535,6.683369,0.0,0
2026-06-01T07:38:09.524288+00:00,inj_tia_regime_filtered,forward_optimized_long_ms_inj_tia_regime,persist,"INJUSDT,TIAUSDT","0-12,14-18,21-23",,True,active,1,0,0,0,0.0,,2,-2.370415,1,12,10,0.5,1.352535,6.683369,0.0,0
2026-06-01T07:43:10.902449+00:00,inj_tia_regime_filtered,forward_optimized_long_ms_inj_tia_regime,persist,"INJUSDT,TIAUSDT","0-12,14-18,21-23",,True,active,1,0,0,0,0.0,,2,-2.711847,9,12,10,0.5,1.352535,6.683369,0.0,0
2026-06-01T07:48:12.293390+00:00,inj_tia_regime_filtered,forward_optimized_long_ms_inj_tia_regime,persist,"INJUSDT,TIAUSDT","0-12,14-18,21-23",,True,active,2,0,0,0,0.0,,2,-3.835823,7,12,10,0.5,1.352535,6.683369,0.0,0
2026-06-01T07:53:13.442906+00:00,inj_tia_regime_filtered,forward_optimized_long_ms_inj_tia_regime,persist,"INJUSDT,TIAUSDT","0-12,14-18,21-23",,True,active,1,0,0,0,0.0,,2,-3.128571,3,12,10,0.5,1.352535,6.683369,0.0,0
2026-06-01T07:58:14.412719+00:00,inj_tia_regime_filtered,forward_optimized_long_ms_inj_tia_regime,persist,"INJUSDT,TIAUSDT","0-12,14-18,21-23",,True,active,0,0,0,0,0.0,,2,-3.128571,0,12,10,0.5,1.352535,6.683369,0.0,0
2026-06-01T08:03:15.378353+00:00,inj_tia_regime_filtered,forward_optimized_long_ms_inj_tia_regime,persist,"INJUSDT,TIAUSDT","0-12,14-18,21-23",,True,active,0,0,0,0,0.0,,2,-3.128571,0,12,10,0.5,1.352535,6.683369,0.0,0
2026-06-01T08:08:16.362172+00:00,inj_tia_regime_filtered,forward_optimized_long_ms_inj_tia_regime,persist,"INJUSDT,TIAUSDT","0-12,14-18,21-23",,True,active,0,0,0,0,0.0,,2,-3.128571,0,12,10,0.5,1.352535,6.683369,0.0,0
2026-06-01T08:13:17.922036+00:00,inj_tia_regime_filtered,forward_optimized_long_ms_inj_tia_regime,persist,"INJUSDT,TIAUSDT","0-12,14-18,21-23",,True,active,0,0,0,0,0.0,,2,-3.128571,0,12,10,0.5,1.352535,6.683369,0.0,0
2026-06-01T08:18:19.507879+00:00,inj_tia_regime_filtered,forward_optimized_long_ms_inj_tia_regime,persist,"INJUSDT,TIAUSDT","0-12,14-18,21-23",,True,active,1,0,0,0,0.0,,2,-3.384645,1,12,10,0.5,1.352535,6.683369,0.0,0
2026-06-01T08:23:20.471965+00:00,inj_tia_regime_filtered,forward_optimized_long_ms_inj_tia_regime,persist,"INJUSDT,TIAUSDT","0-12,14-18,21-23",,True,active,1,0,0,0,0.0,,2,-2.309445,1,12,10,0.5,1.352535,6.683369,0.0,0
2026-06-01T08:28:21.407917+00:00,inj_tia_regime_filtered,forward_optimized_long_ms_inj_tia_regime,persist,"INJUSDT,TIAUSDT","0-12,14-18,21-23",,True,active,0,0,0,0,0.0,,2,-2.309445,0,12,10,0.5,1.352535,6.683369,0.0,0
2026-06-01T08:33:22.366541+00:00,inj_tia_regime_filtered,forward_optimized_long_ms_inj_tia_regime,persist,"INJUSDT,TIAUSDT","0-12,14-18,21-23",,True,active,1,0,0,0,0.0,,2,-2.285057,8,12,10,0.5,1.352535,6.683369,0.0,0
2026-06-01T08:38:23.323847+00:00,inj_tia_regime_filtered,forward_optimized_long_ms_inj_tia_regime,persist,"INJUSDT,TIAUSDT","0-12,14-18,21-23",,True,active,1,0,0,0,0.0,,2,-1.785103,5,12,10,0.5,1.352535,6.683369,0.0,0
2026-06-01T08:43:24.281904+00:00,inj_tia_regime_filtered,forward_optimized_long_ms_inj_tia_regime,persist,"INJUSDT,TIAUSDT","0-12,14-18,21-23",,True,active,0,0,0,0,0.0,,2,-1.785103,0,12,10,0.5,1.352535,6.683369,0.0,0
2026-06-01T08:48:25.441863+00:00,inj_tia_regime_filtered,forward_optimized_long_ms_inj_tia_regime,persist,"INJUSDT,TIAUSDT","0-12,14-18,21-23",,True,active,0,0,0,0,0.0,,2,-1.785103,0,12,10,0.5,1.352535,6.683369,0.0,0
2026-06-01T08:53:26.467044+00:00,inj_tia_regime_filtered,forward_optimized_long_ms_inj_tia_regime,persist,"INJUSDT,TIAUSDT","0-12,14-18,21-23",,True,active,1,0,0,0,0.0,,2,-2.126535,1,12,10,0.5,1.352535,6.683369,0.0,0
2026-06-01T08:58:27.437124+00:00,inj_tia_regime_filtered,forward_optimized_long_ms_inj_tia_regime,persist,"INJUSDT,TIAUSDT","0-12,14-18,21-23",,True,active,1,0,0,0,0.0,,2,-2.541131,2,12,10,0.5,1.352535,6.683369,0.0,0
2026-06-01T09:03:29.225045+00:00,inj_tia_regime_filtered,forward_optimized_long_ms_inj_tia_regime,persist,"INJUSDT,TIAUSDT","0-12,14-18,21-23",,True,active,1,0,0,0,0.0,,2,-1.968013,3,12,10,0.5,1.352535,6.683369,0.0,0
2026-06-01T09:08:30.175613+00:00,inj_tia_regime_filtered,forward_optimized_long_ms_inj_tia_regime,persist,"INJUSDT,TIAUSDT","0-12,14-18,21-23",,True,active,1,0,0,0,0.0,,2,-1.56561,3,12,10,0.5,1.352535,6.683369,0.0,0
2026-06-01T09:13:31.135062+00:00,inj_tia_regime_filtered,forward_optimized_long_ms_inj_tia_regime,persist,"INJUSDT,TIAUSDT","0-12,14-18,21-23",,True,active,0,0,0,0,0.0,,2,-1.56561,0,12,10,0.5,1.352535,6.683369,0.0,0
2026-06-01T09:18:32.527101+00:00,inj_tia_regime_filtered,forward_optimized_long_ms_inj_tia_regime,persist,"INJUSDT,TIAUSDT","0-12,14-18,21-23",,True,active,1,0,0,0,0.0,,2,-1.650969,2,12,10,0.5,1.352535,6.683369,0.0,0
2026-06-01T09:23:33.484438+00:00,inj_tia_regime_filtered,forward_optimized_long_ms_inj_tia_regime,persist,"INJUSDT,TIAUSDT","0-12,14-18,21-23",,True,active,0,0,0,0,0.0,,2,-1.650969,0,12,10,0.5,1.352535,6.683369,0.0,0
2026-06-01T09:28:34.640454+00:00,inj_tia_regime_filtered,forward_optimized_long_ms_inj_tia_regime,persist,"INJUSDT,TIAUSDT","0-12,14-18,21-23",,True,active,1,0,0,0,0.0,,2,-1.32173,3,12,10,0.5,1.352535,6.683369,0.0,0
2026-06-01T09:33:36.224607+00:00,inj_tia_regime_filtered,forward_optimized_long_ms_inj_tia_regime,persist,"INJUSDT,TIAUSDT","0-12,14-18,21-23",,True,active,1,0,0,0,0.0,,2,-2.297251,2,12,10,0.5,1.352535,6.683369,0.0,0
2026-06-01T09:38:37.803388+00:00,inj_tia_regime_filtered,forward_optimized_long_ms_inj_tia_regime,persist,"INJUSDT,TIAUSDT","0-12,14-18,21-23",,True,active,1,0,0,0,0.0,,2,-2.175311,2,12,10,0.5,1.352535,6.683369,0.0,0
2026-06-01T09:43:38.747990+00:00,inj_tia_regime_filtered,forward_optimized_long_ms_inj_tia_regime,persist,"INJUSDT,TIAUSDT","0-12,14-18,21-23",,True,active,1,0,0,0,0.0,,2,-1.50464,1,12,10,0.5,1.352535,6.683369,0.0,0
2026-06-01T09:48:39.715104+00:00,inj_tia_regime_filtered,forward_optimized_long_ms_inj_tia_regime,persist,"INJUSDT,TIAUSDT","0-12,14-18,21-23",,True,active,0,0,0,0,0.0,,2,-1.50464,0,12,10,0.5,1.352535,6.683369,0.0,0
2026-06-01T09:53:41.064419+00:00,inj_tia_regime_filtered,forward_optimized_long_ms_inj_tia_regime,persist,"INJUSDT,TIAUSDT","0-12,14-18,21-23",,True,active,1,0,0,0,0.0,,2,-0.931522,2,12,10,0.5,1.352535,6.683369,0.0,0
2026-06-01T09:58:42.224086+00:00,inj_tia_regime_filtered,forward_optimized_long_ms_inj_tia_regime,persist,"INJUSDT,TIAUSDT","0-12,14-18,21-23",,True,active,0,0,0,0,0.0,,2,-0.931522,0,12,10,0.5,1.352535,6.683369,0.0,0
2026-06-01T10:03:43.193476+00:00,inj_tia_regime_filtered,forward_optimized_long_ms_inj_tia_regime,persist,"INJUSDT,TIAUSDT","0-12,14-18,21-23",,True,active,1,0,0,0,0.0,,2,-1.053462,3,12,10,0.5,1.352535,6.683369,0.0,0
2026-06-01T10:08:44.795395+00:00,inj_tia_regime_filtered,forward_optimized_long_ms_inj_tia_regime,persist,"INJUSDT,TIAUSDT","0-12,14-18,21-23",,True,active,1,0,0,0,0.0,,2,-0.34621,1,12,10,0.5,1.352535,6.683369,0.0,0
2026-06-01T10:13:45.733296+00:00,inj_tia_regime_filtered,forward_optimized_long_ms_inj_tia_regime,persist,"INJUSDT,TIAUSDT","0-12,14-18,21-23",,True,active,1,0,0,0,0.0,,2,-0.882746,2,12,10,0.5,1.352535,6.683369,0.0,0
2026-06-01T10:18:46.691049+00:00,inj_tia_regime_filtered,forward_optimized_long_ms_inj_tia_regime,persist,"INJUSDT,TIAUSDT","0-12,14-18,21-23",,True,active,1,0,0,0,0.0,,2,-1.370506,2,12,10,0.5,1.352535,6.683369,0.0,0
2026-06-01T10:23:47.666471+00:00,inj_tia_regime_filtered,forward_optimized_long_ms_inj_tia_regime,persist,"INJUSDT,TIAUSDT","0-12,14-18,21-23",,True,active,0,0,0,0,0.0,,2,-1.370506,0,12,10,0.5,1.352535,6.683369,0.0,0
2026-06-01T10:28:48.988442+00:00,inj_tia_regime_filtered,forward_optimized_long_ms_inj_tia_regime,persist,"INJUSDT,TIAUSDT","0-12,14-18,21-23",,True,active,0,0,0,0,0.0,,2,-1.370506,0,12,10,0.5,1.352535,6.683369,0.0,0
2026-06-01T10:33:50.389857+00:00,inj_tia_regime_filtered,forward_optimized_long_ms_inj_tia_regime,persist,"INJUSDT,TIAUSDT","0-12,14-18,21-23",,True,active,1,0,0,0,0.0,,2,-0.163299,1,12,10,0.5,1.352535,6.683369,0.0,0
2026-06-01T10:38:51.738032+00:00,inj_tia_regime_filtered,forward_optimized_long_ms_inj_tia_regime,persist,"INJUSDT,TIAUSDT","0-12,14-18,21-23",,True,active,1,0,0,0,0.0,,2,-0.236463,5,12,10,0.5,1.352535,6.683369,0.0,0
2026-06-01T10:43:53.086838+00:00,inj_tia_regime_filtered,forward_optimized_long_ms_inj_tia_regime,persist,"INJUSDT,TIAUSDT","0-12,14-18,21-23",,True,active,0,0,0,0,0.0,,2,-0.236463,0,12,10,0.5,1.352535,6.683369,0.0,0
2026-06-01T10:48:54.659109+00:00,inj_tia_regime_filtered,forward_optimized_long_ms_inj_tia_regime,persist,"INJUSDT,TIAUSDT","0-12,14-18,21-23",,True,active,1,0,0,0,0.0,,2,0.409819,3,12,10,0.5,1.352535,6.683369,0.0,0
2026-06-01T10:53:56.016234+00:00,inj_tia_regime_filtered,forward_optimized_long_ms_inj_tia_regime,persist,"INJUSDT,TIAUSDT","0-12,14-18,21-23",,True,active,1,0,0,0,0.0,,2,0.324461,1,12,10,0.5,1.352535,6.683369,0.0,0
2026-06-01T10:58:56.968469+00:00,inj_tia_regime_filtered,forward_optimized_long_ms_inj_tia_regime,persist,"INJUSDT,TIAUSDT","0-12,14-18,21-23",,True,active,1,0,0,0,0.0,,2,0.726863,3,12,10,0.5,1.352535,6.683369,0.0,0
2026-06-01T11:03:57.920107+00:00,inj_tia_regime_filtered,forward_optimized_long_ms_inj_tia_regime,persist,"INJUSDT,TIAUSDT","0-12,14-18,21-23",,True,active,1,0,0,0,0.0,,2,0.446401,4,12,10,0.5,1.352535,6.683369,0.0,0
2026-06-01T11:08:58.885808+00:00,inj_tia_regime_filtered,forward_optimized_long_ms_inj_tia_regime,persist,"INJUSDT,TIAUSDT","0-12,14-18,21-23",,True,active,1,0,0,0,0.0,,2,0.604923,4,12,10,0.5,1.352535,6.683369,0.0,0
2026-06-01T11:13:59.845502+00:00,inj_tia_regime_filtered,forward_optimized_long_ms_inj_tia_regime,persist,"INJUSDT,TIAUSDT","0-12,14-18,21-23",,True,active,1,0,0,0,0.0,,2,-0.004777,1,12,10,0.5,1.352535,6.683369,0.0,0
2026-06-01T11:19:01.667525+00:00,inj_tia_regime_filtered,forward_optimized_long_ms_inj_tia_regime,persist,"INJUSDT,TIAUSDT","0-12,14-18,21-23",,True,active,1,0,0,0,0.0,,2,-0.004777,1,12,10,0.5,1.352535,6.683369,0.0,0
2026-06-01T11:24:02.997323+00:00,inj_tia_regime_filtered,forward_optimized_long_ms_inj_tia_regime,persist,"INJUSDT,TIAUSDT","0-12,14-18,21-23",,True,active,2,0,0,1,1.066693,1.0,1,-0.103385,3,12,11,0.545455,1.408801,7.750062,0.0,0
2026-06-01T11:29:04.154713+00:00,inj_tia_regime_filtered,forward_optimized_long_ms_inj_tia_regime,persist,"INJUSDT,TIAUSDT","0-12,14-18,21-23",,True,active,0,0,0,0,0.0,,1,-0.103385,0,12,11,0.545455,1.408801,7.750062,0.0,0
2026-06-01T11:34:05.294499+00:00,inj_tia_regime_filtered,forward_optimized_long_ms_inj_tia_regime,persist,"INJUSDT,TIAUSDT","0-12,14-18,21-23",,True,active,0,0,0,0,0.0,,1,-0.103385,2,12,11,0.545455,1.408801,7.750062,0.0,0
2026-06-01T11:39:06.440501+00:00,inj_tia_regime_filtered,forward_optimized_long_ms_inj_tia_regime,persist,"INJUSDT,TIAUSDT","0-12,14-18,21-23",,True,active,0,0,0,0,0.0,,1,-0.103385,7,12,11,0.545455,1.408801,7.750062,0.0,0
2026-06-01T11:44:07.827711+00:00,inj_tia_regime_filtered,forward_optimized_long_ms_inj_tia_regime,persist,"INJUSDT,TIAUSDT","0-12,14-18,21-23",,True,active,0,0,0,0,0.0,,1,-0.103385,10,12,11,0.545455,1.408801,7.750062,0.0,0
2026-06-01T11:49:09.202509+00:00,inj_tia_regime_filtered,forward_optimized_long_ms_inj_tia_regime,persist,"INJUSDT,TIAUSDT","0-12,14-18,21-23",,True,active,0,0,0,0,0.0,,1,-0.103385,11,12,11,0.545455,1.408801,7.750062,0.0,0
2026-06-01T11:54:10.593801+00:00,inj_tia_regime_filtered,forward_optimized_long_ms_inj_tia_regime,persist,"INJUSDT,TIAUSDT","0-12,14-18,21-23",,True,active,0,0,0,0,0.0,,1,-0.103385,25,12,11,0.545455,1.408801,7.750062,0.0,0
2026-06-01T11:59:12.381769+00:00,inj_tia_regime_filtered,forward_optimized_long_ms_inj_tia_regime,persist,"INJUSDT,TIAUSDT","0-12,14-18,21-23",,True,active,0,0,0,0,0.0,,1,-0.103385,36,12,11,0.545455,1.408801,7.750062,0.0,0
2026-06-01T12:04:13.344683+00:00,inj_tia_regime_filtered,forward_optimized_long_ms_inj_tia_regime,persist,"INJUSDT,TIAUSDT","0-12,14-18,21-23",,True,active,0,0,0,0,0.0,,1,-0.103385,43,12,11,0.545455,1.408801,7.750062,0.0,0
2026-06-01T12:09:14.941883+00:00,inj_tia_regime_filtered,forward_optimized_long_ms_inj_tia_regime,persist,"INJUSDT,TIAUSDT","0-12,14-18,21-23",,True,active,1,0,0,0,0.0,,1,-0.992492,49,12,11,0.545455,1.408801,7.750062,0.0,0
2026-06-01T12:14:15.903878+00:00,inj_tia_regime_filtered,forward_optimized_long_ms_inj_tia_regime,persist,"INJUSDT,TIAUSDT","0-12,14-18,21-23",,True,active,1,0,0,0,0.0,,1,-1.860923,55,12,11,0.545455,1.408801,7.750062,0.0,0
2026-06-01T12:19:17.152118+00:00,inj_tia_regime_filtered,forward_optimized_long_ms_inj_tia_regime,persist,"INJUSDT,TIAUSDT","0-12,14-18,21-23",,True,active,0,0,0,0,0.0,,1,-1.860923,57,12,11,0.545455,1.408801,7.750062,0.0,0
2026-06-01T12:24:18.308446+00:00,inj_tia_regime_filtered,forward_optimized_long_ms_inj_tia_regime,persist,"INJUSDT,TIAUSDT","0-12,14-18,21-23",,True,active,1,0,0,0,0.0,,1,-0.992492,62,12,11,0.545455,1.408801,7.750062,0.0,0
2026-06-01T12:29:19.464964+00:00,inj_tia_regime_filtered,forward_optimized_long_ms_inj_tia_regime,persist,"INJUSDT,TIAUSDT","0-12,14-18,21-23",,True,active,0,0,0,0,0.0,,1,-0.992492,65,12,11,0.545455,1.408801,7.750062,0.0,0
2026-06-01T12:34:20.818051+00:00,inj_tia_regime_filtered,forward_optimized_long_ms_inj_tia_regime,persist,"INJUSDT,TIAUSDT","0-12,14-18,21-23",,True,active,0,0,0,0,0.0,,1,-0.992492,69,12,11,0.545455,1.408801,7.750062,0.0,0
2026-06-01T12:39:21.990404+00:00,inj_tia_regime_filtered,forward_optimized_long_ms_inj_tia_regime,persist,"INJUSDT,TIAUSDT","0-12,14-18,21-23",,True,active,0,0,0,0,0.0,,1,-0.992492,70,12,11,0.545455,1.408801,7.750062,0.0,0
2026-06-01T12:44:22.959940+00:00,inj_tia_regime_filtered,forward_optimized_long_ms_inj_tia_regime,persist,"INJUSDT,TIAUSDT","0-12,14-18,21-23",,True,active,0,0,0,0,0.0,,1,-0.992492,78,12,11,0.545455,1.408801,7.750062,0.0,0
2026-06-01T12:49:24.324465+00:00,inj_tia_regime_filtered,forward_optimized_long_ms_inj_tia_regime,persist,"INJUSDT,TIAUSDT","0-12,14-18,21-23",,True,active,0,0,0,0,0.0,,1,-0.992492,82,12,11,0.545455,1.408801,7.750062,0.0,0
2026-06-01T12:54:25.479619+00:00,inj_tia_regime_filtered,forward_optimized_long_ms_inj_tia_regime,persist,"INJUSDT,TIAUSDT","0-12,14-18,21-23",,True,active,0,0,0,0,0.0,,1,-0.992492,86,12,11,0.545455,1.408801,7.750062,0.0,0
2026-06-01T12:59:26.838298+00:00,inj_tia_regime_filtered,forward_optimized_long_ms_inj_tia_regime,persist,"INJUSDT,TIAUSDT","0-12,14-18,21-23",,True,active,0,0,0,0,0.0,,1,-0.992492,95,12,11,0.545455,1.408801,7.750062,0.0,0
2026-06-01T13:04:28.226882+00:00,inj_tia_regime_filtered,forward_optimized_long_ms_inj_tia_regime,persist,"INJUSDT,TIAUSDT","0-12,14-18,21-23",,True,active,0,0,0,0,0.0,,1,-0.992492,102,12,11,0.545455,1.408801,7.750062,0.0,0
2026-06-01T13:09:29.175502+00:00,inj_tia_regime_filtered,forward_optimized_long_ms_inj_tia_regime,persist,"INJUSDT,TIAUSDT","0-12,14-18,21-23",,True,active,0,0,0,0,0.0,,1,-0.992492,146,12,11,0.545455,1.408801,7.750062,0.0,0
2026-06-01T13:14:30.316547+00:00,inj_tia_regime_filtered,forward_optimized_long_ms_inj_tia_regime,persist,"INJUSDT,TIAUSDT","0-12,14-18,21-23",,True,active,1,0,0,0,0.0,,1,-1.736862,211,12,11,0.545455,1.408801,7.750062,0.0,0
2026-06-01T13:19:31.488068+00:00,inj_tia_regime_filtered,forward_optimized_long_ms_inj_tia_regime,persist,"INJUSDT,TIAUSDT","0-12,14-18,21-23",,True,active,0,0,0,0,0.0,,1,-1.736862,277,12,11,0.545455,1.408801,7.750062,0.0,0
2026-06-01T13:24:32.703639+00:00,inj_tia_regime_filtered,forward_optimized_long_ms_inj_tia_regime,persist,"INJUSDT,TIAUSDT","0-12,14-18,21-23",,True,active,0,0,0,0,0.0,,1,-1.736862,284,12,11,0.545455,1.408801,7.750062,0.0,0
2026-06-01T13:29:34.514663+00:00,inj_tia_regime_filtered,forward_optimized_long_ms_inj_tia_regime,persist,"INJUSDT,TIAUSDT","0-12,14-18,21-23",,True,active,0,0,0,0,0.0,,1,-1.736862,285,12,11,0.545455,1.408801,7.750062,0.0,0
2026-06-01T13:34:36.345799+00:00,inj_tia_regime_filtered,forward_optimized_long_ms_inj_tia_regime,persist,"INJUSDT,TIAUSDT","0-12,14-18,21-23",,True,active,0,0,0,0,0.0,,1,-1.736862,290,12,11,0.545455,1.408801,7.750062,0.0,0
2026-06-01T13:39:38.006726+00:00,inj_tia_regime_filtered,forward_optimized_long_ms_inj_tia_regime,persist,"INJUSDT,TIAUSDT","0-12,14-18,21-23",,True,active,0,0,0,0,0.0,,1,-1.736862,295,12,11,0.545455,1.408801,7.750062,0.0,0
2026-06-01T13:44:39.595358+00:00,inj_tia_regime_filtered,forward_optimized_long_ms_inj_tia_regime,persist,"INJUSDT,TIAUSDT","0-12,14-18,21-23",,True,active,0,0,0,0,0.0,,1,-1.736862,307,12,11,0.545455,1.408801,7.750062,0.0,0
2026-06-01T13:49:41.584471+00:00,inj_tia_regime_filtered,forward_optimized_long_ms_inj_tia_regime,persist,"INJUSDT,TIAUSDT","0-12,14-18,21-23",,True,active,0,0,0,0,0.0,,1,-1.736862,309,12,11,0.545455,1.408801,7.750062,0.0,0
2026-06-01T13:54:43.181270+00:00,inj_tia_regime_filtered,forward_optimized_long_ms_inj_tia_regime,persist,"INJUSDT,TIAUSDT","0-12,14-18,21-23",,True,active,0,0,0,0,0.0,,1,-1.736862,309,12,11,0.545455,1.408801,7.750062,0.0,0
2026-06-01T13:59:44.533013+00:00,inj_tia_regime_filtered,forward_optimized_long_ms_inj_tia_regime,persist,"INJUSDT,TIAUSDT","0-12,14-18,21-23",,True,active,1,0,0,0,0.0,,1,-0.992492,328,12,11,0.545455,1.408801,7.750062,0.0,0
2026-06-01T14:04:45.908023+00:00,inj_tia_regime_filtered,forward_optimized_long_ms_inj_tia_regime,persist,"INJUSDT,TIAUSDT","0-12,14-18,21-23",,True,active,0,0,0,0,0.0,,1,-0.992492,330,12,11,0.545455,1.408801,7.750062,0.0,0
2026-06-01T14:09:47.083380+00:00,inj_tia_regime_filtered,forward_optimized_long_ms_inj_tia_regime,persist,"INJUSDT,TIAUSDT","0-12,14-18,21-23",,True,active,0,0,0,0,0.0,,1,-0.992492,330,12,11,0.545455,1.408801,7.750062,0.0,0
2026-06-01T14:14:48.260858+00:00,inj_tia_regime_filtered,forward_optimized_long_ms_inj_tia_regime,persist,"INJUSDT,TIAUSDT","0-12,14-18,21-23",,True,active,2,0,0,0,0.0,,2,-0.868365,336,13,11,0.545455,1.408801,7.750062,0.0,0
2026-06-01T14:19:49.200505+00:00,inj_tia_regime_filtered,forward_optimized_long_ms_inj_tia_regime,persist,"INJUSDT,TIAUSDT","0-12,14-18,21-23",,True,active,1,0,0,0,0.0,,2,-0.755522,5,13,11,0.545455,1.408801,7.750062,0.0,0
2026-06-01T14:24:51.453974+00:00,inj_tia_regime_filtered,forward_optimized_long_ms_inj_tia_regime,persist,"INJUSDT,TIAUSDT","0-12,14-18,21-23",,True,active,1,0,0,0,0.0,,2,-0.428278,10,13,11,0.545455,1.408801,7.750062,0.0,0
2026-06-01T14:29:52.833508+00:00,inj_tia_regime_filtered,forward_optimized_long_ms_inj_tia_regime,persist,"INJUSDT,TIAUSDT","0-12,14-18,21-23",,True,active,1,0,0,0,0.0,,2,-0.157455,8,13,11,0.545455,1.408801,7.750062,0.0,0
2026-06-01T14:34:54.010311+00:00,inj_tia_regime_filtered,forward_optimized_long_ms_inj_tia_regime,persist,"INJUSDT,TIAUSDT","0-12,14-18,21-23",,True,active,1,0,0,0,0.0,,2,-0.428278,4,13,11,0.545455,1.408801,7.750062,0.0,0
2026-06-01T14:39:56.023700+00:00,inj_tia_regime_filtered,forward_optimized_long_ms_inj_tia_regime,persist,"INJUSDT,TIAUSDT","0-12,14-18,21-23",,True,active,1,0,0,0,0.0,,2,-0.665248,3,13,11,0.545455,1.408801,7.750062,0.0,0
2026-06-01T14:44:57.406681+00:00,inj_tia_regime_filtered,forward_optimized_long_ms_inj_tia_regime,persist,"INJUSDT,TIAUSDT","0-12,14-18,21-23",,True,active,1,0,0,0,0.0,,2,-0.868365,1,13,11,0.545455,1.408801,7.750062,0.0,0
2026-06-01T14:49:58.772190+00:00,inj_tia_regime_filtered,forward_optimized_long_ms_inj_tia_regime,persist,"INJUSDT,TIAUSDT","0-12,14-18,21-23",,True,active,1,0,0,0,0.0,,2,-1.263315,2,13,11,0.545455,1.408801,7.750062,0.0,0
2026-06-01T14:55:00.404649+00:00,inj_tia_regime_filtered,forward_optimized_long_ms_inj_tia_regime,persist,"INJUSDT,TIAUSDT","0-12,14-18,21-23",,True,active,1,0,0,0,0.0,,2,-1.139188,5,13,11,0.545455,1.408801,7.750062,0.0,0
2026-06-01T15:00:02.407664+00:00,inj_tia_regime_filtered,forward_optimized_long_ms_inj_tia_regime,persist,"INJUSDT,TIAUSDT","0-12,14-18,21-23",,True,active,1,0,0,0,0.0,,2,-1.624412,1,13,11,0.545455,1.408801,7.750062,0.0,0
2026-06-01T15:05:03.536414+00:00,inj_tia_regime_filtered,forward_optimized_long_ms_inj_tia_regime,persist,"INJUSDT,TIAUSDT","0-12,14-18,21-23",,True,active,1,0,0,0,0.0,,2,-0.371856,5,13,11,0.545455,1.408801,7.750062,0.0,0
2026-06-01T15:10:04.927513+00:00,inj_tia_regime_filtered,forward_optimized_long_ms_inj_tia_regime,persist,"INJUSDT,TIAUSDT","0-12,14-18,21-23",,True,active,1,0,0,0,0.0,,2,-0.101034,6,13,11,0.545455,1.408801,7.750062,0.0,0
2026-06-01T15:15:06.725691+00:00,inj_tia_regime_filtered,forward_optimized_long_ms_inj_tia_regime,persist,"INJUSDT,TIAUSDT","0-12,14-18,21-23",,True,active,1,0,0,0,0.0,,2,-0.371856,1,13,11,0.545455,1.408801,7.750062,0.0,0
2026-06-01T15:20:08.526862+00:00,inj_tia_regime_filtered,forward_optimized_long_ms_inj_tia_regime,persist,"INJUSDT,TIAUSDT","0-12,14-18,21-23",,True,active,1,0,0,0,0.0,,2,-0.721669,5,13,11,0.545455,1.408801,7.750062,0.0,0
2026-06-01T15:25:09.875384+00:00,inj_tia_regime_filtered,forward_optimized_long_ms_inj_tia_regime,persist,"INJUSDT,TIAUSDT","0-12,14-18,21-23",,True,active,1,0,0,0,0.0,,2,-0.371856,1,13,11,0.545455,1.408801,7.750062,0.0,0
2026-06-01T15:30:10.816652+00:00,inj_tia_regime_filtered,forward_optimized_long_ms_inj_tia_regime,persist,"INJUSDT,TIAUSDT","0-12,14-18,21-23",,True,active,1,0,0,0,0.0,,2,-0.101034,3,13,11,0.545455,1.408801,7.750062,0.0,0
2026-06-01T15:35:12.844657+00:00,inj_tia_regime_filtered,forward_optimized_long_ms_inj_tia_regime,persist,"INJUSDT,TIAUSDT","0-12,14-18,21-23",,True,active,1,0,0,0,0.0,,2,0.993542,7,13,11,0.545455,1.408801,7.750062,0.0,0
2026-06-01T15:40:14.975287+00:00,inj_tia_regime_filtered,forward_optimized_long_ms_inj_tia_regime,persist,"INJUSDT,TIAUSDT","0-12,14-18,21-23",,True,active,2,0,0,0,0.0,,2,1.29965,14,13,11,0.545455,1.408801,7.750062,0.0,0
2026-06-01T15:45:16.338133+00:00,inj_tia_regime_filtered,forward_optimized_long_ms_inj_tia_regime,persist,"INJUSDT,TIAUSDT","0-12,14-18,21-23",,True,active,1,0,0,0,0.0,,2,0.803142,12,13,11,0.545455,1.408801,7.750062,0.0,0
2026-06-01T15:50:18.145781+00:00,inj_tia_regime_filtered,forward_optimized_long_ms_inj_tia_regime,persist,"INJUSDT,TIAUSDT","0-12,14-18,21-23",,True,active,1,0,0,0,0.0,,2,1.198092,4,13,11,0.545455,1.408801,7.750062,0.0,0
2026-06-01T15:55:19.510193+00:00,inj_tia_regime_filtered,forward_optimized_long_ms_inj_tia_regime,persist,"INJUSDT,TIAUSDT","0-12,14-18,21-23",,True,active,1,0,0,0,0.0,,2,1.525336,3,13,11,0.545455,1.408801,7.750062,0.0,0
2026-06-01T16:00:20.913089+00:00,inj_tia_regime_filtered,forward_optimized_long_ms_inj_tia_regime,persist,"INJUSDT,TIAUSDT","0-12,14-18,21-23",,True,active,1,0,0,0,0.0,,2,2.033128,17,13,11,0.545455,1.408801,7.750062,0.0,0
2026-06-01T16:05:22.723161+00:00,inj_tia_regime_filtered,forward_optimized_long_ms_inj_tia_regime,persist,"INJUSDT,TIAUSDT","0-12,14-18,21-23",,True,active,1,0,0,0,0.0,,2,2.540921,14,13,11,0.545455,1.408801,7.750062,0.0,0
2026-06-01T16:10:24.341363+00:00,inj_tia_regime_filtered,forward_optimized_long_ms_inj_tia_regime,persist,"INJUSDT,TIAUSDT","0-12,14-18,21-23",,True,active,1,0,0,0,0.0,,2,2.665048,27,13,11,0.545455,1.408801,7.750062,0.0,0
2026-06-01T16:15:25.932035+00:00,inj_tia_regime_filtered,forward_optimized_long_ms_inj_tia_regime,persist,"INJUSDT,TIAUSDT","0-12,14-18,21-23",,True,active,1,0,0,0,0.0,,2,3.500085,8,13,11,0.545455,1.408801,7.750062,0.0,0
2026-06-01T16:20:26.917245+00:00,inj_tia_regime_filtered,forward_optimized_long_ms_inj_tia_regime,persist,"INJUSDT,TIAUSDT","0-12,14-18,21-23",,True,active,1,0,0,0,0.0,,2,3.872466,22,13,11,0.545455,1.408801,7.750062,0.0,0
2026-06-01T16:25:28.527330+00:00,inj_tia_regime_filtered,forward_optimized_long_ms_inj_tia_regime,persist,"INJUSDT,TIAUSDT","0-12,14-18,21-23",,True,active,1,0,0,0,0.0,,2,4.143289,2,13,11,0.545455,1.408801,7.750062,0.0,0
2026-06-01T16:30:29.938573+00:00,inj_tia_regime_filtered,forward_optimized_long_ms_inj_tia_regime,persist,"INJUSDT,TIAUSDT","0-12,14-18,21-23",,True,active,2,0,0,0,0.0,,2,4.557023,5,13,11,0.545455,1.408801,7.750062,0.0,0
2026-06-01T16:35:31.822534+00:00,inj_tia_regime_filtered,forward_optimized_long_ms_inj_tia_regime,persist,"INJUSDT,TIAUSDT","0-12,14-18,21-23",,True,active,1,0,0,0,0.0,,2,4.940689,5,13,11,0.545455,1.408801,7.750062,0.0,0
2026-06-01T16:40:32.788482+00:00,inj_tia_regime_filtered,forward_optimized_long_ms_inj_tia_regime,persist,"INJUSDT,TIAUSDT","0-12,14-18,21-23",,True,active,1,0,0,0,0.0,,2,4.274916,8,13,11,0.545455,1.408801,7.750062,0.0,0
2026-06-01T16:45:34.369066+00:00,inj_tia_regime_filtered,forward_optimized_long_ms_inj_tia_regime,persist,"INJUSDT,TIAUSDT","0-12,14-18,21-23",,True,active,1,0,0,0,0.0,,2,4.692435,1,13,11,0.545455,1.408801,7.750062,0.0,0
2026-06-01T16:50:35.753977+00:00,inj_tia_regime_filtered,forward_optimized_long_ms_inj_tia_regime,persist,"INJUSDT,TIAUSDT","0-12,14-18,21-23",,True,active,1,0,0,0,0.0,,2,3.823545,7,13,11,0.545455,1.408801,7.750062,0.0,0
2026-06-01T16:55:37.163087+00:00,inj_tia_regime_filtered,forward_optimized_long_ms_inj_tia_regime,persist,"INJUSDT,TIAUSDT","0-12,14-18,21-23",,True,active,2,0,0,0,0.0,,2,3.992351,4,13,11,0.545455,1.408801,7.750062,0.0,0
2026-06-01T17:00:38.331991+00:00,inj_tia_regime_filtered,forward_optimized_long_ms_inj_tia_regime,persist,"INJUSDT,TIAUSDT","0-12,14-18,21-23",,True,active,1,0,0,0,0.0,,2,4.263173,4,13,11,0.545455,1.408801,7.750062,0.0,0
2026-06-01T17:05:39.277591+00:00,inj_tia_regime_filtered,forward_optimized_long_ms_inj_tia_regime,persist,"INJUSDT,TIAUSDT","0-12,14-18,21-23",,True,active,1,0,0,0,0.0,,2,5.1772,7,13,11,0.545455,1.408801,7.750062,0.0,0
2026-06-01T17:10:40.709019+00:00,inj_tia_regime_filtered,forward_optimized_long_ms_inj_tia_regime,persist,"INJUSDT,TIAUSDT","0-12,14-18,21-23",,True,active,1,0,0,0,0.0,,2,4.274458,4,13,11,0.545455,1.408801,7.750062,0.0,0
2026-06-01T17:15:41.659230+00:00,inj_tia_regime_filtered,forward_optimized_long_ms_inj_tia_regime,persist,"INJUSDT,TIAUSDT","0-12,14-18,21-23",,True,active,1,0,0,0,0.0,,2,4.455006,9,13,11,0.545455,1.408801,7.750062,0.0,0
2026-06-01T17:20:43.244708+00:00,inj_tia_regime_filtered,forward_optimized_long_ms_inj_tia_regime,persist,"INJUSDT,TIAUSDT","0-12,14-18,21-23",,True,active,1,0,0,1,2.382663,1.0,1,0.765046,19,13,12,0.583333,1.534482,10.132725,0.0,0
2026-06-01T17:25:44.183885+00:00,inj_tia_regime_filtered,forward_optimized_long_ms_inj_tia_regime,persist,"INJUSDT,TIAUSDT","0-12,14-18,21-23",,True,active,0,0,0,0,0.0,,1,0.765046,21,13,12,0.583333,1.534482,10.132725,0.0,0
2026-06-01T17:30:45.140363+00:00,inj_tia_regime_filtered,forward_optimized_long_ms_inj_tia_regime,persist,"INJUSDT,TIAUSDT","0-12,14-18,21-23",,True,active,1,0,0,0,0.0,,1,1.033846,33,13,12,0.583333,1.534482,10.132725,0.0,0
2026-06-01T17:35:46.087138+00:00,inj_tia_regime_filtered,forward_optimized_long_ms_inj_tia_regime,persist,"INJUSDT,TIAUSDT","0-12,14-18,21-23",,True,active,0,0,0,0,0.0,,1,1.033846,43,13,12,0.583333,1.534482,10.132725,0.0,0
2026-06-01T17:40:47.232480+00:00,inj_tia_regime_filtered,forward_optimized_long_ms_inj_tia_regime,persist,"INJUSDT,TIAUSDT","0-12,14-18,21-23",,True,active,0,0,0,0,0.0,,1,1.033846,49,13,12,0.583333,1.534482,10.132725,0.0,0
2026-06-01T17:45:48.200073+00:00,inj_tia_regime_filtered,forward_optimized_long_ms_inj_tia_regime,persist,"INJUSDT,TIAUSDT","0-12,14-18,21-23",,True,active,2,0,0,0,0.0,,2,1.090097,67,14,12,0.583333,1.534482,10.132725,0.0,0
2026-06-01T17:50:49.387823+00:00,inj_tia_regime_filtered,forward_optimized_long_ms_inj_tia_regime,persist,"INJUSDT,TIAUSDT","0-12,14-18,21-23",,True,active,1,0,0,0,0.0,,2,0.775092,2,14,12,0.583333,1.534482,10.132725,0.0,0
