timestamp,mode,symbols,rows_inserted,deduped_rows,would_insert_rows,health_status,forward_pnl_usd,forward_win_rate,ledger_total_entries,ledger_total_exits,ledger_win_rate,ledger_profit_factor,ledger_net_pnl_usd,ledger_max_drawdown_usd,active_positions_count,active_unrealized_pnl_usd,new_trades_replayed_total,mark_to_market_rows_total,inj_entries,inj_closed,inj_new_trades_replayed,inj_last_processed_before,inj_has_active_position,inj_unrealized_pnl_usd,inj_current_price,inj_last_processed_trade_id,inj_trades_held,near_entries,near_closed,near_new_trades_replayed,near_last_processed_before,near_has_active_position,near_unrealized_pnl_usd,near_current_price,near_last_processed_trade_id,near_trades_held,tia_entries,tia_closed,tia_new_trades_replayed,tia_last_processed_before,tia_has_active_position,tia_unrealized_pnl_usd,tia_current_price,tia_last_processed_trade_id,tia_trades_held
2026-05-24T20:59:40.500477+00:00,dry_run,"INJUSDT,NEARUSDT,TIAUSDT",0,0,0,active,0.0,,14,8,0.875,5.192943,17.546012,6.714803,2,3.535194,212,0,0,0,0,12227666,True,1.380043,5.181,12227666,173,0,0,0,10670480,True,2.155151,2.461,10670480,418,0,0,212,50104,False,,,,
2026-05-24T21:01:40.770215+00:00,persist,"INJUSDT,NEARUSDT,TIAUSDT",2,0,0,active,0.0,,14,8,0.875,5.192943,17.546012,6.714803,2,2.920795,216,2,0,0,1,12227666,True,0.972303,5.155,12227667,174,0,0,3,10670480,True,1.948492,2.454,10670483,421,0,0,212,50104,False,,,,
2026-05-24T21:06:42.894264+00:00,persist,"INJUSDT,NEARUSDT,TIAUSDT",2,0,0,active,0.0,,14,8,0.875,5.192943,17.546012,6.714803,2,4.456867,220,2,0,0,1,12227667,True,1.238902,5.172,12227668,175,0,0,7,10670483,True,3.217965,2.497,10670490,428,0,0,212,50104,False,,,,
2026-05-24T21:11:44.607129+00:00,persist,"INJUSDT,NEARUSDT,TIAUSDT",2,0,0,active,0.0,,14,8,0.875,5.192943,17.546012,6.714803,2,4.127488,218,2,0,0,1,12227668,True,1.411408,5.183,12227669,176,0,0,5,10670490,True,2.71608,2.48,10670495,433,0,0,212,50104,False,,,,
2026-05-24T21:16:46.853263+00:00,persist,"INJUSDT,NEARUSDT,TIAUSDT",2,0,0,active,0.0,,14,8,0.875,5.192943,17.546012,6.714803,2,4.369195,220,2,0,0,6,12227669,True,1.505502,5.189,12227675,182,0,0,2,10670495,True,2.863693,2.485,10670497,435,0,0,212,50104,False,,,,
2026-05-24T21:21:48.778689+00:00,persist,"INJUSDT,NEARUSDT,TIAUSDT",2,0,0,active,0.0,,14,8,0.875,5.192943,17.546012,6.714803,2,3.475253,217,2,0,0,1,12227675,True,1.113444,5.164,12227676,183,0,0,4,10670497,True,2.361809,2.468,10670501,439,0,0,212,50104,False,,,,
2026-05-24T21:26:50.715759+00:00,persist,"INJUSDT,NEARUSDT,TIAUSDT",2,0,0,active,0.0,,14,8,0.875,5.192943,17.546012,6.714803,2,3.049043,216,2,0,0,3,12227676,True,0.893892,5.15,12227679,186,0,0,1,10670501,True,2.155151,2.461,10670502,440,0,0,212,50104,False,,,,
2026-05-24T21:31:52.656434+00:00,persist,"INJUSDT,NEARUSDT,TIAUSDT",2,0,0,active,0.0,,14,8,0.875,5.192943,17.546012,6.714803,2,1.583118,227,2,0,0,4,12227679,True,0.313646,5.113,12227683,190,0,0,11,10670502,True,1.269472,2.431,10670513,451,0,0,212,50104,False,,,,
2026-05-24T21:36:54.911040+00:00,persist,"INJUSDT,NEARUSDT,TIAUSDT",2,0,0,active,0.0,,14,8,0.875,5.192943,17.546012,6.714803,2,0.195606,223,2,0,0,3,12227683,True,-0.188188,5.081,12227686,193,0,0,7,10670513,True,0.383794,2.401,10670520,458,0,0,213,50104,False,,,,
2026-05-24T21:41:56.705015+00:00,persist,"INJUSDT,NEARUSDT,TIAUSDT",2,0,0,active,0.0,,14,8,0.875,5.192943,17.546012,6.714803,2,0.517566,220,2,0,0,1,12227686,True,0.015682,5.094,12227687,194,0,0,6,10670520,True,0.501884,2.405,10670526,464,0,0,213,50104,False,,,,
2026-05-24T21:46:58.886235+00:00,persist,"INJUSDT,NEARUSDT,TIAUSDT",2,0,0,active,0.0,,14,8,0.875,5.192943,17.546012,6.714803,2,-0.641183,224,2,0,0,1,12227687,True,-0.109776,5.086,12227688,195,0,0,10,10670526,True,-0.531407,2.37,10670536,474,0,0,213,50104,False,,,,
2026-05-24T21:52:00.827419+00:00,persist,"INJUSDT,NEARUSDT,TIAUSDT",2,0,0,active,0.0,,14,8,0.875,5.192943,17.546012,6.714803,2,0.107935,217,2,0,0,2,12227688,True,0.078412,5.098,12227690,197,0,0,2,10670536,True,0.029523,2.389,10670538,476,0,0,213,50104,False,,,,
2026-05-24T21:57:02.315480+00:00,persist,"INJUSDT,NEARUSDT,TIAUSDT",2,0,0,active,0.0,,14,8,0.875,5.192943,17.546012,6.714803,2,0.500042,221,2,0,0,2,12227690,True,-0.031365,5.091,12227692,199,0,0,6,10670538,True,0.531407,2.406,10670544,482,0,0,213,50104,False,,,,
2026-05-24T23:55:07.675462+00:00,persist,"INJUSDT,NEARUSDT,TIAUSDT",2,0,0,active,0.0,,14,8,0.875,5.192943,17.546012,6.714803,2,1.529549,371,2,0,0,74,12227692,True,0.909574,5.151,12227766,273,0,0,80,10670544,True,0.619975,2.409,10670624,562,0,0,217,50104,False,,,,
2026-05-25T00:00:09.614725+00:00,persist,"INJUSDT,NEARUSDT,TIAUSDT",2,0,0,active,0.0,,14,8,0.875,5.192943,17.546012,6.714803,2,0.821952,225,2,0,0,3,12227766,True,0.674339,5.136,12227769,276,0,0,5,10670624,True,0.147613,2.393,10670629,567,0,0,217,50104,False,,,,
2026-05-25T00:05:11.962518+00:00,persist,"INJUSDT,NEARUSDT,TIAUSDT",2,0,0,active,0.0,,14,8,0.875,5.192943,17.546012,6.714803,2,0.794272,224,2,0,0,5,12227769,True,0.705704,5.138,12227774,281,0,0,2,10670629,True,0.088568,2.391,10670631,569,0,0,217,50104,False,,,,
2026-05-25T00:10:14.299089+00:00,persist,"INJUSDT,NEARUSDT,TIAUSDT",2,0,0,active,0.0,,14,8,0.875,5.192943,17.546012,6.714803,2,1.830301,222,2,0,0,3,12227774,True,1.003668,5.157,12227777,284,0,0,1,10670631,True,0.826633,2.416,10670632,570,0,0,218,50104,False,,,,
2026-05-25T00:15:15.811737+00:00,persist,"INJUSDT,NEARUSDT,TIAUSDT",2,0,0,active,0.0,,14,8,0.875,5.192943,17.546012,6.714803,2,1.834931,223,2,0,0,2,12227777,True,0.831162,5.146,12227779,286,0,0,3,10670632,True,1.003769,2.422,10670635,573,0,0,218,50104,False,,,,
2026-05-25T00:20:17.302263+00:00,persist,"INJUSDT,NEARUSDT,TIAUSDT",2,0,0,active,0.0,,14,8,0.875,5.192943,17.546012,6.714803,2,1.447453,226,2,0,0,3,12227779,True,0.768433,5.142,12227782,289,0,0,5,10670635,True,0.67902,2.411,10670640,578,0,0,218,50104,False,,,,
2026-05-25T00:25:19.662092+00:00,persist,"INJUSDT,NEARUSDT,TIAUSDT",1,0,0,active,0.0,,14,8,0.875,5.192943,17.546012,6.714803,2,1.321995,228,1,0,0,6,12227782,True,0.642975,5.134,12227788,295,0,0,0,10670640,True,0.67902,2.411,10670640,578,0,0,222,50104,False,,,,
2026-05-25T00:30:22.045748+00:00,persist,"INJUSDT,NEARUSDT,TIAUSDT",2,0,0,active,0.0,,14,8,0.875,5.192943,17.546012,6.714803,2,0.885628,228,2,0,0,4,12227788,True,0.501834,5.125,12227792,299,0,0,2,10670640,True,0.383794,2.401,10670642,580,0,0,222,50104,False,,,,
2026-05-25T00:35:24.390275+00:00,persist,"INJUSDT,NEARUSDT,TIAUSDT",2,0,0,active,0.0,,14,8,0.875,5.192943,17.546012,6.714803,2,0.774905,227,2,0,0,4,12227792,True,0.627292,5.133,12227796,303,0,0,1,10670642,True,0.147613,2.393,10670643,581,0,0,222,50104,False,,,,
2026-05-25T00:40:26.331719+00:00,persist,"INJUSDT,NEARUSDT,TIAUSDT",2,0,0,active,0.0,,14,8,0.875,5.192943,17.546012,6.714803,2,0.721386,226,2,0,0,3,12227796,True,0.721386,5.139,12227799,306,0,0,1,10670643,True,0.0,2.388,10670644,582,0,0,222,50104,False,,,,
2026-05-25T00:45:28.042057+00:00,persist,"INJUSDT,NEARUSDT,TIAUSDT",2,0,0,active,0.0,,14,8,0.875,5.192943,17.546012,6.714803,2,0.586718,224,2,0,0,1,12227799,True,0.439105,5.121,12227800,307,0,0,1,10670644,True,0.147613,2.393,10670645,583,0,0,222,50104,False,,,,
2026-05-25T00:50:29.764371+00:00,persist,"INJUSDT,NEARUSDT,TIAUSDT",1,0,0,active,0.0,,14,8,0.875,5.192943,17.546012,6.714803,2,0.461259,228,1,0,0,6,12227800,True,0.313646,5.113,12227806,313,0,0,0,10670645,True,0.147613,2.393,10670645,583,0,0,222,50104,False,,,,
2026-05-25T02:06:52.194222+00:00,persist,"INJUSDT,NEARUSDT,TIAUSDT",2,0,0,active,-0.998478,0.0,14,9,0.777778,4.192575,16.547534,6.714803,1,-0.031365,306,1,0,0,52,12227806,True,-0.031365,5.091,12227858,365,0,1,30,10670645,False,,,,,0,0,224,50104,False,,,,
2026-05-25T02:11:54.132322+00:00,persist,"INJUSDT,NEARUSDT,TIAUSDT",1,0,0,active,0.0,,14,9,0.777778,4.192575,16.547534,6.714803,1,0.61161,260,1,0,0,9,12227858,True,0.61161,5.132,12227867,374,0,0,26,10670659,False,,,,,0,0,225,50104,False,,,,
2026-05-25T02:16:56.288029+00:00,persist,"INJUSDT,NEARUSDT,TIAUSDT",1,0,0,active,0.0,,14,9,0.777778,4.192575,16.547534,6.714803,1,0.486152,260,1,0,0,2,12227867,True,0.486152,5.124,12227869,376,0,0,33,10670659,False,,,,,0,0,225,50104,False,,,,
2026-05-25T09:03:39.779965+00:00,persist,"INJUSDT,NEARUSDT,TIAUSDT",5,0,0,active,1.205204,1.0,16,10,0.8,4.425099,17.752738,6.714803,2,0.196177,759,2,1,1,267,12227869,True,-0.145404,5.245,12228136,9,1,0,240,10670659,True,0.341581,2.414,10670899,135,0,0,252,50104,False,,,,
2026-05-25T09:08:41.948857+00:00,persist,"INJUSDT,NEARUSDT,TIAUSDT",1,0,0,active,0.0,,16,10,0.8,4.425099,17.752738,6.714803,2,-0.238563,253,1,0,0,0,12228136,True,-0.145404,5.245,12228136,9,0,0,1,10670899,True,-0.093159,2.4,10670900,136,0,0,252,50104,False,,,,
2026-05-25T09:13:44.512482+00:00,persist,"INJUSDT,NEARUSDT,TIAUSDT",2,0,0,active,0.0,,16,10,0.8,4.425099,17.752738,6.714803,2,-0.294753,257,2,0,0,4,12228136,True,-0.232647,5.239,12228140,13,0,0,1,10670900,True,-0.062106,2.401,10670901,137,0,0,252,50104,False,,,,
2026-05-25T09:18:46.262909+00:00,persist,"INJUSDT,NEARUSDT,TIAUSDT",0,0,0,active,0.0,,16,10,0.8,4.425099,17.752738,6.714803,2,-0.294753,252,0,0,0,0,12228140,True,-0.232647,5.239,12228140,13,0,0,0,10670901,True,-0.062106,2.401,10670901,137,0,0,252,50104,False,,,,
2026-05-25T09:23:47.942181+00:00,persist,"INJUSDT,NEARUSDT,TIAUSDT",0,0,0,active,0.0,,16,10,0.8,4.425099,17.752738,6.714803,2,-0.294753,252,0,0,0,0,12228140,True,-0.232647,5.239,12228140,13,0,0,0,10670901,True,-0.062106,2.401,10670901,137,0,0,252,50104,False,,,,
2026-05-25T09:28:50.065757+00:00,persist,"INJUSDT,NEARUSDT,TIAUSDT",2,0,0,active,0.0,,16,10,0.8,4.425099,17.752738,6.714803,2,-1.055298,258,2,0,0,2,12228140,True,-0.465294,5.223,12228142,15,0,0,3,10670901,True,-0.590004,2.384,10670904,140,0,0,253,50104,False,,,,
2026-05-25T09:33:52.226091+00:00,persist,"INJUSDT,NEARUSDT,TIAUSDT",2,0,0,active,0.0,,16,10,0.8,4.425099,17.752738,6.714803,2,-0.062106,262,2,0,0,7,12228142,True,0.0,5.255,12228149,22,0,0,2,10670904,True,-0.062106,2.401,10670906,142,0,0,253,50104,False,,,,
2026-05-25T09:38:53.937709+00:00,persist,"INJUSDT,NEARUSDT,TIAUSDT",0,0,0,active,0.0,,16,10,0.8,4.425099,17.752738,6.714803,2,-0.062106,253,0,0,0,0,12228149,True,0.0,5.255,12228149,22,0,0,0,10670906,True,-0.062106,2.401,10670906,142,0,0,253,50104,False,,,,
2026-05-25T09:43:55.841117+00:00,persist,"INJUSDT,NEARUSDT,TIAUSDT",1,0,0,active,0.0,,16,10,0.8,4.425099,17.752738,6.714803,2,-0.186317,257,1,0,0,0,12228149,True,0.0,5.255,12228149,22,0,0,4,10670906,True,-0.186317,2.397,10670910,146,0,0,253,50104,False,,,,
2026-05-25T10:33:46.295955+00:00,persist,"INJUSDT,NEARUSDT,TIAUSDT",2,0,0,active,0.0,,16,10,0.8,4.425099,17.752738,6.714803,2,2.245404,301,2,0,0,29,12228149,True,1.00329,5.324,12228178,51,0,0,18,10670910,True,1.242114,2.443,10670927,164,0,0,254,50104,False,,,,
2026-05-25T10:38:48.407046+00:00,persist,"INJUSDT,NEARUSDT,TIAUSDT",2,0,0,active,0.0,,16,10,0.8,4.425099,17.752738,6.714803,2,2.1,262,2,0,0,5,12228178,True,0.857886,5.314,12228183,56,0,0,2,10670927,True,1.242114,2.443,10670929,165,0,0,255,50104,False,,,,
2026-05-25T10:43:49.908704+00:00,persist,"INJUSDT,NEARUSDT,TIAUSDT",2,0,0,active,0.0,,16,10,0.8,4.425099,17.752738,6.714803,2,2.13894,262,2,0,0,2,12228183,True,0.741562,5.306,12228185,58,0,0,5,10670929,True,1.397378,2.448,10670934,170,0,0,255,50104,False,,,,
2026-05-25T10:48:51.831511+00:00,persist,"INJUSDT,NEARUSDT,TIAUSDT",2,0,0,active,0.0,,16,10,0.8,4.425099,17.752738,6.714803,2,3.286898,267,2,0,0,10,12228185,True,1.67215,5.37,12228195,68,0,0,2,10670934,True,1.614748,2.455,10670936,172,0,0,255,50104,False,,,,
2026-05-25T10:53:53.539358+00:00,persist,"INJUSDT,NEARUSDT,TIAUSDT",1,0,0,active,0.0,,16,10,0.8,4.425099,17.752738,6.714803,2,3.272358,256,1,0,0,1,12228195,True,1.65761,5.369,12228196,69,0,0,0,10670936,True,1.614748,2.455,10670936,172,0,0,255,50104,False,,,,
2026-05-25T10:58:55.496321+00:00,persist,"INJUSDT,NEARUSDT,TIAUSDT",2,0,0,active,0.0,,16,10,0.8,4.425099,17.752738,6.714803,2,3.809618,263,2,0,0,4,12228196,True,1.9775,5.391,12228200,73,0,0,3,10670936,True,1.832118,2.462,10670939,175,0,0,256,50104,False,,,,
2026-05-25T11:03:57.009034+00:00,persist,"INJUSDT,NEARUSDT,TIAUSDT",2,0,0,active,0.0,,16,10,0.8,4.425099,17.752738,6.714803,2,3.744305,274,2,0,0,7,12228200,True,2.253768,5.41,12228207,80,0,0,11,10670939,True,1.490537,2.451,10670950,186,0,0,256,50104,False,,,,
2026-05-25T11:08:58.537228+00:00,persist,"INJUSDT,NEARUSDT,TIAUSDT",1,0,0,active,0.0,,16,10,0.8,4.425099,17.752738,6.714803,2,3.642522,261,1,0,0,5,12228207,True,2.151985,5.403,12228212,85,0,0,0,10670950,True,1.490537,2.451,10670950,186,0,0,256,50104,False,,,,
2026-05-25T11:14:00.045295+00:00,persist,"INJUSDT,NEARUSDT,TIAUSDT",1,0,0,active,0.0,,16,10,0.8,4.425099,17.752738,6.714803,2,4.58765,261,1,0,0,5,12228212,True,3.097113,5.468,12228217,90,0,0,0,10670950,True,1.490537,2.451,10670950,186,0,0,256,50104,False,,,,
2026-05-25T11:19:02.400351+00:00,persist,"INJUSDT,NEARUSDT,TIAUSDT",0,0,0,active,0.0,,16,10,0.8,4.425099,17.752738,6.714803,2,4.58765,256,0,0,0,0,12228217,True,3.097113,5.468,12228217,90,0,0,0,10670950,True,1.490537,2.451,10670950,186,0,0,256,50104,False,,,,
2026-05-25T11:24:04.776691+00:00,persist,"INJUSDT,NEARUSDT,TIAUSDT",1,0,0,active,0.0,,16,10,0.8,4.425099,17.752738,6.714803,2,4.631272,259,1,0,0,3,12228217,True,3.140735,5.471,12228220,93,0,0,0,10670950,True,1.490537,2.451,10670950,186,0,0,256,50104,False,,,,
2026-05-25T11:29:06.677103+00:00,persist,"INJUSDT,NEARUSDT,TIAUSDT",1,0,0,active,0.0,,16,10,0.8,4.425099,17.752738,6.714803,2,4.936621,257,1,0,0,1,12228220,True,3.446084,5.492,12228221,94,0,0,0,10670950,True,1.490537,2.451,10670950,186,0,0,256,50104,False,,,,
2026-05-25T11:42:31.726167+00:00,persist,"INJUSDT,NEARUSDT,TIAUSDT",2,0,0,active,0.0,,16,10,0.8,4.425099,17.752738,6.714803,2,3.982369,262,2,0,0,4,12228221,True,2.864466,5.452,12228225,98,0,0,2,10670950,True,1.117903,2.439,10670952,188,0,0,256,50104,False,,,,
2026-05-25T11:47:33.998402+00:00,persist,"INJUSDT,NEARUSDT,TIAUSDT",0,0,0,active,0.0,,16,10,0.8,4.425099,17.752738,6.714803,2,3.982369,257,0,0,0,0,12228225,True,2.864466,5.452,12228225,98,0,0,0,10670952,True,1.117903,2.439,10670952,188,0,0,257,50104,False,,,,
2026-05-25T11:52:35.530047+00:00,persist,"INJUSDT,NEARUSDT,TIAUSDT",2,0,0,active,0.0,,16,10,0.8,4.425099,17.752738,6.714803,2,4.341199,260,2,0,0,1,12228225,True,3.068032,5.466,12228226,99,0,0,2,10670952,True,1.273167,2.444,10670954,190,0,0,257,50104,False,,,,
2026-05-25T11:57:37.269177+00:00,persist,"INJUSDT,NEARUSDT,TIAUSDT",1,0,0,active,0.0,,16,10,0.8,4.425099,17.752738,6.714803,2,4.719251,261,1,0,0,3,12228226,True,3.446084,5.492,12228229,102,0,0,0,10670954,True,1.273167,2.444,10670954,190,0,0,258,50104,False,,,,
2026-05-25T12:02:39.166894+00:00,persist,"INJUSDT,NEARUSDT,TIAUSDT",1,0,0,active,0.0,,16,10,0.8,4.425099,17.752738,6.714803,2,4.239416,266,1,0,0,8,12228229,True,2.966249,5.459,12228237,110,0,0,0,10670954,True,1.273167,2.444,10670954,190,0,0,258,50104,False,,,,
2026-05-25T12:07:40.876658+00:00,persist,"INJUSDT,NEARUSDT,TIAUSDT",2,0,0,active,0.0,,16,10,0.8,4.425099,17.752738,6.714803,2,5.278202,262,2,0,0,1,12228237,True,3.446084,5.492,12228238,111,0,0,2,10670954,True,1.832118,2.462,10670956,192,0,0,259,50104,False,,,,
2026-05-25T12:12:42.577415+00:00,persist,"INJUSDT,NEARUSDT,TIAUSDT",1,0,0,active,0.0,,16,10,0.8,4.425099,17.752738,6.714803,2,5.868206,262,1,0,0,0,12228238,True,3.446084,5.492,12228238,111,0,0,3,10670956,True,2.422122,2.481,10670959,195,0,0,259,50104,False,,,,
2026-05-25T12:17:44.072617+00:00,persist,"INJUSDT,NEARUSDT,TIAUSDT",1,0,0,active,0.0,,16,10,0.8,4.425099,17.752738,6.714803,2,8.321382,285,1,0,0,0,12228238,True,3.446084,5.492,12228238,111,0,0,26,10670959,True,4.875298,2.56,10670985,221,0,0,259,50104,False,,,,
2026-05-25T12:22:45.762949+00:00,persist,"INJUSDT,NEARUSDT,TIAUSDT",2,0,0,active,0.0,,16,10,0.8,4.425099,17.752738,6.714803,2,7.895765,262,2,0,0,1,12228238,True,3.082573,5.467,12228239,112,0,0,2,10670985,True,4.813192,2.558,10670987,223,0,0,259,50104,False,,,,
2026-05-25T12:27:47.278649+00:00,persist,"INJUSDT,NEARUSDT,TIAUSDT",2,0,0,active,0.0,,16,10,0.8,4.425099,17.752738,6.714803,2,7.961554,278,2,0,0,17,12228239,True,4.173106,5.542,12228256,129,0,0,2,10670987,True,3.788448,2.525,10670989,225,0,0,259,50104,False,,,,
2026-05-25T12:32:49.659434+00:00,persist,"INJUSDT,NEARUSDT,TIAUSDT",2,0,0,active,0.0,,16,10,0.8,4.425099,17.752738,6.714803,2,8.733432,276,2,0,0,11,12228256,True,4.696561,5.578,12228267,140,0,0,6,10670989,True,4.036871,2.533,10670995,231,0,0,259,50104,False,,,,
2026-05-25T12:37:51.164598+00:00,persist,"INJUSDT,NEARUSDT,TIAUSDT",2,0,0,active,0.0,,16,10,0.8,4.425099,17.752738,6.714803,2,10.075595,273,2,0,0,11,12228267,True,5.510826,5.634,12228278,151,0,0,3,10670995,True,4.564769,2.55,10670998,234,0,0,259,50104,False,,,,
2026-05-25T12:50:16.339305+00:00,dry_run,"INJUSDT,NEARUSDT,TIAUSDT",0,0,2,active,0.0,,16,10,0.8,4.425099,17.752738,6.714803,2,9.334033,292,2,0,0,28,12228278,True,4.769264,5.583,12228306,179,0,0,5,10670998,True,4.564769,2.55,10671003,239,0,0,259,50104,False,,,,
2026-05-25T12:51:11.808269+00:00,persist,"INJUSDT,NEARUSDT,TIAUSDT",2,0,0,active,0.0,,16,10,0.8,4.425099,17.752738,6.714803,2,9.334033,292,2,0,0,28,12228278,True,4.769264,5.583,12228306,179,0,0,5,10670998,True,4.564769,2.55,10671003,239,0,0,259,50104,False,,,,
2026-05-25T12:56:13.983013+00:00,persist,"INJUSDT,NEARUSDT,TIAUSDT",2,0,0,active,4.05085,1.0,16,11,0.818182,5.206644,21.803588,6.714803,1,3.757395,267,1,0,1,7,12228306,False,,,,,0,0,1,10671003,True,3.757395,2.524,10671004,240,0,0,259,50104,False,,,,
2026-05-25T13:01:16.366056+00:00,persist,"INJUSDT,NEARUSDT,TIAUSDT",1,0,0,active,0.0,,16,11,0.818182,5.206644,21.803588,6.714803,1,2.794757,280,1,0,0,11,12228313,False,,,,,0,0,10,10671004,True,2.794757,2.493,10671014,250,0,0,259,50104,False,,,,
2026-05-25T13:06:18.928477+00:00,persist,"INJUSDT,NEARUSDT,TIAUSDT",1,0,0,active,0.0,,16,11,0.818182,5.206644,21.803588,6.714803,1,3.446866,280,1,0,0,15,12228313,False,,,,,0,0,6,10671014,True,3.446866,2.514,10671020,256,0,0,259,50104,False,,,,
2026-05-25T13:11:20.437559+00:00,persist,"INJUSDT,NEARUSDT,TIAUSDT",1,0,0,active,0.0,,16,11,0.818182,5.206644,21.803588,6.714803,1,3.602131,283,1,0,0,15,12228313,False,,,,,0,0,9,10671020,True,3.602131,2.519,10671029,265,0,0,259,50104,False,,,,
2026-05-25T13:16:22.176266+00:00,persist,"INJUSDT,NEARUSDT,TIAUSDT",1,0,0,active,0.0,,16,11,0.818182,5.206644,21.803588,6.714803,1,3.477919,287,1,0,0,24,12228313,False,,,,,0,0,4,10671029,True,3.477919,2.515,10671033,269,0,0,259,50104,False,,,,
2026-05-25T13:21:23.909455+00:00,persist,"INJUSDT,NEARUSDT,TIAUSDT",1,0,0,active,0.0,,16,11,0.818182,5.206644,21.803588,6.714803,1,3.384761,299,1,0,0,34,12228313,False,,,,,0,0,6,10671033,True,3.384761,2.512,10671039,275,0,0,259,50104,False,,,,
2026-05-25T13:26:25.673245+00:00,persist,"INJUSDT,NEARUSDT,TIAUSDT",1,0,0,active,0.0,,16,11,0.818182,5.206644,21.803588,6.714803,1,3.757395,298,1,0,0,36,12228313,False,,,,,0,0,3,10671039,True,3.757395,2.524,10671042,278,0,0,259,50104,False,,,,
2026-05-25T13:31:27.399019+00:00,persist,"INJUSDT,NEARUSDT,TIAUSDT",1,0,0,active,0.0,,16,11,0.818182,5.206644,21.803588,6.714803,1,3.695289,305,1,0,0,43,12228313,False,,,,,0,0,3,10671042,True,3.695289,2.522,10671045,281,0,0,259,50104,False,,,,
2026-05-25T13:36:28.887148+00:00,persist,"INJUSDT,NEARUSDT,TIAUSDT",1,0,0,active,0.0,,16,11,0.818182,5.206644,21.803588,6.714803,1,3.788448,306,1,0,0,45,12228313,False,,,,,0,0,2,10671045,True,3.788448,2.525,10671047,283,0,0,259,50104,False,,,,
2026-05-25T13:41:30.852612+00:00,persist,"INJUSDT,NEARUSDT,TIAUSDT",1,0,0,active,0.0,,16,11,0.818182,5.206644,21.803588,6.714803,1,4.999509,321,1,0,0,47,12228313,False,,,,,0,0,15,10671047,True,4.999509,2.564,10671062,298,0,0,259,50104,False,,,,
2026-05-25T13:46:32.616781+00:00,persist,"INJUSDT,NEARUSDT,TIAUSDT",1,0,0,active,0.0,,16,11,0.818182,5.206644,21.803588,6.714803,1,5.620566,362,1,0,0,49,12228313,False,,,,,0,0,54,10671062,True,5.620566,2.584,10671116,352,0,0,259,50104,False,,,,
2026-05-25T13:51:34.397042+00:00,persist,"INJUSDT,NEARUSDT,TIAUSDT",1,0,0,active,0.0,,16,11,0.818182,5.206644,21.803588,6.714803,1,6.21057,336,1,0,0,54,12228313,False,,,,,0,0,22,10671116,True,6.21057,2.603,10671138,374,0,0,260,50104,False,,,,
2026-05-25T13:56:36.229250+00:00,persist,"INJUSDT,NEARUSDT,TIAUSDT",1,0,0,active,0.0,,16,11,0.818182,5.206644,21.803588,6.714803,1,7.08005,342,1,0,0,57,12228313,False,,,,,0,0,24,10671138,True,7.08005,2.631,10671162,398,0,0,261,50104,False,,,,
2026-05-25T14:01:38.407444+00:00,persist,"INJUSDT,NEARUSDT,TIAUSDT",1,0,0,active,0.0,,16,11,0.818182,5.206644,21.803588,6.714803,1,6.893733,336,1,0,0,64,12228313,False,,,,,0,0,11,10671162,True,6.893733,2.625,10671173,409,0,0,261,50104,False,,,,
2026-05-25T14:06:40.169686+00:00,persist,"INJUSDT,NEARUSDT,TIAUSDT",1,0,0,active,0.0,,16,11,0.818182,5.206644,21.803588,6.714803,1,7.142156,345,1,0,0,70,12228313,False,,,,,0,0,14,10671173,True,7.142156,2.633,10671187,423,0,0,261,50104,False,,,,
2026-05-25T14:11:41.912496+00:00,persist,"INJUSDT,NEARUSDT,TIAUSDT",1,0,0,active,0.0,,16,11,0.818182,5.206644,21.803588,6.714803,1,8.011635,370,1,0,0,72,12228313,False,,,,,0,0,37,10671187,True,8.011635,2.661,10671224,460,0,0,261,50104,False,,,,
2026-05-25T14:16:43.483892+00:00,persist,"INJUSDT,NEARUSDT,TIAUSDT",1,0,0,active,0.0,,16,11,0.818182,5.206644,21.803588,6.714803,1,8.011635,354,1,0,0,73,12228313,False,,,,,0,0,20,10671224,True,8.011635,2.661,10671244,480,0,0,261,50104,False,,,,
2026-05-25T14:21:45.033400+00:00,persist,"INJUSDT,NEARUSDT,TIAUSDT",3,0,0,active,9.103305,1.0,17,12,0.833333,6.962977,30.906893,6.714803,1,-2.234242,362,1,0,0,75,12228313,False,,,,,1,1,26,10671244,True,-2.234242,2.671,10671270,4,0,0,261,50104,False,,,,
2026-05-25T14:26:46.568750+00:00,persist,"INJUSDT,NEARUSDT,TIAUSDT",1,0,0,active,0.0,,17,12,0.833333,6.962977,30.906893,6.714803,1,-2.653162,348,1,0,0,78,12228313,False,,,,,0,0,9,10671270,True,-2.653162,2.656,10671279,13,0,0,261,50104,False,,,,
2026-05-25T14:31:48.108647+00:00,persist,"INJUSDT,NEARUSDT,TIAUSDT",1,0,0,active,0.0,,17,12,0.833333,6.962977,30.906893,6.714803,1,-2.318026,346,1,0,0,79,12228313,False,,,,,0,0,6,10671279,True,-2.318026,2.668,10671285,19,0,0,261,50104,False,,,,
2026-05-25T14:36:50.073962+00:00,persist,"INJUSDT,NEARUSDT,TIAUSDT",0,0,0,active,0.0,,17,12,0.833333,6.962977,30.906893,6.714803,1,-2.318026,342,0,0,0,81,12228313,False,,,,,0,0,0,10671285,True,-2.318026,2.668,10671285,19,0,0,261,50104,False,,,,
2026-05-25T14:41:52.267525+00:00,persist,"INJUSDT,NEARUSDT,TIAUSDT",1,0,0,active,0.0,,17,12,0.833333,6.962977,30.906893,6.714803,1,-2.764875,345,1,0,0,81,12228313,False,,,,,0,0,3,10671285,True,-2.764875,2.652,10671288,22,0,0,261,50104,False,,,,
2026-05-25T14:46:53.818849+00:00,persist,"INJUSDT,NEARUSDT,TIAUSDT",1,0,0,active,0.0,,17,12,0.833333,6.962977,30.906893,6.714803,1,-2.178386,349,1,0,0,82,12228313,False,,,,,0,0,6,10671288,True,-2.178386,2.673,10671294,28,0,0,261,50104,False,,,,
2026-05-25T14:51:55.576567+00:00,persist,"INJUSDT,NEARUSDT,TIAUSDT",1,0,0,active,0.0,,17,12,0.833333,6.962977,30.906893,6.714803,1,-1.871178,356,1,0,0,84,12228313,False,,,,,0,0,11,10671294,True,-1.871178,2.684,10671305,39,0,0,261,50104,False,,,,
2026-05-25T14:56:57.141941+00:00,persist,"INJUSDT,NEARUSDT,TIAUSDT",1,0,0,active,0.0,,17,12,0.833333,6.962977,30.906893,6.714803,1,-2.318026,353,1,0,0,85,12228313,False,,,,,0,0,7,10671305,True,-2.318026,2.668,10671312,46,0,0,261,50104,False,,,,
2026-05-25T15:01:58.717268+00:00,persist,"INJUSDT,NEARUSDT,TIAUSDT",1,0,0,active,0.0,,17,12,0.833333,6.962977,30.906893,6.714803,1,-1.98289,363,1,0,0,90,12228313,False,,,,,0,0,11,10671312,True,-1.98289,2.68,10671323,57,0,0,262,50104,False,,,,
2026-05-25T15:07:00.275545+00:00,persist,"INJUSDT,NEARUSDT,TIAUSDT",1,0,0,active,0.0,,17,12,0.833333,6.962977,30.906893,6.714803,1,-2.206314,366,1,0,0,92,12228313,False,,,,,0,0,12,10671323,True,-2.206314,2.672,10671335,69,0,0,262,50104,False,,,,
2026-05-25T15:12:01.830783+00:00,persist,"INJUSDT,NEARUSDT,TIAUSDT",1,0,0,active,0.0,,17,12,0.833333,6.962977,30.906893,6.714803,1,-2.792803,360,1,0,0,94,12228313,False,,,,,0,0,3,10671335,True,-2.792803,2.651,10671338,72,0,0,263,50104,False,,,,
2026-05-25T15:17:03.379171+00:00,persist,"INJUSDT,NEARUSDT,TIAUSDT",1,0,0,active,0.0,,17,12,0.833333,6.962977,30.906893,6.714803,1,-2.932443,364,1,0,0,94,12228313,False,,,,,0,0,6,10671338,True,-2.932443,2.646,10671344,78,0,0,264,50104,False,,,,
2026-05-25T15:22:05.095158+00:00,persist,"INJUSDT,NEARUSDT,TIAUSDT",1,0,0,active,0.0,,17,12,0.833333,6.962977,30.906893,6.714803,1,-2.876587,360,1,0,0,94,12228313,False,,,,,0,0,2,10671344,True,-2.876587,2.648,10671346,80,0,0,264,50104,False,,,,
2026-05-25T15:27:07.082876+00:00,persist,"INJUSDT,NEARUSDT,TIAUSDT",1,0,0,active,0.0,,17,12,0.833333,6.962977,30.906893,6.714803,1,-2.709019,369,1,0,0,96,12228313,False,,,,,0,0,9,10671346,True,-2.709019,2.654,10671355,89,0,0,264,50104,False,,,,
2026-05-25T15:32:09.526548+00:00,persist,"INJUSDT,NEARUSDT,TIAUSDT",1,0,0,active,0.0,,17,12,0.833333,6.962977,30.906893,6.714803,1,-2.625234,366,1,0,0,98,12228313,False,,,,,0,0,2,10671355,True,-2.625234,2.657,10671357,91,0,0,266,50104,False,,,,
2026-05-25T15:37:11.441465+00:00,persist,"INJUSDT,NEARUSDT,TIAUSDT",1,0,0,active,0.0,,17,12,0.833333,6.962977,30.906893,6.714803,1,-2.373882,408,1,0,0,112,12228313,False,,,,,0,0,27,10671357,True,-2.373882,2.666,10671384,118,0,0,269,50104,False,,,,
2026-05-25T15:42:12.990246+00:00,persist,"INJUSDT,NEARUSDT,TIAUSDT",1,0,0,active,0.0,,17,12,0.833333,6.962977,30.906893,6.714803,1,-2.290098,388,1,0,0,117,12228313,False,,,,,0,0,2,10671384,True,-2.290098,2.669,10671386,120,0,0,269,50104,False,,,,
2026-05-25T15:47:14.907302+00:00,persist,"INJUSDT,NEARUSDT,TIAUSDT",1,0,0,active,0.0,,17,12,0.833333,6.962977,30.906893,6.714803,1,-1.954962,394,1,0,0,119,12228313,False,,,,,0,0,6,10671386,True,-1.954962,2.681,10671392,126,0,0,269,50104,False,,,,
2026-05-25T15:52:16.640824+00:00,persist,"INJUSDT,NEARUSDT,TIAUSDT",1,0,0,active,0.0,,17,12,0.833333,6.962977,30.906893,6.714803,1,-1.647754,422,1,0,0,126,12228313,False,,,,,0,0,26,10671392,True,-1.647754,2.692,10671418,152,0,0,270,50104,False,,,,
2026-05-25T15:57:18.968747+00:00,persist,"INJUSDT,NEARUSDT,TIAUSDT",1,0,0,active,0.0,,17,12,0.833333,6.962977,30.906893,6.714803,1,-1.200905,430,1,0,0,130,12228313,False,,,,,0,0,30,10671418,True,-1.200905,2.708,10671448,182,0,0,270,50104,False,,,,
2026-05-25T16:02:21.301276+00:00,persist,"INJUSDT,NEARUSDT,TIAUSDT",1,0,0,active,0.0,,17,12,0.833333,6.962977,30.906893,6.714803,1,-1.424329,416,1,0,0,133,12228313,False,,,,,0,0,13,10671448,True,-1.424329,2.7,10671461,195,0,0,270,50104,False,,,,
2026-05-25T16:07:23.031683+00:00,persist,"INJUSDT,NEARUSDT,TIAUSDT",1,0,0,active,0.0,,17,12,0.833333,6.962977,30.906893,6.714803,1,-1.508113,408,1,0,0,133,12228313,False,,,,,0,0,5,10671461,True,-1.508113,2.697,10671466,200,0,0,270,50104,False,,,,
2026-05-25T16:12:25.422624+00:00,persist,"INJUSDT,NEARUSDT,TIAUSDT",1,0,0,active,0.0,,17,12,0.833333,6.962977,30.906893,6.714803,1,-1.759466,420,1,0,0,140,12228313,False,,,,,0,0,10,10671466,True,-1.759466,2.688,10671476,210,0,0,270,50104,False,,,,
2026-05-25T16:17:27.550859+00:00,persist,"INJUSDT,NEARUSDT,TIAUSDT",1,0,0,active,0.0,,17,12,0.833333,6.962977,30.906893,6.714803,1,-1.70361,429,1,0,0,145,12228313,False,,,,,0,0,14,10671476,True,-1.70361,2.69,10671490,224,0,0,270,50104,False,,,,
2026-05-25T16:22:29.533512+00:00,persist,"INJUSDT,NEARUSDT,TIAUSDT",1,0,0,active,0.0,,17,12,0.833333,6.962977,30.906893,6.714803,1,-1.731538,438,1,0,0,147,12228313,False,,,,,0,0,16,10671490,True,-1.731538,2.689,10671506,240,0,0,275,50104,False,,,,
2026-05-25T16:27:31.093856+00:00,persist,"INJUSDT,NEARUSDT,TIAUSDT",1,0,0,active,0.0,,17,12,0.833333,6.962977,30.906893,6.714803,1,-1.284689,441,1,0,0,149,12228313,False,,,,,0,0,16,10671506,True,-1.284689,2.705,10671522,256,0,0,276,50104,False,,,,
2026-05-25T16:32:32.780528+00:00,persist,"INJUSDT,NEARUSDT,TIAUSDT",1,0,0,active,0.0,,17,12,0.833333,6.962977,30.906893,6.714803,1,-1.563969,430,1,0,0,152,12228313,False,,,,,0,0,1,10671522,True,-1.563969,2.695,10671523,257,0,0,277,50104,False,,,,
2026-05-25T16:37:34.523696+00:00,persist,"INJUSDT,NEARUSDT,TIAUSDT",1,0,0,active,0.0,,17,12,0.833333,6.962977,30.906893,6.714803,1,-0.474776,439,1,0,0,152,12228313,False,,,,,0,0,9,10671523,True,-0.474776,2.734,10671532,266,0,0,278,50104,False,,,,
2026-05-25T16:42:36.109010+00:00,persist,"INJUSDT,NEARUSDT,TIAUSDT",1,0,0,active,0.0,,17,12,0.833333,6.962977,30.906893,6.714803,1,-0.614417,455,1,0,0,154,12228313,False,,,,,0,0,21,10671532,True,-0.614417,2.729,10671553,287,0,0,280,50104,False,,,,
2026-05-25T16:47:38.046509+00:00,persist,"INJUSDT,NEARUSDT,TIAUSDT",1,0,0,active,0.0,,17,12,0.833333,6.962977,30.906893,6.714803,1,1.200905,487,1,0,0,154,12228313,False,,,,,0,0,50,10671553,True,1.200905,2.794,10671603,337,0,0,283,50104,False,,,,
2026-05-25T16:52:39.827080+00:00,persist,"INJUSDT,NEARUSDT,TIAUSDT",1,0,0,active,0.0,,17,12,0.833333,6.962977,30.906893,6.714803,1,1.200905,472,1,0,0,155,12228313,False,,,,,0,0,31,10671603,True,1.200905,2.794,10671634,368,0,0,286,50104,False,,,,
2026-05-25T16:57:41.781351+00:00,persist,"INJUSDT,NEARUSDT,TIAUSDT",1,0,0,active,0.0,,17,12,0.833333,6.962977,30.906893,6.714803,1,1.312617,453,1,0,0,159,12228313,False,,,,,0,0,8,10671634,True,1.312617,2.798,10671642,376,0,0,286,50104,False,,,,
2026-05-25T17:02:43.848955+00:00,persist,"INJUSDT,NEARUSDT,TIAUSDT",1,0,0,active,0.0,,17,12,0.833333,6.962977,30.906893,6.714803,1,0.977481,482,1,0,0,168,12228313,False,,,,,0,0,27,10671642,True,0.977481,2.786,10671669,403,0,0,287,50104,False,,,,
2026-05-25T17:07:45.585454+00:00,persist,"INJUSDT,NEARUSDT,TIAUSDT",1,0,0,active,0.0,,17,12,0.833333,6.962977,30.906893,6.714803,1,1.256761,494,1,0,0,172,12228313,False,,,,,0,0,32,10671669,True,1.256761,2.796,10671701,435,0,0,290,50104,False,,,,
2026-05-25T17:12:47.296481+00:00,persist,"INJUSDT,NEARUSDT,TIAUSDT",1,0,0,active,0.0,,17,12,0.833333,6.962977,30.906893,6.714803,1,0.781985,478,1,0,0,173,12228313,False,,,,,0,0,15,10671701,True,0.781985,2.779,10671716,450,0,0,290,50104,False,,,,
2026-05-25T17:17:49.014146+00:00,persist,"INJUSDT,NEARUSDT,TIAUSDT",1,0,0,active,0.0,,17,12,0.833333,6.962977,30.906893,6.714803,1,0.809913,478,1,0,0,176,12228313,False,,,,,0,0,10,10671716,True,0.809913,2.78,10671726,460,0,0,292,50104,False,,,,
2026-05-25T17:22:50.546413+00:00,persist,"INJUSDT,NEARUSDT,TIAUSDT",1,0,0,active,0.0,,17,12,0.833333,6.962977,30.906893,6.714803,1,0.307208,474,1,0,0,176,12228313,False,,,,,0,0,5,10671726,True,0.307208,2.762,10671731,465,0,0,293,50104,False,,,,
2026-05-25T17:27:52.547818+00:00,persist,"INJUSDT,NEARUSDT,TIAUSDT",1,0,0,active,0.0,,17,12,0.833333,6.962977,30.906893,6.714803,1,0.530632,476,1,0,0,179,12228313,False,,,,,0,0,3,10671731,True,0.530632,2.77,10671734,468,0,0,294,50104,False,,,,
2026-05-25T17:32:54.307599+00:00,persist,"INJUSDT,NEARUSDT,TIAUSDT",1,0,0,active,0.0,,17,12,0.833333,6.962977,30.906893,6.714803,1,-0.083784,493,1,0,0,182,12228313,False,,,,,0,0,12,10671734,True,-0.083784,2.748,10671746,480,0,0,299,50104,False,,,,
2026-05-25T17:37:55.822562+00:00,persist,"INJUSDT,NEARUSDT,TIAUSDT",1,0,0,active,0.0,,17,12,0.833333,6.962977,30.906893,6.714803,1,-0.223424,486,1,0,0,186,12228313,False,,,,,0,0,1,10671746,True,-0.223424,2.743,10671747,481,0,0,299,50104,False,,,,
2026-05-25T17:42:57.348700+00:00,persist,"INJUSDT,NEARUSDT,TIAUSDT",1,0,0,active,0.0,,17,12,0.833333,6.962977,30.906893,6.714803,1,-0.251352,503,1,0,0,187,12228313,False,,,,,0,0,11,10671747,True,-0.251352,2.742,10671758,492,0,0,305,50104,False,,,,
2026-05-25T17:47:59.066800+00:00,persist,"INJUSDT,NEARUSDT,TIAUSDT",1,0,0,active,0.0,,17,12,0.833333,6.962977,30.906893,6.714803,1,-0.363064,504,1,0,0,189,12228313,False,,,,,0,0,7,10671758,True,-0.363064,2.738,10671765,499,0,0,308,50104,False,,,,
2026-05-25T17:53:01.033388+00:00,persist,"INJUSDT,NEARUSDT,TIAUSDT",1,0,0,active,0.0,,17,12,0.833333,6.962977,30.906893,6.714803,1,-0.530632,500,1,0,0,191,12228313,False,,,,,0,0,1,10671765,True,-0.530632,2.732,10671766,500,0,0,308,50104,False,,,,
2026-05-25T17:58:05.530772+00:00,persist,"INJUSDT,NEARUSDT,TIAUSDT",1,0,0,active,0.0,,17,12,0.833333,6.962977,30.906893,6.714803,1,-0.949553,522,1,0,0,194,12228313,False,,,,,0,0,18,10671766,True,-0.949553,2.717,10671784,518,0,0,310,50104,False,,,,
2026-05-25T18:03:07.109274+00:00,persist,"INJUSDT,NEARUSDT,TIAUSDT",1,0,0,active,0.0,,17,12,0.833333,6.962977,30.906893,6.714803,1,-0.251352,522,1,0,0,203,12228313,False,,,,,0,0,4,10671784,True,-0.251352,2.742,10671788,522,0,0,315,50104,False,,,,
2026-05-25T18:08:08.650164+00:00,persist,"INJUSDT,NEARUSDT,TIAUSDT",1,0,0,active,0.0,,17,12,0.833333,6.962977,30.906893,6.714803,1,0.195496,545,1,0,0,219,12228313,False,,,,,0,0,8,10671788,True,0.195496,2.758,10671796,530,0,0,318,50104,False,,,,
2026-05-25T18:13:10.256913+00:00,persist,"INJUSDT,NEARUSDT,TIAUSDT",1,0,0,active,0.0,,17,12,0.833333,6.962977,30.906893,6.714803,1,0.0,547,1,0,0,223,12228313,False,,,,,0,0,3,10671796,True,0.0,2.751,10671799,533,0,0,321,50104,False,,,,
2026-05-25T18:18:11.821707+00:00,persist,"INJUSDT,NEARUSDT,TIAUSDT",1,0,0,active,0.0,,17,12,0.833333,6.962977,30.906893,6.714803,1,0.27928,617,1,0,0,285,12228313,False,,,,,0,0,7,10671799,True,0.27928,2.761,10671806,540,0,0,325,50104,False,,,,
2026-05-25T18:23:13.355085+00:00,persist,"INJUSDT,NEARUSDT,TIAUSDT",1,0,0,active,0.0,,17,12,0.833333,6.962977,30.906893,6.714803,1,-0.223424,673,1,0,0,345,12228313,False,,,,,0,0,1,10671806,True,-0.223424,2.743,10671807,541,0,0,327,50104,False,,,,
2026-05-25T18:28:15.326311+00:00,persist,"INJUSDT,NEARUSDT,TIAUSDT",1,0,0,active,0.0,,17,12,0.833333,6.962977,30.906893,6.714803,1,-0.726129,742,1,0,0,408,12228313,False,,,,,0,0,6,10671807,True,-0.726129,2.725,10671813,547,0,0,328,50104,False,,,,
2026-05-25T18:33:16.857635+00:00,persist,"INJUSDT,NEARUSDT,TIAUSDT",1,0,0,active,0.0,,17,12,0.833333,6.962977,30.906893,6.714803,1,-0.195496,759,1,0,0,428,12228313,False,,,,,0,0,1,10671813,True,-0.195496,2.744,10671814,548,0,0,330,50104,False,,,,
2026-05-25T18:38:18.595817+00:00,persist,"INJUSDT,NEARUSDT,TIAUSDT",1,0,0,active,0.0,,17,12,0.833333,6.962977,30.906893,6.714803,1,-0.558561,766,1,0,0,428,12228313,False,,,,,0,0,8,10671814,True,-0.558561,2.731,10671822,556,0,0,330,50104,False,,,,
2026-05-25T18:43:20.573715+00:00,persist,"INJUSDT,NEARUSDT,TIAUSDT",1,0,0,active,0.0,,17,12,0.833333,6.962977,30.906893,6.714803,1,-0.614417,765,1,0,0,430,12228313,False,,,,,0,0,5,10671822,True,-0.614417,2.729,10671827,561,0,0,330,50104,False,,,,
2026-05-25T18:48:22.340499+00:00,persist,"INJUSDT,NEARUSDT,TIAUSDT",1,0,0,active,0.0,,17,12,0.833333,6.962977,30.906893,6.714803,1,-0.502704,783,1,0,0,430,12228313,False,,,,,0,0,23,10671827,True,-0.502704,2.733,10671850,584,0,0,330,50104,False,,,,
2026-05-25T18:53:23.886277+00:00,persist,"INJUSDT,NEARUSDT,TIAUSDT",1,0,0,active,0.0,,17,12,0.833333,6.962977,30.906893,6.714803,1,-0.949553,764,1,0,0,430,12228313,False,,,,,0,0,4,10671850,True,-0.949553,2.717,10671854,588,0,0,330,50104,False,,,,
2026-05-25T18:58:25.879939+00:00,persist,"INJUSDT,NEARUSDT,TIAUSDT",1,0,0,active,0.0,,17,12,0.833333,6.962977,30.906893,6.714803,1,-0.558561,782,1,0,0,448,12228313,False,,,,,0,0,1,10671854,True,-0.558561,2.731,10671855,589,0,0,333,50104,False,,,,
2026-05-25T19:03:27.609525+00:00,persist,"INJUSDT,NEARUSDT,TIAUSDT",1,0,0,active,0.0,,17,12,0.833333,6.962977,30.906893,6.714803,1,-0.642345,800,1,0,0,462,12228313,False,,,,,0,0,5,10671855,True,-0.642345,2.728,10671860,594,0,0,333,50104,False,,,,
2026-05-25T19:08:29.572177+00:00,persist,"INJUSDT,NEARUSDT,TIAUSDT",0,0,0,active,0.0,,17,12,0.833333,6.962977,30.906893,6.714803,1,-0.642345,796,0,0,0,463,12228313,False,,,,,0,0,0,10671860,True,-0.642345,2.728,10671860,594,0,0,333,50104,False,,,,
2026-05-25T19:13:31.122853+00:00,persist,"INJUSDT,NEARUSDT,TIAUSDT",1,0,0,active,0.0,,17,12,0.833333,6.962977,30.906893,6.714803,1,-1.061265,802,1,0,0,467,12228313,False,,,,,0,0,2,10671860,True,-1.061265,2.713,10671862,596,0,0,333,50104,False,,,,
2026-05-25T19:18:32.709829+00:00,persist,"INJUSDT,NEARUSDT,TIAUSDT",1,0,0,active,-0.569776,0.0,17,13,0.769231,6.273354,30.337117,6.714803,0,0,806,0,0,0,469,12228313,False,,,,,0,1,4,10671862,False,,,,,0,0,333,50104,False,,,,
2026-05-25T19:23:34.496967+00:00,persist,"INJUSDT,NEARUSDT,TIAUSDT",0,0,0,active,0.0,,17,13,0.769231,6.273354,30.337117,6.714803,0,0,813,0,0,0,470,12228313,False,,,,,0,0,10,10671866,False,,,,,0,0,333,50104,False,,,,
2026-05-25T19:28:36.032896+00:00,persist,"INJUSDT,NEARUSDT,TIAUSDT",0,0,0,active,0.0,,17,13,0.769231,6.273354,30.337117,6.714803,0,0,822,0,0,0,474,12228313,False,,,,,0,0,15,10671866,False,,,,,0,0,333,50104,False,,,,
2026-05-25T19:33:37.982450+00:00,persist,"INJUSDT,NEARUSDT,TIAUSDT",0,0,0,active,0.0,,17,13,0.769231,6.273354,30.337117,6.714803,0,0,827,0,0,0,474,12228313,False,,,,,0,0,20,10671866,False,,,,,0,0,333,50104,False,,,,
2026-05-25T19:38:39.523340+00:00,persist,"INJUSDT,NEARUSDT,TIAUSDT",0,0,0,active,0.0,,17,13,0.769231,6.273354,30.337117,6.714803,0,0,840,0,0,0,474,12228313,False,,,,,0,0,33,10671866,False,,,,,0,0,333,50104,False,,,,
2026-05-25T19:43:41.295822+00:00,persist,"INJUSDT,NEARUSDT,TIAUSDT",0,0,0,active,0.0,,17,13,0.769231,6.273354,30.337117,6.714803,0,0,853,0,0,0,477,12228313,False,,,,,0,0,43,10671866,False,,,,,0,0,333,50104,False,,,,
2026-05-25T19:48:42.815993+00:00,persist,"INJUSDT,NEARUSDT,TIAUSDT",0,0,0,active,0.0,,17,13,0.769231,6.273354,30.337117,6.714803,0,0,863,0,0,0,482,12228313,False,,,,,0,0,46,10671866,False,,,,,0,0,335,50104,False,,,,
2026-05-25T19:53:44.371371+00:00,persist,"INJUSDT,NEARUSDT,TIAUSDT",0,0,0,active,0.0,,17,13,0.769231,6.273354,30.337117,6.714803,0,0,876,0,0,0,488,12228313,False,,,,,0,0,52,10671866,False,,,,,0,0,336,50104,False,,,,
2026-05-25T19:58:45.916285+00:00,persist,"INJUSDT,NEARUSDT,TIAUSDT",0,0,0,active,0.0,,17,13,0.769231,6.273354,30.337117,6.714803,0,0,878,0,0,0,488,12228313,False,,,,,0,0,54,10671866,False,,,,,0,0,336,50104,False,,,,
2026-05-25T20:03:47.635055+00:00,persist,"INJUSDT,NEARUSDT,TIAUSDT",0,0,0,active,0.0,,17,13,0.769231,6.273354,30.337117,6.714803,0,0,886,0,0,0,489,12228313,False,,,,,0,0,60,10671866,False,,,,,0,0,337,50104,False,,,,
2026-05-25T20:08:49.397976+00:00,persist,"INJUSDT,NEARUSDT,TIAUSDT",0,0,0,active,0.0,,17,13,0.769231,6.273354,30.337117,6.714803,0,0,901,0,0,0,489,12228313,False,,,,,0,0,75,10671866,False,,,,,0,0,337,50104,False,,,,
2026-05-25T20:13:50.953101+00:00,persist,"INJUSDT,NEARUSDT,TIAUSDT",0,0,0,active,0.0,,17,13,0.769231,6.273354,30.337117,6.714803,0,0,907,0,0,0,494,12228313,False,,,,,0,0,75,10671866,False,,,,,0,0,338,50104,False,,,,
2026-05-25T20:18:52.504152+00:00,persist,"INJUSDT,NEARUSDT,TIAUSDT",2,0,0,active,0.0,,18,13,0.769231,6.273354,30.337117,6.714803,1,-0.126598,922,1,0,0,501,12228313,False,,,,,1,0,83,10671866,True,-0.126598,2.764,10671949,5,0,0,338,50104,False,,,,
2026-05-25T20:23:54.220357+00:00,persist,"INJUSDT,NEARUSDT,TIAUSDT",1,0,0,active,0.0,,18,13,0.769231,6.273354,30.337117,6.714803,1,-0.075959,843,1,0,0,503,12228313,False,,,,,0,0,1,10671949,True,-0.075959,2.766,10671950,6,0,0,339,50104,False,,,,
2026-05-25T20:28:55.766734+00:00,persist,"INJUSDT,NEARUSDT,TIAUSDT",1,0,0,active,0.0,,18,13,0.769231,6.273354,30.337117,6.714803,1,-0.405114,845,1,0,0,504,12228313,False,,,,,0,0,2,10671950,True,-0.405114,2.753,10671952,8,0,0,339,50104,False,,,,
2026-05-25T20:33:57.533037+00:00,persist,"INJUSDT,NEARUSDT,TIAUSDT",0,0,0,active,0.0,,18,13,0.769231,6.273354,30.337117,6.714803,1,-0.405114,845,0,0,0,505,12228313,False,,,,,0,0,0,10671952,True,-0.405114,2.753,10671952,8,0,0,340,50104,False,,,,
2026-05-25T20:38:59.965092+00:00,persist,"INJUSDT,NEARUSDT,TIAUSDT",1,0,0,active,0.0,,18,13,0.769231,6.273354,30.337117,6.714803,1,-1.038104,849,1,0,0,506,12228313,False,,,,,0,0,1,10671952,True,-1.038104,2.728,10671953,9,0,0,342,50104,False,,,,
2026-05-25T20:44:02.149219+00:00,persist,"INJUSDT,NEARUSDT,TIAUSDT",1,0,0,active,0.0,,18,13,0.769231,6.273354,30.337117,6.714803,1,-1.012784,854,1,0,0,510,12228313,False,,,,,0,0,2,10671953,True,-1.012784,2.729,10671955,11,0,0,342,50104,False,,,,
2026-05-25T20:49:03.694009+00:00,persist,"INJUSDT,NEARUSDT,TIAUSDT",1,0,0,active,0.0,,18,13,0.769231,6.273354,30.337117,6.714803,1,-0.784908,860,1,0,0,514,12228313,False,,,,,0,0,3,10671955,True,-0.784908,2.738,10671958,14,0,0,343,50104,False,,,,
2026-05-25T20:54:05.251729+00:00,persist,"INJUSDT,NEARUSDT,TIAUSDT",1,0,0,active,0.0,,18,13,0.769231,6.273354,30.337117,6.714803,1,-0.784908,862,1,0,0,516,12228313,False,,,,,0,0,3,10671958,True,-0.784908,2.738,10671961,17,0,0,343,50104,False,,,,
2026-05-25T20:59:06.812098+00:00,persist,"INJUSDT,NEARUSDT,TIAUSDT",1,0,0,active,0.0,,18,13,0.769231,6.273354,30.337117,6.714803,1,0.075959,873,1,0,0,521,12228313,False,,,,,0,0,9,10671961,True,0.075959,2.772,10671970,26,0,0,343,50104,False,,,,
2026-05-25T21:04:08.359706+00:00,persist,"INJUSDT,NEARUSDT,TIAUSDT",1,0,0,active,0.0,,18,13,0.769231,6.273354,30.337117,6.714803,1,0.101278,869,1,0,0,524,12228313,False,,,,,0,0,2,10671970,True,0.101278,2.773,10671972,28,0,0,343,50104,False,,,,
2026-05-25T21:09:09.877706+00:00,persist,"INJUSDT,NEARUSDT,TIAUSDT",1,0,0,active,0.0,,18,13,0.769231,6.273354,30.337117,6.714803,1,0.278516,872,1,0,0,526,12228313,False,,,,,0,0,3,10671972,True,0.278516,2.78,10671975,31,0,0,343,50104,False,,,,
2026-05-25T21:14:11.677410+00:00,persist,"INJUSDT,NEARUSDT,TIAUSDT",1,0,0,active,0.0,,18,13,0.769231,6.273354,30.337117,6.714803,1,0.303835,879,1,0,0,530,12228313,False,,,,,0,0,5,10671975,True,0.303835,2.781,10671980,36,0,0,344,50104,False,,,,
2026-05-25T21:19:13.248529+00:00,persist,"INJUSDT,NEARUSDT,TIAUSDT",0,0,0,active,0.0,,18,13,0.769231,6.273354,30.337117,6.714803,1,0.303835,874,0,0,0,530,12228313,False,,,,,0,0,0,10671980,True,0.303835,2.781,10671980,36,0,0,344,50104,False,,,,
2026-05-25T21:24:14.775049+00:00,persist,"INJUSDT,NEARUSDT,TIAUSDT",1,0,0,active,0.0,,18,13,0.769231,6.273354,30.337117,6.714803,1,-0.151918,878,1,0,0,531,12228313,False,,,,,0,0,3,10671980,True,-0.151918,2.763,10671983,39,0,0,344,50104,False,,,,
2026-05-25T21:29:16.542713+00:00,persist,"INJUSDT,NEARUSDT,TIAUSDT",1,0,0,active,0.0,,18,13,0.769231,6.273354,30.337117,6.714803,1,-0.101278,882,1,0,0,534,12228313,False,,,,,0,0,4,10671983,True,-0.101278,2.765,10671987,43,0,0,344,50104,False,,,,
2026-05-25T21:34:18.074444+00:00,persist,"INJUSDT,NEARUSDT,TIAUSDT",1,0,0,active,0.0,,18,13,0.769231,6.273354,30.337117,6.714803,1,0.02532,880,1,0,0,535,12228313,False,,,,,0,0,1,10671987,True,0.02532,2.77,10671988,44,0,0,344,50104,False,,,,
2026-05-25T21:39:19.583203+00:00,persist,"INJUSDT,NEARUSDT,TIAUSDT",1,0,0,active,0.0,,18,13,0.769231,6.273354,30.337117,6.714803,1,-0.202557,886,1,0,0,536,12228313,False,,,,,0,0,6,10671988,True,-0.202557,2.761,10671994,50,0,0,344,50104,False,,,,
2026-05-25T21:44:21.755105+00:00,persist,"INJUSDT,NEARUSDT,TIAUSDT",1,0,0,active,0.0,,18,13,0.769231,6.273354,30.337117,6.714803,1,-0.405114,896,1,0,0,538,12228313,False,,,,,0,0,13,10671994,True,-0.405114,2.753,10672007,63,0,0,345,50104,False,,,,
2026-05-25T21:49:23.512016+00:00,persist,"INJUSDT,NEARUSDT,TIAUSDT",1,0,0,active,0.0,,18,13,0.769231,6.273354,30.337117,6.714803,1,-0.430433,884,1,0,0,538,12228313,False,,,,,0,0,1,10672007,True,-0.430433,2.752,10672008,64,0,0,345,50104,False,,,,
2026-05-25T21:54:25.257214+00:00,persist,"INJUSDT,NEARUSDT,TIAUSDT",1,0,0,active,0.0,,18,13,0.769231,6.273354,30.337117,6.714803,1,0.151918,887,1,0,0,540,12228313,False,,,,,0,0,2,10672008,True,0.151918,2.775,10672010,66,0,0,345,50104,False,,,,
2026-05-25T21:59:26.890915+00:00,persist,"INJUSDT,NEARUSDT,TIAUSDT",2,0,0,active,0.0,,19,13,0.769231,6.273354,30.337117,6.714803,2,0.286907,889,1,1,0,544,12228313,True,0.134989,5.686,12228857,3,0,0,0,10672010,True,0.151918,2.775,10672010,66,0,0,345,50104,False,,,,
2026-05-25T22:04:28.861263+00:00,persist,"INJUSDT,NEARUSDT,TIAUSDT",2,0,0,active,0.0,,19,13,0.769231,6.273354,30.337117,6.714803,2,0.305514,349,2,0,0,2,12228857,True,0.026998,5.678,12228859,5,0,0,2,10672010,True,0.278516,2.78,10672012,68,0,0,345,50104,False,,,,
2026-05-25T22:09:30.369970+00:00,persist,"INJUSDT,NEARUSDT,TIAUSDT",2,0,0,active,0.0,,19,13,0.769231,6.273354,30.337117,6.714803,2,-0.170379,349,2,0,0,3,12228859,True,-0.296977,5.654,12228862,8,0,0,1,10672012,True,0.126598,2.774,10672013,69,0,0,345,50104,False,,,,
2026-05-25T22:14:32.066067+00:00,persist,"INJUSDT,NEARUSDT,TIAUSDT",2,0,0,active,0.0,,19,13,0.769231,6.273354,30.337117,6.714803,2,-0.31894,355,2,0,0,9,12228862,True,-0.242981,5.658,12228871,17,0,0,1,10672013,True,-0.075959,2.766,10672014,70,0,0,345,50104,False,,,,
2026-05-25T22:19:33.602734+00:00,persist,"INJUSDT,NEARUSDT,TIAUSDT",2,0,0,active,0.0,,19,13,0.769231,6.273354,30.337117,6.714803,2,0.016929,351,2,0,0,4,12228871,True,-0.134989,5.666,12228875,21,0,0,2,10672014,True,0.151918,2.775,10672016,72,0,0,345,50104,False,,,,
2026-05-25T22:24:35.105871+00:00,persist,"INJUSDT,NEARUSDT,TIAUSDT",0,0,0,active,0.0,,19,13,0.769231,6.273354,30.337117,6.714803,2,0.016929,351,0,0,0,0,12228875,True,-0.134989,5.666,12228875,21,0,0,0,10672016,True,0.151918,2.775,10672016,72,0,0,351,50104,False,,,,
2026-05-25T22:29:36.643586+00:00,persist,"INJUSDT,NEARUSDT,TIAUSDT",2,0,0,active,0.0,,19,13,0.769231,6.273354,30.337117,6.714803,2,-1.117201,358,2,0,0,3,12228875,True,-0.661448,5.627,12228878,24,0,0,2,10672016,True,-0.455753,2.751,10672018,74,0,0,353,50104,False,,,,
2026-05-25T22:34:38.598511+00:00,persist,"INJUSDT,NEARUSDT,TIAUSDT",2,0,0,active,0.0,,19,13,0.769231,6.273354,30.337117,6.714803,2,-1.805793,359,2,0,0,4,12228878,True,-0.944926,5.606,12228882,28,0,0,1,10672018,True,-0.860867,2.735,10672019,75,0,0,354,50104,False,,,,
2026-05-25T22:39:40.128982+00:00,persist,"INJUSDT,NEARUSDT,TIAUSDT",2,0,0,active,0.0,,19,13,0.769231,6.273354,30.337117,6.714803,2,-1.054814,370,2,0,0,7,12228882,True,-0.472463,5.641,12228889,35,0,0,7,10672019,True,-0.582351,2.746,10672026,82,0,0,356,50104,False,,,,
2026-05-25T22:44:41.683797+00:00,persist,"INJUSDT,NEARUSDT,TIAUSDT",2,0,0,active,0.0,,19,13,0.769231,6.273354,30.337117,6.714803,2,-0.494572,365,2,0,0,7,12228889,True,-0.013499,5.675,12228896,42,0,0,2,10672026,True,-0.481073,2.75,10672028,84,0,0,356,50104,False,,,,
2026-05-25T22:49:43.225070+00:00,persist,"INJUSDT,NEARUSDT,TIAUSDT",2,0,0,active,0.0,,19,13,0.769231,6.273354,30.337117,6.714803,2,-0.430433,359,2,0,0,2,12228896,True,0.0,5.676,12228898,44,0,0,1,10672028,True,-0.430433,2.752,10672029,85,0,0,356,50104,False,,,,
2026-05-25T22:54:46.058358+00:00,persist,"INJUSDT,NEARUSDT,TIAUSDT",2,0,0,active,0.0,,19,13,0.769231,6.273354,30.337117,6.714803,2,-0.327404,364,2,0,0,4,12228898,True,-0.175486,5.663,12228902,48,0,0,3,10672029,True,-0.151918,2.763,10672032,88,0,0,357,50104,False,,,,
2026-05-25T22:59:47.609665+00:00,persist,"INJUSDT,NEARUSDT,TIAUSDT",1,0,0,active,0.0,,19,13,0.769231,6.273354,30.337117,6.714803,2,-0.124847,359,1,0,0,0,12228902,True,-0.175486,5.663,12228902,48,0,0,2,10672032,True,0.050639,2.771,10672034,90,0,0,357,50104,False,,,,
2026-05-25T23:04:49.149448+00:00,persist,"INJUSDT,NEARUSDT,TIAUSDT",2,0,0,active,0.0,,19,13,0.769231,6.273354,30.337117,6.714803,2,-0.401612,366,2,0,0,4,12228902,True,-0.350973,5.65,12228906,52,0,0,5,10672034,True,-0.050639,2.767,10672039,95,0,0,357,50104,False,,,,
2026-05-25T23:09:50.894723+00:00,persist,"INJUSDT,NEARUSDT,TIAUSDT",1,0,0,active,0.0,,19,13,0.769231,6.273354,30.337117,6.714803,2,0.1301,359,1,0,0,0,12228906,True,-0.350973,5.65,12228906,52,0,0,2,10672039,True,0.481073,2.788,10672041,97,0,0,357,50104,False,,,,
2026-05-25T23:14:52.643944+00:00,persist,"INJUSDT,NEARUSDT,TIAUSDT",1,0,0,active,0.0,,19,13,0.769231,6.273354,30.337117,6.714803,2,0.683557,369,1,0,0,12,12228906,True,0.202484,5.691,12228918,64,0,0,0,10672041,True,0.481073,2.788,10672041,97,0,0,357,50104,False,,,,
2026-05-25T23:19:54.185835+00:00,persist,"INJUSDT,NEARUSDT,TIAUSDT",2,0,0,active,0.0,,19,13,0.769231,6.273354,30.337117,6.714803,2,0.445538,383,2,0,0,2,12228918,True,0.242981,5.694,12228920,66,0,0,23,10672041,True,0.202557,2.777,10672064,120,0,0,358,50104,False,,,,
2026-05-25T23:24:56.156741+00:00,persist,"INJUSDT,NEARUSDT,TIAUSDT",2,0,0,active,0.0,,19,13,0.769231,6.273354,30.337117,6.714803,2,0.185628,370,2,0,0,1,12228920,True,0.134989,5.686,12228921,67,0,0,10,10672064,True,0.050639,2.771,10672074,130,0,0,359,50104,False,,,,
2026-05-25T23:29:57.710901+00:00,persist,"INJUSDT,NEARUSDT,TIAUSDT",1,0,0,active,0.0,,19,13,0.769231,6.273354,30.337117,6.714803,2,0.41511,363,1,0,0,4,12228921,True,0.364471,5.703,12228925,71,0,0,0,10672074,True,0.050639,2.771,10672074,130,0,0,359,50104,False,,,,
2026-05-25T23:34:59.255715+00:00,persist,"INJUSDT,NEARUSDT,TIAUSDT",1,0,0,active,0.0,,19,13,0.769231,6.273354,30.337117,6.714803,2,0.455607,361,1,0,0,2,12228925,True,0.404968,5.706,12228927,73,0,0,0,10672074,True,0.050639,2.771,10672074,130,0,0,359,50104,False,,,,
2026-05-25T23:40:00.816114+00:00,persist,"INJUSDT,NEARUSDT,TIAUSDT",2,0,0,active,0.0,,19,13,0.769231,6.273354,30.337117,6.714803,2,-0.065889,400,2,0,0,1,12228927,True,0.161987,5.688,12228928,74,0,0,39,10672074,True,-0.227876,2.76,10672113,169,0,0,360,50104,False,,,,
2026-05-25T23:45:02.752135+00:00,persist,"INJUSDT,NEARUSDT,TIAUSDT",2,0,0,active,0.0,,19,13,0.769231,6.273354,30.337117,6.714803,2,-0.541781,387,2,0,0,4,12228928,True,-0.161987,5.664,12228932,78,0,0,23,10672113,True,-0.379794,2.754,10672136,192,0,0,360,50104,False,,,,
2026-05-25T23:50:04.916962+00:00,persist,"INJUSDT,NEARUSDT,TIAUSDT",1,0,0,active,0.0,,19,13,0.769231,6.273354,30.337117,6.714803,2,-0.622775,361,1,0,0,1,12228932,True,-0.242981,5.658,12228933,79,0,0,0,10672136,True,-0.379794,2.754,10672136,192,0,0,360,50104,False,,,,
2026-05-25T23:55:06.655826+00:00,persist,"INJUSDT,NEARUSDT,TIAUSDT",2,0,0,active,0.0,,19,13,0.769231,6.273354,30.337117,6.714803,2,0.005035,363,2,0,0,1,12228933,True,0.080994,5.682,12228934,80,0,0,2,10672136,True,-0.075959,2.766,10672138,194,0,0,360,50104,False,,,,
2026-05-26T00:00:08.408852+00:00,persist,"INJUSDT,NEARUSDT,TIAUSDT",2,0,0,active,0.0,,19,13,0.769231,6.273354,30.337117,6.714803,2,0.153596,384,2,0,0,5,12228934,True,0.026998,5.678,12228939,85,0,0,19,10672138,True,0.126598,2.774,10672157,213,0,0,360,50104,False,,,,
2026-05-26T00:05:10.365207+00:00,persist,"INJUSDT,NEARUSDT,TIAUSDT",2,0,0,active,0.0,,19,13,0.769231,6.273354,30.337117,6.714803,2,-0.295371,371,2,0,0,2,12228939,True,-0.067495,5.671,12228941,87,0,0,8,10672157,True,-0.227876,2.76,10672165,221,0,0,361,50104,False,,,,
2026-05-26T00:10:12.549131+00:00,persist,"INJUSDT,NEARUSDT,TIAUSDT",2,0,0,active,0.0,,19,13,0.769231,6.273354,30.337117,6.714803,2,-0.101424,368,2,0,0,3,12228941,True,0.404968,5.706,12228944,90,0,0,3,10672165,True,-0.506392,2.749,10672168,224,0,0,362,50104,False,,,,
2026-05-26T00:15:15.001419+00:00,persist,"INJUSDT,NEARUSDT,TIAUSDT",2,0,0,active,0.0,,19,13,0.769231,6.273354,30.337117,6.714803,2,-0.04232,375,2,0,0,1,12228944,True,0.337474,5.701,12228945,91,0,0,12,10672168,True,-0.379794,2.754,10672180,236,0,0,362,50104,False,,,,
2026-05-26T00:20:16.953617+00:00,persist,"INJUSDT,NEARUSDT,TIAUSDT",2,0,0,active,0.0,,19,13,0.769231,6.273354,30.337117,6.714803,2,0.141557,366,2,0,0,2,12228945,True,0.647949,5.724,12228947,93,0,0,2,10672180,True,-0.506392,2.749,10672182,238,0,0,362,50104,False,,,,
2026-05-26T00:25:18.711694+00:00,persist,"INJUSDT,NEARUSDT,TIAUSDT",1,0,0,active,0.0,,19,13,0.769231,6.273354,30.337117,6.714803,2,-0.53339,363,1,0,0,1,12228947,True,-0.026998,5.674,12228948,94,0,0,0,10672182,True,-0.506392,2.749,10672182,238,0,0,362,50104,False,,,,
2026-05-26T00:30:21.098010+00:00,persist,"INJUSDT,NEARUSDT,TIAUSDT",2,0,0,active,0.0,,19,13,0.769231,6.273354,30.337117,6.714803,2,-0.211094,384,2,0,0,1,12228948,True,0.269979,5.696,12228949,95,0,0,21,10672182,True,-0.481073,2.75,10672203,259,0,0,362,50104,False,,,,
2026-05-26T00:35:22.645538+00:00,persist,"INJUSDT,NEARUSDT,TIAUSDT",2,0,0,active,0.0,,19,13,0.769231,6.273354,30.337117,6.714803,2,-0.234735,375,2,0,0,1,12228949,True,0.296977,5.698,12228950,96,0,0,12,10672203,True,-0.531712,2.748,10672215,271,0,0,362,50104,False,,,,
2026-05-26T00:40:24.810658+00:00,persist,"INJUSDT,NEARUSDT,TIAUSDT",2,0,0,active,0.0,,19,13,0.769231,6.273354,30.337117,6.714803,2,-0.908004,365,2,0,0,2,12228950,True,-0.350973,5.65,12228952,98,0,0,1,10672215,True,-0.557031,2.747,10672216,272,0,0,362,50104,False,,,,
2026-05-26T00:45:26.549795+00:00,persist,"INJUSDT,NEARUSDT,TIAUSDT",2,0,0,active,0.0,,19,13,0.769231,6.273354,30.337117,6.714803,2,-1.179807,374,2,0,0,1,12228952,True,-0.242981,5.658,12228953,99,0,0,11,10672216,True,-0.936826,2.732,10672227,283,0,0,362,50104,False,,,,
2026-05-26T00:50:28.292197+00:00,persist,"INJUSDT,NEARUSDT,TIAUSDT",2,0,0,active,0.0,,19,13,0.769231,6.273354,30.337117,6.714803,2,-2.067526,371,2,0,0,4,12228953,True,-0.674947,5.626,12228957,103,0,0,5,10672227,True,-1.392579,2.714,10672232,288,0,0,362,50104,False,,,,
2026-05-26T00:55:30.454543+00:00,persist,"INJUSDT,NEARUSDT,TIAUSDT",2,0,0,active,0.0,,19,13,0.769231,6.273354,30.337117,6.714803,2,-2.443891,378,2,0,0,4,12228957,True,-0.823436,5.615,12228961,107,0,0,8,10672232,True,-1.620455,2.705,10672240,296,0,0,366,50104,False,,,,
2026-05-26T01:00:32.692900+00:00,persist,"INJUSDT,NEARUSDT,TIAUSDT",2,0,0,active,0.0,,19,13,0.769231,6.273354,30.337117,6.714803,2,-1.601776,377,2,0,0,4,12228961,True,-0.310476,5.653,12228965,111,0,0,7,10672240,True,-1.2913,2.718,10672247,303,0,0,366,50104,False,,,,
2026-05-26T01:05:35.071897+00:00,persist,"INJUSDT,NEARUSDT,TIAUSDT",2,0,0,active,0.0,,19,13,0.769231,6.273354,30.337117,6.714803,2,-2.707374,379,2,0,0,2,12228965,True,-0.37797,5.648,12228967,113,0,0,11,10672247,True,-2.329404,2.677,10672258,314,0,0,366,50104,False,,,,
2026-05-26T01:10:36.621356+00:00,persist,"INJUSDT,NEARUSDT,TIAUSDT",2,0,0,active,0.0,,19,13,0.769231,6.273354,30.337117,6.714803,2,-1.585066,372,2,0,0,1,12228967,True,0.161987,5.688,12228968,114,0,0,5,10672258,True,-1.747053,2.7,10672263,319,0,0,366,50104,False,,,,
2026-05-26T01:15:38.367034+00:00,persist,"INJUSDT,NEARUSDT,TIAUSDT",2,0,0,active,0.0,,19,13,0.769231,6.273354,30.337117,6.714803,2,-0.599424,376,2,0,0,6,12228968,True,0.539958,5.716,12228974,120,0,0,4,10672263,True,-1.139382,2.724,10672267,323,0,0,366,50104,False,,,,
2026-05-26T01:20:40.323969+00:00,persist,"INJUSDT,NEARUSDT,TIAUSDT",2,0,0,active,0.0,,19,13,0.769231,6.273354,30.337117,6.714803,2,-0.580891,370,2,0,0,3,12228974,True,0.63445,5.723,12228977,123,0,0,1,10672267,True,-1.215341,2.721,10672268,324,0,0,366,50104,False,,,,
2026-05-26T01:25:42.275728+00:00,persist,"INJUSDT,NEARUSDT,TIAUSDT",1,0,0,active,0.0,,19,13,0.769231,6.273354,30.337117,6.714803,2,-0.985859,367,1,0,0,1,12228977,True,0.229482,5.693,12228978,124,0,0,0,10672268,True,-1.215341,2.721,10672268,324,0,0,366,50104,False,,,,
2026-05-26T01:30:44.005183+00:00,persist,"INJUSDT,NEARUSDT,TIAUSDT",2,0,0,active,0.0,,19,13,0.769231,6.273354,30.337117,6.714803,2,-0.415619,373,2,0,0,4,12228978,True,1.052918,5.754,12228982,128,0,0,3,10672268,True,-1.468537,2.711,10672271,327,0,0,366,50104,False,,,,
2026-05-26T01:35:45.749371+00:00,persist,"INJUSDT,NEARUSDT,TIAUSDT",2,0,0,active,0.0,,19,13,0.769231,6.273354,30.337117,6.714803,2,-1.737129,377,2,0,0,2,12228982,True,0.566956,5.718,12228984,130,0,0,9,10672271,True,-2.304085,2.678,10672280,336,0,0,366,50104,False,,,,
2026-05-26T01:40:47.914419+00:00,persist,"INJUSDT,NEARUSDT,TIAUSDT",2,0,0,active,0.0,,19,13,0.769231,6.273354,30.337117,6.714803,2,-2.423897,386,2,0,0,4,12228984,True,-0.094493,5.669,12228988,134,0,0,16,10672280,True,-2.329404,2.677,10672296,352,0,0,366,50104,False,,,,
2026-05-26T01:45:49.467408+00:00,persist,"INJUSDT,NEARUSDT,TIAUSDT",1,0,0,active,0.0,,19,13,0.769231,6.273354,30.337117,6.714803,2,-2.626454,370,1,0,0,0,12228988,True,-0.094493,5.669,12228988,134,0,0,1,10672296,True,-2.531961,2.669,10672297,353,0,0,369,50104,False,,,,
2026-05-26T01:50:51.409887+00:00,persist,"INJUSDT,NEARUSDT,TIAUSDT",1,0,0,active,0.0,,19,13,0.769231,6.273354,30.337117,6.714803,2,-2.044103,371,1,0,0,0,12228988,True,-0.094493,5.669,12228988,134,0,0,2,10672297,True,-1.94961,2.692,10672299,355,0,0,369,50104,False,,,,
2026-05-26T01:55:53.782334+00:00,persist,"INJUSDT,NEARUSDT,TIAUSDT",2,0,0,active,0.0,,19,13,0.769231,6.273354,30.337117,6.714803,2,-2.577275,378,2,0,0,4,12228988,True,-0.728943,5.622,12228992,138,0,0,4,10672299,True,-1.848332,2.696,10672303,359,0,0,370,50104,False,,,,
2026-05-26T02:00:55.703424+00:00,persist,"INJUSDT,NEARUSDT,TIAUSDT",2,0,0,active,0.0,,19,13,0.769231,6.273354,30.337117,6.714803,2,-3.009386,373,2,0,0,1,12228992,True,-0.755941,5.62,12228993,139,0,0,2,10672303,True,-2.253445,2.68,10672305,361,0,0,370,50104,False,,,,
2026-05-26T02:05:57.634845+00:00,persist,"INJUSDT,NEARUSDT,TIAUSDT",2,0,0,active,0.0,,19,13,0.769231,6.273354,30.337117,6.714803,2,-3.699584,380,2,0,0,7,12228993,True,-1.268901,5.582,12229000,146,0,0,3,10672305,True,-2.430683,2.673,10672308,364,0,0,370,50104,False,,,,
2026-05-26T02:10:59.172965+00:00,persist,"INJUSDT,NEARUSDT,TIAUSDT",2,0,0,active,0.0,,19,13,0.769231,6.273354,30.337117,6.714803,2,-3.545915,374,2,0,0,3,12229000,True,-1.444387,5.569,12229003,149,0,0,1,10672308,True,-2.101528,2.686,10672309,365,0,0,370,50104,False,,,,
2026-05-26T02:16:01.533428+00:00,persist,"INJUSDT,NEARUSDT,TIAUSDT",2,0,0,active,0.0,,19,13,0.769231,6.273354,30.337117,6.714803,2,-3.447993,374,2,0,0,3,12229003,True,-1.498383,5.565,12229006,152,0,0,1,10672309,True,-1.94961,2.692,10672310,366,0,0,370,50104,False,,,,
2026-05-26T02:21:03.272171+00:00,persist,"INJUSDT,NEARUSDT,TIAUSDT",2,0,0,active,0.0,,19,13,0.769231,6.273354,30.337117,6.714803,2,-2.410034,381,2,0,0,4,12229006,True,-1.093414,5.595,12229010,156,0,0,7,10672310,True,-1.31662,2.717,10672317,373,0,0,370,50104,False,,,,
2026-05-26T02:26:05.016084+00:00,persist,"INJUSDT,NEARUSDT,TIAUSDT",1,0,0,active,0.0,,19,13,0.769231,6.273354,30.337117,6.714803,2,-1.654094,374,1,0,0,4,12229010,True,-0.337474,5.651,12229014,160,0,0,0,10672317,True,-1.31662,2.717,10672317,373,0,0,370,50104,False,,,,
2026-05-26T02:31:07.447807+00:00,persist,"INJUSDT,NEARUSDT,TIAUSDT",1,0,0,active,0.0,,19,13,0.769231,6.273354,30.337117,6.714803,2,-2.084527,371,1,0,0,0,12229014,True,-0.337474,5.651,12229014,160,0,0,1,10672317,True,-1.747053,2.7,10672318,374,0,0,370,50104,False,,,,
2026-05-26T02:36:09.844023+00:00,persist,"INJUSDT,NEARUSDT,TIAUSDT",1,0,0,active,0.0,,19,13,0.769231,6.273354,30.337117,6.714803,2,-2.462497,372,1,0,0,2,12229014,True,-0.715444,5.623,12229016,162,0,0,0,10672318,True,-1.747053,2.7,10672318,374,0,0,370,50104,False,,,,
2026-05-26T02:41:11.576870+00:00,persist,"INJUSDT,NEARUSDT,TIAUSDT",1,0,0,active,0.0,,19,13,0.769231,6.273354,30.337117,6.714803,2,-2.516493,371,1,0,0,1,12229016,True,-0.76944,5.619,12229017,163,0,0,0,10672318,True,-1.747053,2.7,10672318,374,0,0,370,50104,False,,,,
2026-05-26T02:46:13.363547+00:00,persist,"INJUSDT,NEARUSDT,TIAUSDT",1,0,0,active,0.0,,19,13,0.769231,6.273354,30.337117,6.714803,2,-1.655626,383,1,0,0,0,12229017,True,-0.76944,5.619,12229017,163,0,0,13,10672318,True,-0.886186,2.734,10672331,387,0,0,370,50104,False,,,,
2026-05-26T02:51:15.103207+00:00,persist,"INJUSDT,NEARUSDT,TIAUSDT",1,0,0,active,0.0,,19,13,0.769231,6.273354,30.337117,6.714803,2,-1.42775,379,1,0,0,0,12229017,True,-0.76944,5.619,12229017,163,0,0,9,10672331,True,-0.65831,2.743,10672340,396,0,0,370,50104,False,,,,
2026-05-26T02:56:16.821940+00:00,persist,"INJUSDT,NEARUSDT,TIAUSDT",1,0,0,active,0.0,,19,13,0.769231,6.273354,30.337117,6.714803,2,-1.326471,371,1,0,0,0,12229017,True,-0.76944,5.619,12229017,163,0,0,1,10672340,True,-0.557031,2.747,10672341,397,0,0,370,50104,False,,,,
2026-05-26T03:01:18.557718+00:00,persist,"INJUSDT,NEARUSDT,TIAUSDT",1,0,0,active,0.0,,19,13,0.769231,6.273354,30.337117,6.714803,2,-1.832864,373,1,0,0,0,12229017,True,-0.76944,5.619,12229017,163,0,0,3,10672341,True,-1.063424,2.727,10672344,400,0,0,370,50104,False,,,,
2026-05-26T03:06:20.525899+00:00,persist,"INJUSDT,NEARUSDT,TIAUSDT",2,0,0,active,0.0,,19,13,0.769231,6.273354,30.337117,6.714803,2,-1.994923,376,2,0,0,4,12229017,True,-0.728943,5.622,12229021,167,0,0,2,10672344,True,-1.26598,2.719,10672346,402,0,0,370,50104,False,,,,
2026-05-26T03:11:22.067201+00:00,persist,"INJUSDT,NEARUSDT,TIAUSDT",2,0,0,active,0.0,,19,13,0.769231,6.273354,30.337117,6.714803,2,-2.813397,378,2,0,0,1,12229021,True,-1.268901,5.582,12229022,168,0,0,7,10672346,True,-1.544496,2.708,10672353,409,0,0,370,50104,False,,,,
2026-05-26T03:16:24.249989+00:00,persist,"INJUSDT,NEARUSDT,TIAUSDT",1,0,0,active,0.0,,19,13,0.769231,6.273354,30.337117,6.714803,2,-2.737438,389,1,0,0,0,12229022,True,-1.268901,5.582,12229022,168,0,0,19,10672353,True,-1.468537,2.711,10672372,428,0,0,370,50104,False,,,,
2026-05-26T03:21:26.201672+00:00,persist,"INJUSDT,NEARUSDT,TIAUSDT",2,0,0,active,0.0,,19,13,0.769231,6.273354,30.337117,6.714803,2,-2.543272,390,2,0,0,2,12229022,True,-1.40389,5.572,12229024,170,0,0,18,10672372,True,-1.139382,2.724,10672390,446,0,0,370,50104,False,,,,
2026-05-26T03:26:28.176639+00:00,persist,"INJUSDT,NEARUSDT,TIAUSDT",1,0,0,active,0.0,,19,13,0.769231,6.273354,30.337117,6.714803,2,-2.416674,381,1,0,0,0,12229024,True,-1.40389,5.572,12229024,170,0,0,11,10672390,True,-1.012784,2.729,10672401,457,0,0,370,50104,False,,,,
2026-05-26T03:31:30.767512+00:00,persist,"INJUSDT,NEARUSDT,TIAUSDT",2,0,0,active,0.0,,19,13,0.769231,6.273354,30.337117,6.714803,2,-3.010628,374,2,0,0,2,12229024,True,-1.997844,5.528,12229026,172,0,0,1,10672401,True,-1.012784,2.729,10672402,458,0,0,371,50104,False,,,,
2026-05-26T03:36:32.520900+00:00,persist,"INJUSDT,NEARUSDT,TIAUSDT",2,0,0,active,0.0,,19,13,0.769231,6.273354,30.337117,6.714803,2,-1.650374,379,2,0,0,1,12229026,True,-1.295899,5.58,12229027,173,0,0,7,10672402,True,-0.354475,2.755,10672409,465,0,0,371,50104,False,,,,
2026-05-26T03:41:34.070045+00:00,persist,"INJUSDT,NEARUSDT,TIAUSDT",1,0,0,active,0.0,,19,13,0.769231,6.273354,30.337117,6.714803,2,-1.625054,372,1,0,0,0,12229027,True,-1.295899,5.58,12229027,173,0,0,1,10672409,True,-0.329155,2.756,10672410,466,0,0,371,50104,False,,,,
2026-05-26T03:46:35.617609+00:00,persist,"INJUSDT,NEARUSDT,TIAUSDT",2,0,0,active,0.0,,19,13,0.769231,6.273354,30.337117,6.714803,2,-2.97181,377,2,0,0,1,12229027,True,-1.984345,5.529,12229028,174,0,0,5,10672410,True,-0.987465,2.73,10672415,471,0,0,371,50104,False,,,,
2026-05-26T03:51:37.371927+00:00,persist,"INJUSDT,NEARUSDT,TIAUSDT",1,0,0,active,0.0,,19,13,0.769231,6.273354,30.337117,6.714803,2,-2.917814,372,1,0,0,1,12229028,True,-1.930349,5.533,12229029,175,0,0,0,10672415,True,-0.987465,2.73,10672415,471,0,0,371,50104,False,,,,
2026-05-26T03:56:39.545698+00:00,persist,"INJUSDT,NEARUSDT,TIAUSDT",2,0,0,active,0.0,,19,13,0.769231,6.273354,30.337117,6.714803,2,-3.007344,374,2,0,0,2,12229029,True,-1.741364,5.547,12229031,177,0,0,1,10672415,True,-1.26598,2.719,10672416,472,0,0,371,50104,False,,,,
2026-05-26T04:01:41.115147+00:00,persist,"INJUSDT,NEARUSDT,TIAUSDT",1,0,0,active,0.0,,19,13,0.769231,6.273354,30.337117,6.714803,2,-2.642872,372,1,0,0,1,12229031,True,-1.376892,5.574,12229032,178,0,0,0,10672416,True,-1.26598,2.719,10672416,472,0,0,371,50104,False,,,,
2026-05-26T04:06:42.668975+00:00,persist,"INJUSDT,NEARUSDT,TIAUSDT",0,0,0,active,0.0,,19,13,0.769231,6.273354,30.337117,6.714803,2,-2.642872,371,0,0,0,0,12229032,True,-1.376892,5.574,12229032,178,0,0,0,10672416,True,-1.26598,2.719,10672416,472,0,0,371,50104,False,,,,
2026-05-26T04:11:44.493896+00:00,persist,"INJUSDT,NEARUSDT,TIAUSDT",2,0,0,active,0.0,,19,13,0.769231,6.273354,30.337117,6.714803,2,-2.320504,373,2,0,0,1,12229032,True,-1.2824,5.581,12229033,179,0,0,1,10672416,True,-1.038104,2.728,10672417,473,0,0,371,50104,False,,,,
2026-05-26T04:16:46.271140+00:00,persist,"INJUSDT,NEARUSDT,TIAUSDT",2,0,0,active,0.0,,19,13,0.769231,6.273354,30.337117,6.714803,2,-1.682551,374,2,0,0,2,12229033,True,-0.998922,5.602,12229035,181,0,0,1,10672417,True,-0.683629,2.742,10672418,474,0,0,371,50104,False,,,,
2026-05-26T04:21:48.012020+00:00,persist,"INJUSDT,NEARUSDT,TIAUSDT",2,0,0,active,0.0,,19,13,0.769231,6.273354,30.337117,6.714803,2,-1.780473,373,2,0,0,1,12229035,True,-0.944926,5.606,12229036,182,0,0,1,10672418,True,-0.835547,2.736,10672419,475,0,0,371,50104,False,,,,
2026-05-26T04:26:49.741576+00:00,persist,"INJUSDT,NEARUSDT,TIAUSDT",2,0,0,active,0.0,,19,13,0.769231,6.273354,30.337117,6.714803,2,-0.351045,381,2,0,0,2,12229036,True,-0.148488,5.665,12229038,184,0,0,8,10672419,True,-0.202557,2.761,10672427,483,0,0,371,50104,False,,,,
2026-05-26T04:31:51.246640+00:00,persist,"INJUSDT,NEARUSDT,TIAUSDT",2,0,0,active,0.0,,19,13,0.769231,6.273354,30.337117,6.714803,2,0.912966,376,2,0,0,3,12229038,True,0.63445,5.723,12229041,187,0,0,2,10672427,True,0.278516,2.78,10672429,485,0,0,371,50104,False,,,,
2026-05-26T04:36:52.996254+00:00,persist,"INJUSDT,NEARUSDT,TIAUSDT",1,0,0,active,0.0,,19,13,0.769231,6.273354,30.337117,6.714803,2,1.090203,376,1,0,0,0,12229041,True,0.63445,5.723,12229041,187,0,0,5,10672429,True,0.455753,2.787,10672434,490,0,0,371,50104,False,,,,
2026-05-26T04:41:54.518516+00:00,persist,"INJUSDT,NEARUSDT,TIAUSDT",2,0,0,active,0.0,,19,13,0.769231,6.273354,30.337117,6.714803,2,0.901218,384,2,0,0,4,12229041,True,0.445465,5.709,12229045,191,0,0,3,10672434,True,0.455753,2.787,10672437,493,0,0,377,50104,False,,,,
2026-05-26T04:46:56.495535+00:00,persist,"INJUSDT,NEARUSDT,TIAUSDT",2,0,0,active,0.0,,19,13,0.769231,6.273354,30.337117,6.714803,2,0.25648,382,2,0,0,1,12229045,True,0.25648,5.695,12229046,192,0,0,4,10672437,True,0.0,2.769,10672441,497,0,0,377,50104,False,,,,
2026-05-26T04:51:58.018991+00:00,persist,"INJUSDT,NEARUSDT,TIAUSDT",2,0,0,active,0.0,,19,13,0.769231,6.273354,30.337117,6.714803,2,-0.540103,380,2,0,0,2,12229046,True,-0.134989,5.666,12229048,194,0,0,1,10672441,True,-0.405114,2.753,10672442,498,0,0,377,50104,False,,,,
2026-05-26T04:56:59.565985+00:00,persist,"INJUSDT,NEARUSDT,TIAUSDT",0,0,0,active,0.0,,19,13,0.769231,6.273354,30.337117,6.714803,2,-0.540103,377,0,0,0,0,12229048,True,-0.134989,5.666,12229048,194,0,0,0,10672442,True,-0.405114,2.753,10672442,498,0,0,377,50104,False,,,,
2026-05-26T05:02:01.110139+00:00,persist,"INJUSDT,NEARUSDT,TIAUSDT",1,0,0,active,0.0,,19,13,0.769231,6.273354,30.337117,6.714803,2,-0.008391,382,1,0,0,0,12229048,True,-0.134989,5.666,12229048,194,0,0,5,10672442,True,0.126598,2.774,10672447,503,0,0,377,50104,False,,,,
2026-05-26T05:07:03.290090+00:00,persist,"INJUSDT,NEARUSDT,TIAUSDT",2,0,0,active,0.0,,19,13,0.769231,6.273354,30.337117,6.714803,2,-1.296044,379,2,0,0,1,12229048,True,-0.89093,5.61,12229049,195,0,0,1,10672447,True,-0.405114,2.753,10672448,504,0,0,377,50104,False,,,,
2026-05-26T05:12:05.432536+00:00,persist,"INJUSDT,NEARUSDT,TIAUSDT",1,0,0,active,0.0,,19,13,0.769231,6.273354,30.337117,6.714803,2,-1.321363,380,1,0,0,0,12229049,True,-0.89093,5.61,12229049,195,0,0,3,10672448,True,-0.430433,2.752,10672451,507,0,0,377,50104,False,,,,
2026-05-26T05:17:06.962320+00:00,persist,"INJUSDT,NEARUSDT,TIAUSDT",2,0,0,active,0.0,,19,13,0.769231,6.273354,30.337117,6.714803,2,-1.311148,404,2,0,0,4,12229049,True,-1.133911,5.592,12229053,199,0,0,17,10672451,True,-0.177237,2.762,10672468,524,0,0,383,50104,False,,,,
2026-05-26T05:22:08.491485+00:00,persist,"INJUSDT,NEARUSDT,TIAUSDT",0,0,0,active,0.0,,19,13,0.769231,6.273354,30.337117,6.714803,2,-1.311148,383,0,0,0,0,12229053,True,-1.133911,5.592,12229053,199,0,0,0,10672468,True,-0.177237,2.762,10672468,524,0,0,383,50104,False,,,,
2026-05-26T05:27:10.890808+00:00,persist,"INJUSDT,NEARUSDT,TIAUSDT",2,0,0,active,0.0,,19,13,0.769231,6.273354,30.337117,6.714803,2,-1.00921,388,2,0,0,3,12229053,True,-0.553457,5.635,12229056,202,0,0,2,10672468,True,-0.455753,2.751,10672470,526,0,0,383,50104,False,,,,
2026-05-26T05:32:12.447454+00:00,persist,"INJUSDT,NEARUSDT,TIAUSDT",1,0,0,active,0.0,,19,13,0.769231,6.273354,30.337117,6.714803,2,-0.705375,386,1,0,0,0,12229056,True,-0.553457,5.635,12229056,202,0,0,3,10672470,True,-0.151918,2.763,10672473,529,0,0,383,50104,False,,,,
2026-05-26T05:37:13.990083+00:00,persist,"INJUSDT,NEARUSDT,TIAUSDT",0,0,0,active,0.0,,19,13,0.769231,6.273354,30.337117,6.714803,2,-0.705375,383,0,0,0,0,12229056,True,-0.553457,5.635,12229056,202,0,0,0,10672473,True,-0.151918,2.763,10672473,529,0,0,383,50104,False,,,,
2026-05-26T05:42:15.963773+00:00,persist,"INJUSDT,NEARUSDT,TIAUSDT",2,0,0,active,0.0,,19,13,0.769231,6.273354,30.337117,6.714803,2,-0.550027,387,2,0,0,1,12229056,True,-0.701945,5.624,12229057,203,0,0,3,10672473,True,0.151918,2.775,10672476,532,0,0,383,50104,False,,,,
2026-05-26T05:47:17.718090+00:00,persist,"INJUSDT,NEARUSDT,TIAUSDT",1,0,0,active,0.0,,19,13,0.769231,6.273354,30.337117,6.714803,2,-0.701945,392,1,0,0,0,12229057,True,-0.701945,5.624,12229057,203,0,0,7,10672476,True,0.0,2.769,10672483,539,0,0,385,50104,False,,,,
2026-05-26T05:52:19.675674+00:00,persist,"INJUSDT,NEARUSDT,TIAUSDT",1,0,0,active,0.0,,19,13,0.769231,6.273354,30.337117,6.714803,2,-0.674947,391,1,0,0,1,12229057,True,-0.674947,5.626,12229058,204,0,0,0,10672483,True,0.0,2.769,10672483,539,0,0,390,50104,False,,,,
2026-05-26T05:57:21.400123+00:00,persist,"INJUSDT,NEARUSDT,TIAUSDT",2,0,0,active,0.0,,19,13,0.769231,6.273354,30.337117,6.714803,2,-0.835328,397,2,0,0,5,12229058,True,-0.607452,5.631,12229063,209,0,0,2,10672483,True,-0.227876,2.76,10672485,541,0,0,390,50104,False,,,,
2026-05-26T06:02:23.838113+00:00,persist,"INJUSDT,NEARUSDT,TIAUSDT",2,0,0,active,0.0,,19,13,0.769231,6.273354,30.337117,6.714803,2,-1.448107,398,2,0,0,2,12229063,True,-0.485962,5.64,12229065,211,0,0,3,10672485,True,-0.962145,2.731,10672488,544,0,0,393,50104,False,,,,
2026-05-26T06:07:26.215560+00:00,persist,"INJUSDT,NEARUSDT,TIAUSDT",1,0,0,active,0.0,,19,13,0.769231,6.273354,30.337117,6.714803,2,-1.422788,397,1,0,0,0,12229065,True,-0.485962,5.64,12229065,211,0,0,4,10672488,True,-0.936826,2.732,10672492,548,0,0,393,50104,False,,,,
2026-05-26T06:12:28.222571+00:00,persist,"INJUSDT,NEARUSDT,TIAUSDT",2,0,0,active,0.0,,19,13,0.769231,6.273354,30.337117,6.714803,2,-2.170409,396,2,0,0,2,12229065,True,-0.904429,5.609,12229067,213,0,0,1,10672492,True,-1.26598,2.719,10672493,549,0,0,393,50104,False,,,,
2026-05-26T06:17:29.781424+00:00,persist,"INJUSDT,NEARUSDT,TIAUSDT",2,0,0,active,0.0,,19,13,0.769231,6.273354,30.337117,6.714803,2,-1.162733,401,2,0,0,6,12229067,True,-0.782939,5.618,12229073,219,0,0,2,10672493,True,-0.379794,2.754,10672495,551,0,0,393,50104,False,,,,
2026-05-26T06:22:31.729791+00:00,persist,"INJUSDT,NEARUSDT,TIAUSDT",1,0,0,active,0.0,,19,13,0.769231,6.273354,30.337117,6.714803,2,-1.108737,395,1,0,0,2,12229073,True,-0.728943,5.622,12229075,221,0,0,0,10672495,True,-0.379794,2.754,10672495,551,0,0,393,50104,False,,,,
2026-05-26T06:27:33.267094+00:00,persist,"INJUSDT,NEARUSDT,TIAUSDT",2,0,0,active,0.0,,19,13,0.769231,6.273354,30.337117,6.714803,2,-2.237759,400,2,0,0,6,12229075,True,-1.376892,5.574,12229081,227,0,0,1,10672495,True,-0.860867,2.735,10672496,552,0,0,393,50104,False,,,,
2026-05-26T06:32:34.800669+00:00,persist,"INJUSDT,NEARUSDT,TIAUSDT",1,0,0,active,0.0,,19,13,0.769231,6.273354,30.337117,6.714803,2,-2.197262,397,1,0,0,3,12229081,True,-1.336395,5.577,12229084,230,0,0,0,10672496,True,-0.860867,2.735,10672496,552,0,0,394,50104,False,,,,
2026-05-26T06:37:36.775865+00:00,persist,"INJUSDT,NEARUSDT,TIAUSDT",1,0,0,active,0.0,,19,13,0.769231,6.273354,30.337117,6.714803,2,-1.437673,395,1,0,0,0,12229084,True,-1.336395,5.577,12229084,230,0,0,1,10672496,True,-0.101278,2.765,10672497,553,0,0,394,50104,False,,,,
2026-05-26T06:42:38.750684+00:00,persist,"INJUSDT,NEARUSDT,TIAUSDT",0,0,0,active,0.0,,19,13,0.769231,6.273354,30.337117,6.714803,2,-1.437673,394,0,0,0,0,12229084,True,-1.336395,5.577,12229084,230,0,0,0,10672497,True,-0.101278,2.765,10672497,553,0,0,394,50104,False,,,,
2026-05-26T06:47:40.691329+00:00,persist,"INJUSDT,NEARUSDT,TIAUSDT",1,0,0,active,0.0,,19,13,0.769231,6.273354,30.337117,6.714803,2,-1.275686,396,1,0,0,2,12229084,True,-1.174408,5.589,12229086,232,0,0,0,10672497,True,-0.101278,2.765,10672497,553,0,0,394,50104,False,,,,
2026-05-26T06:52:43.067432+00:00,persist,"INJUSDT,NEARUSDT,TIAUSDT",2,0,0,active,0.0,,19,13,0.769231,6.273354,30.337117,6.714803,2,-0.808186,435,2,0,0,1,12229086,True,-0.985423,5.603,12229087,233,0,0,40,10672497,True,0.177237,2.776,10672537,593,0,0,394,50104,False,,,,
2026-05-26T06:57:44.817807+00:00,persist,"INJUSDT,NEARUSDT,TIAUSDT",2,0,0,active,-0.390692,0.0,19,14,0.714286,5.874411,29.946425,6.714803,1,-1.295899,407,1,0,0,4,12229087,True,-1.295899,5.58,12229091,237,0,1,9,10672537,False,,,,,0,0,394,50104,False,,,,
2026-05-26T07:02:46.351149+00:00,persist,"INJUSDT,NEARUSDT,TIAUSDT",1,0,0,active,0.0,,19,14,0.714286,5.874411,29.946425,6.714803,1,-1.390391,399,1,0,0,3,12229091,True,-1.390391,5.573,12229094,240,0,0,2,10672544,False,,,,,0,0,394,50104,False,,,,
2026-05-26T07:07:48.111467+00:00,persist,"INJUSDT,NEARUSDT,TIAUSDT",1,0,0,active,0.0,,19,14,0.714286,5.874411,29.946425,6.714803,1,-1.768362,398,1,0,0,2,12229094,True,-1.768362,5.545,12229096,242,0,0,2,10672544,False,,,,,0,0,394,50104,False,,,,
2026-05-26T07:12:49.854032+00:00,persist,"INJUSDT,NEARUSDT,TIAUSDT",1,0,0,active,0.0,,19,14,0.714286,5.874411,29.946425,6.714803,1,-2.510803,411,1,0,0,4,12229096,True,-2.510803,5.49,12229100,246,0,0,13,10672544,False,,,,,0,0,394,50104,False,,,,
2026-05-26T07:17:51.409296+00:00,persist,"INJUSDT,NEARUSDT,TIAUSDT",1,0,0,active,0.0,,19,14,0.714286,5.874411,29.946425,6.714803,1,-2.753784,437,1,0,0,9,12229100,True,-2.753784,5.472,12229109,255,0,0,31,10672544,False,,,,,0,0,397,50104,False,,,,
2026-05-26T07:22:52.954413+00:00,persist,"INJUSDT,NEARUSDT,TIAUSDT",3,0,0,active,0.0,,20,14,0.714286,5.874411,29.946425,6.714803,2,-2.794281,451,2,0,0,2,12229109,True,-2.794281,5.469,12229111,257,1,0,52,10672544,True,0.0,2.721,10672596,14,0,0,397,50104,False,,,,
2026-05-26T07:27:54.704423+00:00,persist,"INJUSDT,NEARUSDT,TIAUSDT",1,0,0,active,0.0,,20,14,0.714286,5.874411,29.946425,6.714803,2,-2.615869,402,1,0,0,0,12229111,True,-2.794281,5.469,12229111,257,0,0,5,10672596,True,0.178412,2.727,10672601,19,0,0,397,50104,False,,,,
2026-05-26T07:32:56.255591+00:00,persist,"INJUSDT,NEARUSDT,TIAUSDT",2,0,0,active,0.0,,20,14,0.714286,5.874411,29.946425,6.714803,2,-2.332769,420,2,0,0,12,12229111,True,-2.213827,5.512,12229123,269,0,0,11,10672601,True,-0.118942,2.717,10672612,30,0,0,397,50104,False,,,,
2026-05-26T07:37:57.801717+00:00,persist,"INJUSDT,NEARUSDT,TIAUSDT",2,0,0,active,0.0,,20,14,0.714286,5.874411,29.946425,6.714803,2,-2.767661,430,2,0,0,4,12229123,True,-2.470307,5.493,12229127,273,0,0,29,10672612,True,-0.297354,2.711,10672641,59,0,0,397,50104,False,,,,
2026-05-26T07:42:59.309612+00:00,persist,"INJUSDT,NEARUSDT,TIAUSDT",2,0,0,active,0.0,,20,14,0.714286,5.874411,29.946425,6.714803,2,-2.662217,409,2,0,0,3,12229127,True,-2.483805,5.492,12229130,276,0,0,9,10672641,True,-0.178412,2.715,10672650,68,0,0,397,50104,False,,,,
2026-05-26T07:48:01.532424+00:00,persist,"INJUSDT,NEARUSDT,TIAUSDT",2,0,0,active,0.0,,20,14,0.714286,5.874411,29.946425,6.714803,2,-2.759448,403,2,0,0,5,12229130,True,-2.5513,5.487,12229135,281,0,0,1,10672650,True,-0.208148,2.714,10672651,69,0,0,397,50104,False,,,,
2026-05-26T07:53:03.087591+00:00,persist,"INJUSDT,NEARUSDT,TIAUSDT",2,0,0,active,0.0,,20,14,0.714286,5.874411,29.946425,6.714803,2,-2.124621,410,2,0,0,11,12229135,True,-2.213827,5.512,12229146,292,0,0,2,10672651,True,0.089206,2.724,10672653,71,0,0,397,50104,False,,,,
2026-05-26T07:58:05.059856+00:00,persist,"INJUSDT,NEARUSDT,TIAUSDT",2,0,0,active,0.0,,20,14,0.714286,5.874411,29.946425,6.714803,2,-2.756899,403,2,0,0,5,12229146,True,-2.42981,5.496,12229151,297,0,0,1,10672653,True,-0.327089,2.71,10672654,72,0,0,397,50104,False,,,,
2026-05-26T08:03:07.046243+00:00,persist,"INJUSDT,NEARUSDT,TIAUSDT",2,0,0,active,0.0,,20,14,0.714286,5.874411,29.946425,6.714803,2,-2.264897,411,2,0,0,7,12229151,True,-2.443309,5.495,12229158,304,0,0,5,10672654,True,0.178412,2.727,10672659,77,0,0,399,50104,False,,,,
2026-05-26T08:05:19.835555+00:00,persist,"INJUSDT,NEARUSDT,TIAUSDT",1,0,0,active,0.0,,20,14,0.714286,5.874411,29.946425,6.714803,2,-2.156905,400,1,0,0,1,12229158,True,-2.335317,5.503,12229159,305,0,0,0,10672659,True,0.178412,2.727,10672659,77,0,0,399,50104,False,,,,
2026-05-26T08:10:22.023766+00:00,persist,"INJUSDT,NEARUSDT,TIAUSDT",2,0,0,active,0.0,,20,14,0.714286,5.874411,29.946425,6.714803,2,-2.343529,406,2,0,0,5,12229159,True,-2.254323,5.509,12229164,310,0,0,1,10672659,True,-0.089206,2.718,10672660,78,0,0,400,50104,False,,,,
2026-05-26T08:15:24.615226+00:00,persist,"INJUSDT,NEARUSDT,TIAUSDT",2,0,0,active,0.0,,20,14,0.714286,5.874411,29.946425,6.714803,2,-2.376191,410,2,0,0,8,12229164,True,-2.078837,5.522,12229172,318,0,0,2,10672660,True,-0.297354,2.711,10672662,80,0,0,400,50104,False,,,,
2026-05-26T08:20:26.789691+00:00,persist,"INJUSDT,NEARUSDT,TIAUSDT",2,0,0,active,0.0,,20,14,0.714286,5.874411,29.946425,6.714803,2,-3.151672,411,2,0,0,4,12229172,True,-2.348816,5.502,12229176,322,0,0,7,10672662,True,-0.802856,2.694,10672669,87,0,0,400,50104,False,,,,
2026-05-26T08:25:28.715796+00:00,persist,"INJUSDT,NEARUSDT,TIAUSDT",0,0,0,active,0.0,,20,14,0.714286,5.874411,29.946425,6.714803,2,-3.151672,400,0,0,0,0,12229176,True,-2.348816,5.502,12229176,322,0,0,0,10672669,True,-0.802856,2.694,10672669,87,0,0,400,50104,False,,,,
2026-05-26T08:30:30.462303+00:00,persist,"INJUSDT,NEARUSDT,TIAUSDT",1,0,0,active,0.0,,20,14,0.714286,5.874411,29.946425,6.714803,2,-3.381154,404,1,0,0,4,12229176,True,-2.578298,5.485,12229180,326,0,0,0,10672669,True,-0.802856,2.694,10672669,87,0,0,400,50104,False,,,,
2026-05-26T08:35:32.463460+00:00,persist,"INJUSDT,NEARUSDT,TIAUSDT",2,0,0,active,0.0,,20,14,0.714286,5.874411,29.946425,6.714803,2,-3.462336,410,2,0,0,5,12229180,True,-2.510803,5.49,12229185,331,0,0,5,10672669,True,-0.951533,2.689,10672674,92,0,0,400,50104,False,,,,
2026-05-26T08:40:34.049940+00:00,persist,"INJUSDT,NEARUSDT,TIAUSDT",2,0,0,active,0.0,,20,14,0.714286,5.874411,29.946425,6.714803,2,-2.251775,412,2,0,0,4,12229185,True,-2.132833,5.518,12229189,335,0,0,8,10672674,True,-0.118942,2.717,10672682,100,0,0,400,50104,False,,,,
2026-05-26T08:45:36.013563+00:00,persist,"INJUSDT,NEARUSDT,TIAUSDT",1,0,0,active,0.0,,20,14,0.714286,5.874411,29.946425,6.714803,2,-2.305771,403,1,0,0,1,12229189,True,-2.186829,5.514,12229190,336,0,0,0,10672682,True,-0.118942,2.717,10672682,100,0,0,402,50104,False,,,,
2026-05-26T08:50:38.805143+00:00,persist,"INJUSDT,NEARUSDT,TIAUSDT",2,0,0,active,0.0,,20,14,0.714286,5.874411,29.946425,6.714803,2,-2.77002,407,2,0,0,3,12229190,True,-2.740285,5.473,12229193,339,0,0,2,10672682,True,-0.029735,2.72,10672684,102,0,0,402,50104,False,,,,
2026-05-26T08:55:40.559728+00:00,persist,"INJUSDT,NEARUSDT,TIAUSDT",2,0,0,active,0.0,,20,14,0.714286,5.874411,29.946425,6.714803,2,-1.729471,411,2,0,0,7,12229193,True,-2.591797,5.484,12229200,346,0,0,2,10672684,True,0.862326,2.75,10672686,104,0,0,402,50104,False,,,,
2026-05-26T09:00:42.105640+00:00,persist,"INJUSDT,NEARUSDT,TIAUSDT",2,0,0,active,0.0,,20,14,0.714286,5.874411,29.946425,6.714803,2,-2.342964,418,2,0,0,3,12229200,True,-2.699789,5.476,12229203,349,0,0,11,10672686,True,0.356825,2.733,10672697,115,0,0,404,50104,False,,,,
2026-05-26T09:05:43.650446+00:00,persist,"INJUSDT,NEARUSDT,TIAUSDT",2,0,0,active,0.0,,20,14,0.714286,5.874411,29.946425,6.714803,2,-2.55621,415,2,0,0,6,12229203,True,-2.94277,5.458,12229209,355,0,0,3,10672697,True,0.38656,2.734,10672700,118,0,0,406,50104,False,,,,
2026-05-26T09:10:45.387443+00:00,persist,"INJUSDT,NEARUSDT,TIAUSDT",2,0,0,active,0.0,,20,14,0.714286,5.874411,29.946425,6.714803,2,-1.843125,411,2,0,0,2,12229209,True,-2.497304,5.491,12229211,357,0,0,3,10672700,True,0.654179,2.743,10672703,121,0,0,406,50104,False,,,,
2026-05-26T09:15:47.362541+00:00,persist,"INJUSDT,NEARUSDT,TIAUSDT",2,0,0,active,0.0,,20,14,0.714286,5.874411,29.946425,6.714803,2,-1.229822,419,2,0,0,10,12229211,True,-2.240825,5.51,12229221,367,0,0,3,10672703,True,1.011003,2.755,10672706,124,0,0,406,50104,False,,,,
2026-05-31T21:22:27.714031+00:00,persist,"INJUSDT,NEARUSDT,TIAUSDT",10,0,0,active,-15.793678,0.0,198,156,0.50641,1.190647,31.002143,6.714803,1,0.765046,3000,1,1,1,1000,12229454,False,,,,,1,1,1000,10673503,False,,,,,3,2,1000,,True,0.765046,0.3937,51484,8
2026-05-31T21:27:30.548509+00:00,persist,"INJUSDT,NEARUSDT,TIAUSDT",0,0,0,active,0.0,,199,157,0.503185,1.154546,25.917415,6.714803,1,0.765046,379,0,0,0,318,12235507,False,,,,,0,0,61,10688691,False,,,,,0,0,0,51484,True,0.765046,0.3937,51484,8
2026-05-31T21:32:32.834911+00:00,persist,"INJUSDT,NEARUSDT,TIAUSDT",1,0,0,active,0.0,,199,157,0.503185,1.154546,25.917415,6.714803,1,0.889108,382,1,0,0,320,12235507,False,,,,,0,0,61,10688691,False,,,,,0,0,1,51484,True,0.889108,0.3943,51485,9
2026-05-31T21:37:35.131152+00:00,persist,"INJUSDT,NEARUSDT,TIAUSDT",0,0,0,active,0.0,,199,157,0.503185,1.154546,25.917415,6.714803,1,0.889108,431,0,0,0,321,12235507,False,,,,,0,0,110,10688691,False,,,,,0,0,0,51485,True,0.889108,0.3943,51485,9
2026-05-31T21:42:37.369142+00:00,persist,"INJUSDT,NEARUSDT,TIAUSDT",0,0,0,active,0.0,,199,157,0.503185,1.154546,25.917415,6.714803,1,0.889108,475,0,0,0,324,12235507,False,,,,,0,0,151,10688691,False,,,,,0,0,0,51485,True,0.889108,0.3943,51485,9
2026-05-31T21:47:38.996599+00:00,persist,"INJUSDT,NEARUSDT,TIAUSDT",1,0,0,active,0.0,,199,157,0.503185,1.154546,25.917415,6.714803,1,1.509415,498,1,0,0,325,12235507,False,,,,,0,0,172,10688691,False,,,,,0,0,1,51485,True,1.509415,0.3973,51486,10
2026-05-31T21:52:40.822189+00:00,persist,"INJUSDT,NEARUSDT,TIAUSDT",1,0,0,active,0.0,,199,157,0.503185,1.154546,25.917415,6.714803,1,1.654154,516,1,0,0,326,12235507,False,,,,,0,0,189,10688691,False,,,,,0,0,1,51486,True,1.654154,0.398,51487,11
2026-05-31T21:57:42.450875+00:00,persist,"INJUSDT,NEARUSDT,TIAUSDT",0,0,0,active,0.0,,199,157,0.503185,1.154546,25.917415,6.714803,1,1.654154,520,0,0,0,327,12235507,False,,,,,0,0,193,10688691,False,,,,,0,0,0,51487,True,1.654154,0.398,51487,11
2026-05-31T22:02:44.514425+00:00,persist,"INJUSDT,NEARUSDT,TIAUSDT",0,0,0,active,0.0,,199,157,0.503185,1.154546,25.917415,6.714803,1,1.654154,535,0,0,0,328,12235507,False,,,,,0,0,207,10688691,False,,,,,0,0,0,51487,True,1.654154,0.398,51487,11
2026-05-31T22:07:47.454653+00:00,persist,"INJUSDT,NEARUSDT,TIAUSDT",0,0,0,active,0.0,,199,157,0.503185,1.154546,25.917415,6.714803,1,1.654154,580,0,0,0,329,12235507,False,,,,,0,0,251,10688691,False,,,,,0,0,0,51487,True,1.654154,0.398,51487,11
2026-05-31T22:12:49.092229+00:00,persist,"INJUSDT,NEARUSDT,TIAUSDT",0,0,0,active,0.0,,199,157,0.503185,1.154546,25.917415,6.714803,1,1.654154,589,0,0,0,330,12235507,False,,,,,0,0,259,10688691,False,,,,,0,0,0,51487,True,1.654154,0.398,51487,11
2026-05-31T22:17:51.536445+00:00,persist,"INJUSDT,NEARUSDT,TIAUSDT",1,0,0,active,0.0,,199,157,0.503185,1.154546,25.917415,6.714803,1,2.295138,605,1,0,0,330,12235507,False,,,,,0,0,270,10688691,False,,,,,0,0,5,51487,True,2.295138,0.4011,51492,16
2026-05-31T22:22:53.140077+00:00,persist,"INJUSDT,NEARUSDT,TIAUSDT",0,0,0,active,0.0,,199,157,0.503185,1.154546,25.917415,6.714803,1,2.295138,626,0,0,0,331,12235507,False,,,,,0,0,295,10688691,False,,,,,0,0,0,51492,True,2.295138,0.4011,51492,16
2026-05-31T22:27:55.204892+00:00,persist,"INJUSDT,NEARUSDT,TIAUSDT",0,0,0,active,0.0,,199,157,0.503185,1.154546,25.917415,6.714803,1,2.295138,647,0,0,0,331,12235507,False,,,,,0,0,316,10688691,False,,,,,0,0,0,51492,True,2.295138,0.4011,51492,16
2026-05-31T22:32:57.285981+00:00,persist,"INJUSDT,NEARUSDT,TIAUSDT",0,0,0,active,0.0,,199,157,0.503185,1.154546,25.917415,6.714803,1,2.295138,669,0,0,0,331,12235507,False,,,,,0,0,338,10688691,False,,,,,0,0,0,51492,True,2.295138,0.4011,51492,16
2026-05-31T22:37:59.160383+00:00,persist,"INJUSDT,NEARUSDT,TIAUSDT",0,0,0,active,0.0,,199,157,0.503185,1.154546,25.917415,6.714803,1,2.295138,681,0,0,0,331,12235507,False,,,,,0,0,350,10688691,False,,,,,0,0,0,51492,True,2.295138,0.4011,51492,16
2026-05-31T22:43:01.217077+00:00,persist,"INJUSDT,NEARUSDT,TIAUSDT",0,0,0,active,0.0,,199,157,0.503185,1.154546,25.917415,6.714803,1,2.295138,689,0,0,0,331,12235507,False,,,,,0,0,358,10688691,False,,,,,0,0,0,51492,True,2.295138,0.4011,51492,16
2026-05-31T22:48:03.699513+00:00,persist,"INJUSDT,NEARUSDT,TIAUSDT",0,0,0,active,0.0,,199,157,0.503185,1.154546,25.917415,6.714803,1,2.295138,690,0,0,0,331,12235507,False,,,,,0,0,359,10688691,False,,,,,0,0,0,51492,True,2.295138,0.4011,51492,16
2026-05-31T22:53:05.359557+00:00,persist,"INJUSDT,NEARUSDT,TIAUSDT",0,0,0,active,0.0,,199,157,0.503185,1.154546,25.917415,6.714803,1,2.295138,690,0,0,0,331,12235507,False,,,,,0,0,359,10688691,False,,,,,0,0,0,51492,True,2.295138,0.4011,51492,16
2026-05-31T22:58:07.871416+00:00,persist,"INJUSDT,NEARUSDT,TIAUSDT",0,0,0,active,0.0,,199,157,0.503185,1.154546,25.917415,6.714803,1,2.295138,707,0,0,0,332,12235507,False,,,,,0,0,375,10688691,False,,,,,0,0,0,51492,True,2.295138,0.4011,51492,16
2026-05-31T23:03:09.513377+00:00,persist,"INJUSDT,NEARUSDT,TIAUSDT",1,0,0,active,0.0,,199,157,0.503185,1.154546,25.917415,6.714803,1,2.522585,723,1,0,0,337,12235507,False,,,,,0,0,385,10688691,False,,,,,0,0,1,51492,True,2.522585,0.4022,51493,17
2026-05-31T23:08:12.249717+00:00,persist,"INJUSDT,NEARUSDT,TIAUSDT",1,0,0,active,0.0,,199,157,0.503185,1.154546,25.917415,6.714803,1,2.688,733,1,0,0,337,12235507,False,,,,,0,0,395,10688691,False,,,,,0,0,1,51493,True,2.688,0.403,51494,18
2026-05-31T23:13:14.931574+00:00,persist,"INJUSDT,NEARUSDT,TIAUSDT",0,0,0,active,0.0,,199,157,0.503185,1.154546,25.917415,6.714803,1,2.688,736,0,0,0,337,12235507,False,,,,,0,0,399,10688691,False,,,,,0,0,0,51494,True,2.688,0.403,51494,18
2026-05-31T23:18:18.050862+00:00,persist,"INJUSDT,NEARUSDT,TIAUSDT",0,0,0,active,0.0,,199,157,0.503185,1.154546,25.917415,6.714803,1,2.688,737,0,0,0,337,12235507,False,,,,,0,0,400,10688691,False,,,,,0,0,0,51494,True,2.688,0.403,51494,18
2026-05-31T23:23:20.126105+00:00,persist,"INJUSDT,NEARUSDT,TIAUSDT",0,0,0,active,0.0,,199,157,0.503185,1.154546,25.917415,6.714803,1,2.688,751,0,0,0,337,12235507,False,,,,,0,0,414,10688691,False,,,,,0,0,0,51494,True,2.688,0.403,51494,18
2026-05-31T23:28:22.204460+00:00,persist,"INJUSDT,NEARUSDT,TIAUSDT",1,0,0,active,0.0,,199,157,0.503185,1.154546,25.917415,6.714803,1,2.1504,753,1,0,0,337,12235507,False,,,,,0,0,415,10688691,False,,,,,0,0,1,51494,True,2.1504,0.4004,51495,19
2026-05-31T23:33:24.061247+00:00,persist,"INJUSDT,NEARUSDT,TIAUSDT",1,0,0,active,0.0,,199,157,0.503185,1.154546,25.917415,6.714803,1,1.654154,769,1,0,0,341,12235507,False,,,,,0,0,427,10688691,False,,,,,0,0,1,51495,True,1.654154,0.398,51496,20
2026-05-31T23:38:25.917493+00:00,persist,"INJUSDT,NEARUSDT,TIAUSDT",1,0,0,active,0.0,,199,157,0.503185,1.154546,25.917415,6.714803,1,1.509415,784,1,0,0,345,12235507,False,,,,,0,0,438,10688691,False,,,,,0,0,1,51496,True,1.509415,0.3973,51497,21
2026-05-31T23:43:27.737325+00:00,persist,"INJUSDT,NEARUSDT,TIAUSDT",0,0,0,active,0.0,,199,157,0.503185,1.154546,25.917415,6.714803,1,1.509415,790,0,0,0,345,12235507,False,,,,,0,0,445,10688691,False,,,,,0,0,0,51497,True,1.509415,0.3973,51497,21
2026-05-31T23:48:29.610633+00:00,persist,"INJUSDT,NEARUSDT,TIAUSDT",0,0,0,active,0.0,,199,157,0.503185,1.154546,25.917415,6.714803,1,1.509415,794,0,0,0,348,12235507,False,,,,,0,0,446,10688691,False,,,,,0,0,0,51497,True,1.509415,0.3973,51497,21
2026-05-31T23:53:31.895262+00:00,persist,"INJUSDT,NEARUSDT,TIAUSDT",0,0,0,active,0.0,,199,157,0.503185,1.154546,25.917415,6.714803,1,1.509415,796,0,0,0,349,12235507,False,,,,,0,0,447,10688691,False,,,,,0,0,0,51497,True,1.509415,0.3973,51497,21
2026-05-31T23:58:33.764065+00:00,persist,"INJUSDT,NEARUSDT,TIAUSDT",1,0,0,active,0.0,,199,157,0.503185,1.154546,25.917415,6.714803,1,2.129723,798,1,0,0,349,12235507,False,,,,,0,0,448,10688691,False,,,,,0,0,1,51497,True,2.129723,0.4003,51498,22
2026-06-01T00:03:35.511775+00:00,persist,"INJUSDT,NEARUSDT,TIAUSDT",0,0,0,active,0.0,,199,157,0.503185,1.154546,25.917415,6.714803,1,2.129723,804,0,0,0,350,12235507,False,,,,,0,0,454,10688691,False,,,,,0,0,0,51498,True,2.129723,0.4003,51498,22
2026-06-01T00:08:37.598824+00:00,persist,"INJUSDT,NEARUSDT,TIAUSDT",1,0,0,active,0.0,,199,157,0.503185,1.154546,25.917415,6.714803,1,2.750031,823,1,0,0,350,12235507,False,,,,,0,0,467,10688691,False,,,,,0,0,6,51498,True,2.750031,0.4033,51504,28
2026-06-01T00:13:39.245808+00:00,persist,"INJUSDT,NEARUSDT,TIAUSDT",0,0,0,active,0.0,,199,157,0.503185,1.154546,25.917415,6.714803,1,2.750031,819,0,0,0,350,12235507,False,,,,,0,0,469,10688691,False,,,,,0,0,0,51504,True,2.750031,0.4033,51504,28
2026-06-01T00:18:41.151869+00:00,persist,"INJUSDT,NEARUSDT,TIAUSDT",1,0,0,active,0.0,,199,157,0.503185,1.154546,25.917415,6.714803,1,2.688,825,1,0,0,350,12235507,False,,,,,0,0,473,10688691,False,,,,,0,0,2,51504,True,2.688,0.403,51506,30
2026-06-01T00:23:43.828688+00:00,persist,"INJUSDT,NEARUSDT,TIAUSDT",1,0,0,active,0.0,,199,157,0.503185,1.154546,25.917415,6.714803,1,2.129723,824,1,0,0,350,12235507,False,,,,,0,0,473,10688691,False,,,,,0,0,1,51506,True,2.129723,0.4003,51507,31
2026-06-01T00:28:45.670907+00:00,persist,"INJUSDT,NEARUSDT,TIAUSDT",0,0,0,active,0.0,,199,157,0.503185,1.154546,25.917415,6.714803,1,2.129723,835,0,0,0,350,12235507,False,,,,,0,0,485,10688691,False,,,,,0,0,0,51507,True,2.129723,0.4003,51507,31
2026-06-01T00:33:47.521433+00:00,persist,"INJUSDT,NEARUSDT,TIAUSDT",1,0,0,active,0.0,,199,157,0.503185,1.154546,25.917415,6.714803,1,2.750031,851,1,0,0,350,12235507,False,,,,,0,0,500,10688691,False,,,,,0,0,1,51507,True,2.750031,0.4033,51508,32
2026-06-01T00:38:50.461284+00:00,persist,"INJUSDT,NEARUSDT,TIAUSDT",0,0,0,active,0.0,,199,157,0.503185,1.154546,25.917415,6.714803,1,2.750031,851,0,0,0,351,12235507,False,,,,,0,0,500,10688691,False,,,,,0,0,0,51508,True,2.750031,0.4033,51508,32
2026-06-01T00:43:52.666719+00:00,persist,"INJUSDT,NEARUSDT,TIAUSDT",1,0,0,active,0.0,,199,157,0.503185,1.154546,25.917415,6.714803,1,2.129723,860,1,0,0,351,12235507,False,,,,,0,0,508,10688691,False,,,,,0,0,1,51508,True,2.129723,0.4003,51509,33
2026-06-01T00:48:55.359123+00:00,persist,"INJUSDT,NEARUSDT,TIAUSDT",0,0,0,active,0.0,,199,157,0.503185,1.154546,25.917415,6.714803,1,2.129723,862,0,0,0,351,12235507,False,,,,,0,0,511,10688691,False,,,,,0,0,0,51509,True,2.129723,0.4003,51509,33
2026-06-01T00:53:57.644931+00:00,persist,"INJUSDT,NEARUSDT,TIAUSDT",1,0,0,active,0.0,,199,157,0.503185,1.154546,25.917415,6.714803,1,2.398523,864,1,0,0,351,12235507,False,,,,,0,0,511,10688691,False,,,,,0,0,2,51509,True,2.398523,0.4016,51511,35
2026-06-01T00:58:59.497869+00:00,persist,"INJUSDT,NEARUSDT,TIAUSDT",0,0,0,active,0.0,,199,157,0.503185,1.154546,25.917415,6.714803,1,2.398523,910,0,0,0,352,12235507,False,,,,,0,0,558,10688691,False,,,,,0,0,0,51511,True,2.398523,0.4016,51511,35
2026-06-01T01:04:01.445811+00:00,persist,"INJUSDT,NEARUSDT,TIAUSDT",0,0,0,active,0.0,,199,157,0.503185,1.154546,25.917415,6.714803,1,2.398523,918,0,0,0,354,12235507,False,,,,,0,0,564,10688691,False,,,,,0,0,0,51511,True,2.398523,0.4016,51511,35
2026-06-01T01:09:03.333111+00:00,persist,"INJUSDT,NEARUSDT,TIAUSDT",0,0,0,active,0.0,,199,157,0.503185,1.154546,25.917415,6.714803,1,2.398523,922,0,0,0,356,12235507,False,,,,,0,0,566,10688691,False,,,,,0,0,0,51511,True,2.398523,0.4016,51511,35
2026-06-01T01:14:06.268728+00:00,persist,"INJUSDT,NEARUSDT,TIAUSDT",0,0,0,active,0.0,,199,157,0.503185,1.154546,25.917415,6.714803,1,2.398523,940,0,0,0,361,12235507,False,,,,,0,0,579,10688691,False,,,,,0,0,0,51511,True,2.398523,0.4016,51511,35
2026-06-01T01:19:08.175411+00:00,persist,"INJUSDT,NEARUSDT,TIAUSDT",1,0,0,active,0.0,,199,157,0.503185,1.154546,25.917415,6.714803,1,1.654154,950,1,0,0,362,12235507,False,,,,,0,0,587,10688691,False,,,,,0,0,1,51511,True,1.654154,0.398,51512,36
2026-06-01T01:24:09.806615+00:00,persist,"INJUSDT,NEARUSDT,TIAUSDT",0,0,0,active,0.0,,199,157,0.503185,1.154546,25.917415,6.714803,1,1.654154,951,0,0,0,364,12235507,False,,,,,0,0,587,10688691,False,,,,,0,0,0,51512,True,1.654154,0.398,51512,36
2026-06-01T01:29:11.658567+00:00,persist,"INJUSDT,NEARUSDT,TIAUSDT",1,0,0,active,0.0,,199,157,0.503185,1.154546,25.917415,6.714803,1,1.509415,965,1,0,0,364,12235507,False,,,,,0,0,600,10688691,False,,,,,0,0,1,51512,True,1.509415,0.3973,51513,37
2026-06-01T01:34:13.313778+00:00,persist,"INJUSDT,NEARUSDT,TIAUSDT",0,0,0,active,0.0,,199,157,0.503185,1.154546,25.917415,6.714803,1,1.509415,965,0,0,0,364,12235507,False,,,,,0,0,601,10688691,False,,,,,0,0,0,51513,True,1.509415,0.3973,51513,37
2026-06-01T01:39:14.924356+00:00,persist,"INJUSDT,NEARUSDT,TIAUSDT",0,0,0,active,0.0,,199,157,0.503185,1.154546,25.917415,6.714803,1,1.509415,976,0,0,0,364,12235507,False,,,,,0,0,612,10688691,False,,,,,0,0,0,51513,True,1.509415,0.3973,51513,37
2026-06-01T01:44:16.565420+00:00,persist,"INJUSDT,NEARUSDT,TIAUSDT",0,0,0,active,0.0,,199,157,0.503185,1.154546,25.917415,6.714803,1,1.509415,976,0,0,0,364,12235507,False,,,,,0,0,612,10688691,False,,,,,0,0,0,51513,True,1.509415,0.3973,51513,37
2026-06-01T01:49:19.038268+00:00,persist,"INJUSDT,NEARUSDT,TIAUSDT",0,0,0,active,0.0,,199,157,0.503185,1.154546,25.917415,6.714803,1,1.509415,978,0,0,0,366,12235507,False,,,,,0,0,612,10688691,False,,,,,0,0,0,51513,True,1.509415,0.3973,51513,37
2026-06-01T01:54:20.700388+00:00,persist,"INJUSDT,NEARUSDT,TIAUSDT",0,0,0,active,0.0,,199,157,0.503185,1.154546,25.917415,6.714803,1,1.509415,982,0,0,0,368,12235507,False,,,,,0,0,614,10688691,False,,,,,0,0,0,51513,True,1.509415,0.3973,51513,37
2026-06-01T01:59:23.615545+00:00,persist,"INJUSDT,NEARUSDT,TIAUSDT",1,0,0,active,0.0,,199,157,0.503185,1.154546,25.917415,6.714803,1,0.889108,1004,1,0,0,368,12235507,False,,,,,0,0,623,10688691,False,,,,,0,0,13,51513,True,0.889108,0.3943,51526,50
2026-06-01T02:04:26.148323+00:00,persist,"INJUSDT,NEARUSDT,TIAUSDT",2,0,0,active,0.0,,200,157,0.503185,1.154546,25.917415,6.714803,2,0.889108,1006,1,0,0,368,12235507,False,,,,,1,0,638,10688691,True,0.0,2.27,10689329,7,0,0,0,51526,True,0.889108,0.3943,51526,50
2026-06-01T02:09:27.815134+00:00,persist,"INJUSDT,NEARUSDT,TIAUSDT",1,0,0,active,0.0,,200,157,0.503185,1.154546,25.917415,6.714803,2,1.598623,374,1,0,0,369,12235507,False,,,,,0,0,5,10689329,True,0.709515,2.29,10689334,12,0,0,0,51526,True,0.889108,0.3943,51526,50
2026-06-01T02:14:29.711571+00:00,persist,"INJUSDT,NEARUSDT,TIAUSDT",2,0,0,active,0.0,,200,157,0.503185,1.154546,25.917415,6.714803,2,2.148186,399,2,0,0,369,12235507,False,,,,,0,0,24,10689334,True,0.886894,2.295,10689358,36,0,0,6,51526,True,1.261292,0.3961,51532,56
2026-06-01T02:19:31.811192+00:00,persist,"INJUSDT,NEARUSDT,TIAUSDT",1,0,0,active,0.0,,200,157,0.503185,1.154546,25.917415,6.714803,2,2.822226,383,1,0,0,379,12235507,False,,,,,0,0,4,10689358,True,1.560934,2.314,10689362,40,0,0,0,51532,True,1.261292,0.3961,51532,56
2026-06-01T02:24:34.288738+00:00,persist,"INJUSDT,NEARUSDT,TIAUSDT",1,0,0,active,0.0,,200,157,0.503185,1.154546,25.917415,6.714803,2,2.928653,384,1,0,0,382,12235507,False,,,,,0,0,2,10689362,True,1.667361,2.317,10689364,42,0,0,0,51532,True,1.261292,0.3961,51532,56
2026-06-01T02:29:36.163975+00:00,persist,"INJUSDT,NEARUSDT,TIAUSDT",1,0,0,active,0.0,,200,157,0.503185,1.154546,25.917415,6.714803,2,3.035081,387,1,0,0,383,12235507,False,,,,,0,0,4,10689364,True,1.773789,2.32,10689368,46,0,0,0,51532,True,1.261292,0.3961,51532,56
2026-06-01T02:34:38.051817+00:00,persist,"INJUSDT,NEARUSDT,TIAUSDT",1,0,0,active,0.0,,200,157,0.503185,1.154546,25.917415,6.714803,2,3.247935,388,1,0,0,383,12235507,False,,,,,0,0,5,10689368,True,1.986643,2.326,10689373,51,0,0,0,51532,True,1.261292,0.3961,51532,56
2026-06-01T02:39:40.531124+00:00,persist,"INJUSDT,NEARUSDT,TIAUSDT",1,0,0,active,0.0,,200,157,0.503185,1.154546,25.917415,6.714803,2,3.035081,384,1,0,0,383,12235507,False,,,,,0,0,1,10689373,True,1.773789,2.32,10689374,52,0,0,0,51532,True,1.261292,0.3961,51532,56
2026-06-01T02:44:43.246535+00:00,persist,"INJUSDT,NEARUSDT,TIAUSDT",2,0,0,active,0.0,,200,157,0.503185,1.154546,25.917415,6.714803,2,5.712776,412,2,0,0,400,12235507,False,,,,,0,0,9,10689374,True,3.583053,2.371,10689383,61,0,0,3,51532,True,2.129723,0.4003,51535,59
2026-06-01T02:49:44.899291+00:00,persist,"INJUSDT,NEARUSDT,TIAUSDT",1,0,0,active,0.0,,200,157,0.503185,1.154546,25.917415,6.714803,2,4.967785,410,1,0,0,402,12235507,False,,,,,0,0,8,10689383,True,2.838062,2.35,10689391,69,0,0,0,51535,True,2.129723,0.4003,51535,59
2026-06-01T02:54:46.593391+00:00,persist,"INJUSDT,NEARUSDT,TIAUSDT",1,0,0,active,0.0,,200,157,0.503185,1.154546,25.917415,6.714803,2,5.92563,407,1,0,0,402,12235507,False,,,,,0,0,5,10689391,True,3.795907,2.377,10689396,74,0,0,0,51535,True,2.129723,0.4003,51535,59
2026-06-01T02:59:48.871808+00:00,persist,"INJUSDT,NEARUSDT,TIAUSDT",1,0,0,active,0.0,,200,157,0.503185,1.154546,25.917415,6.714803,2,6.103009,426,1,0,0,405,12235507,False,,,,,0,0,21,10689396,True,3.973286,2.382,10689417,95,0,0,0,51535,True,2.129723,0.4003,51535,59
2026-06-01T03:04:50.545196+00:00,persist,"INJUSDT,NEARUSDT,TIAUSDT",2,0,0,active,0.0,,200,157,0.503185,1.154546,25.917415,6.714803,2,6.42492,410,2,0,0,408,12235507,False,,,,,0,0,1,10689417,True,3.902335,2.38,10689418,96,0,0,1,51535,True,2.522585,0.4022,51536,60
2026-06-01T03:09:52.223143+00:00,persist,"INJUSDT,NEARUSDT,TIAUSDT",1,0,0,active,0.0,,200,157,0.503185,1.154546,25.917415,6.714803,2,7.666572,435,1,0,0,410,12235507,False,,,,,0,0,25,10689418,True,5.143987,2.415,10689443,121,0,0,0,51536,True,2.522585,0.4022,51536,60
2026-06-01T03:14:54.065223+00:00,persist,"INJUSDT,NEARUSDT,TIAUSDT",1,0,0,active,0.0,,200,157,0.503185,1.154546,25.917415,6.714803,2,6.850629,424,1,0,0,412,12235507,False,,,,,0,0,12,10689443,True,4.328044,2.392,10689455,133,0,0,0,51536,True,2.522585,0.4022,51536,60
2026-06-01T03:19:56.140240+00:00,persist,"INJUSDT,NEARUSDT,TIAUSDT",1,0,0,active,0.0,,200,157,0.503185,1.154546,25.917415,6.714803,2,6.815153,422,1,0,0,412,12235507,False,,,,,0,0,10,10689455,True,4.292568,2.391,10689465,143,0,0,0,51536,True,2.522585,0.4022,51536,60
2026-06-01T03:24:58.184322+00:00,persist,"INJUSDT,NEARUSDT,TIAUSDT",1,0,0,active,0.0,,200,157,0.503185,1.154546,25.917415,6.714803,2,6.744202,416,1,0,0,415,12235507,False,,,,,0,0,1,10689465,True,4.221617,2.389,10689466,144,0,0,0,51536,True,2.522585,0.4022,51536,60
2026-06-01T03:30:00.047233+00:00,persist,"INJUSDT,NEARUSDT,TIAUSDT",2,0,0,active,0.0,,200,157,0.503185,1.154546,25.917415,6.714803,2,7.24674,420,2,0,0,416,12235507,False,,,,,0,0,3,10689466,True,4.682802,2.402,10689469,147,0,0,1,51536,True,2.563938,0.4024,51537,61
2026-06-01T03:35:01.918001+00:00,persist,"INJUSDT,NEARUSDT,TIAUSDT",2,0,0,active,0.0,,200,157,0.503185,1.154546,25.917415,6.714803,2,7.607168,419,2,0,0,416,12235507,False,,,,,0,0,1,10689469,True,4.753753,2.404,10689470,148,0,0,2,51537,True,2.853415,0.4038,51539,63
2026-06-01T03:40:03.764810+00:00,persist,"INJUSDT,NEARUSDT,TIAUSDT",2,0,0,active,0.0,,200,157,0.503185,1.154546,25.917415,6.714803,2,5.92563,422,2,0,0,416,12235507,False,,,,,0,0,5,10689470,True,3.795907,2.377,10689475,153,0,0,1,51539,True,2.129723,0.4003,51540,64
2026-06-01T03:42:05.896513+00:00,persist,"INJUSDT,NEARUSDT,TIAUSDT",1,0,0,active,0.0,,200,157,0.503185,1.154546,25.917415,6.714803,2,5.92563,418,1,0,0,416,12235507,False,,,,,0,0,2,10689475,True,3.795907,2.377,10689477,155,0,0,0,51540,True,2.129723,0.4003,51540,64
2026-06-01T03:47:07.907294+00:00,persist,"INJUSDT,NEARUSDT,TIAUSDT",0,0,0,active,0.0,,200,157,0.503185,1.154546,25.917415,6.714803,2,5.92563,416,0,0,0,416,12235507,False,,,,,0,0,0,10689477,True,3.795907,2.377,10689477,155,0,0,0,51540,True,2.129723,0.4003,51540,64
2026-06-01T03:52:09.756163+00:00,persist,"INJUSDT,NEARUSDT,TIAUSDT",1,0,0,active,0.0,,200,157,0.503185,1.154546,25.917415,6.714803,2,6.209437,419,1,0,0,416,12235507,False,,,,,0,0,3,10689477,True,4.079714,2.385,10689480,158,0,0,0,51540,True,2.129723,0.4003,51540,64
2026-06-01T03:57:11.971351+00:00,persist,"INJUSDT,NEARUSDT,TIAUSDT",1,0,0,active,0.0,,200,157,0.503185,1.154546,25.917415,6.714803,2,6.138485,451,1,0,0,417,12235507,False,,,,,0,0,34,10689480,True,4.008762,2.383,10689514,192,0,0,0,51540,True,2.129723,0.4003,51540,64
2026-06-01T04:02:14.191327+00:00,persist,"INJUSDT,NEARUSDT,TIAUSDT",2,0,0,active,0.0,,200,157,0.503185,1.154546,25.917415,6.714803,2,6.442968,422,2,0,0,417,12235507,False,,,,,0,0,4,10689514,True,4.292568,2.391,10689518,196,0,0,1,51540,True,2.1504,0.4004,51541,65
2026-06-01T04:07:16.394277+00:00,persist,"INJUSDT,NEARUSDT,TIAUSDT",1,0,0,active,0.0,,200,157,0.503185,1.154546,25.917415,6.714803,2,6.017259,461,1,0,0,417,12235507,False,,,,,0,0,44,10689518,True,3.866859,2.379,10689562,240,0,0,0,51541,True,2.1504,0.4004,51541,65
2026-06-01T04:12:18.218994+00:00,persist,"INJUSDT,NEARUSDT,TIAUSDT",2,0,0,active,0.0,,200,157,0.503185,1.154546,25.917415,6.714803,2,5.024352,447,2,0,0,421,12235507,False,,,,,0,0,25,10689562,True,3.370198,2.365,10689587,265,0,0,1,51541,True,1.654154,0.398,51542,66
2026-06-01T04:17:19.788042+00:00,persist,"INJUSDT,NEARUSDT,TIAUSDT",1,0,0,active,0.0,,200,157,0.503185,1.154546,25.917415,6.714803,2,4.70507,429,1,0,0,423,12235507,False,,,,,0,0,6,10689587,True,3.050916,2.356,10689593,271,0,0,0,51542,True,1.654154,0.398,51542,66
2026-06-01T04:22:21.577819+00:00,persist,"INJUSDT,NEARUSDT,TIAUSDT",2,0,0,active,0.0,,200,157,0.503185,1.154546,25.917415,6.714803,2,3.907383,437,2,0,0,423,12235507,False,,,,,0,0,13,10689593,True,2.873537,2.351,10689604,284,0,0,1,51542,True,1.033846,0.395,51543,67
2026-06-01T04:27:23.374001+00:00,persist,"INJUSDT,NEARUSDT,TIAUSDT",1,0,0,active,2.496359,1.0,200,158,0.506329,1.169432,28.413774,6.714803,1,1.033846,451,0,0,0,423,12235507,False,,,,,0,1,28,10689604,False,,,,,0,0,0,51543,True,1.033846,0.395,51543,67
2026-06-01T04:32:25.173078+00:00,persist,"INJUSDT,NEARUSDT,TIAUSDT",1,0,0,active,0.0,,200,158,0.506329,1.169432,28.413774,6.714803,1,0.765046,449,1,0,0,424,12235507,False,,,,,0,0,24,10689623,False,,,,,0,0,1,51543,True,0.765046,0.3937,51544,68
2026-06-01T04:37:27.806601+00:00,persist,"INJUSDT,NEARUSDT,TIAUSDT",0,0,0,active,0.0,,200,158,0.506329,1.169432,28.413774,6.714803,1,0.765046,460,0,0,0,424,12235507,False,,,,,0,0,36,10689623,False,,,,,0,0,0,51544,True,0.765046,0.3937,51544,68
2026-06-01T04:42:30.309168+00:00,persist,"INJUSDT,NEARUSDT,TIAUSDT",0,0,0,active,0.0,,200,158,0.506329,1.169432,28.413774,6.714803,1,0.765046,476,0,0,0,425,12235507,False,,,,,0,0,51,10689623,False,,,,,0,0,0,51544,True,0.765046,0.3937,51544,68
2026-06-01T04:47:32.720083+00:00,persist,"INJUSDT,NEARUSDT,TIAUSDT",0,0,0,active,0.0,,200,158,0.506329,1.169432,28.413774,6.714803,1,0.765046,476,0,0,0,425,12235507,False,,,,,0,0,51,10689623,False,,,,,0,0,0,51544,True,0.765046,0.3937,51544,68
2026-06-01T04:52:34.910548+00:00,persist,"INJUSDT,NEARUSDT,TIAUSDT",0,0,0,active,0.0,,200,158,0.506329,1.169432,28.413774,6.714803,1,0.765046,482,0,0,0,427,12235507,False,,,,,0,0,55,10689623,False,,,,,0,0,0,51544,True,0.765046,0.3937,51544,68
2026-06-01T04:57:36.931169+00:00,persist,"INJUSDT,NEARUSDT,TIAUSDT",0,0,0,active,0.0,,200,158,0.506329,1.169432,28.413774,6.714803,1,0.765046,488,0,0,0,427,12235507,False,,,,,0,0,61,10689623,False,,,,,0,0,0,51544,True,0.765046,0.3937,51544,68
2026-06-01T05:02:38.770316+00:00,persist,"INJUSDT,NEARUSDT,TIAUSDT",0,0,0,active,0.0,,200,158,0.506329,1.169432,28.413774,6.714803,1,0.765046,498,0,0,0,428,12235507,False,,,,,0,0,70,10689623,False,,,,,0,0,0,51544,True,0.765046,0.3937,51544,68
2026-06-01T05:07:40.559338+00:00,persist,"INJUSDT,NEARUSDT,TIAUSDT",0,0,0,active,0.0,,200,158,0.506329,1.169432,28.413774,6.714803,1,0.765046,499,0,0,0,428,12235507,False,,,,,0,0,71,10689623,False,,,,,0,0,0,51544,True,0.765046,0.3937,51544,68
2026-06-01T05:12:42.140149+00:00,persist,"INJUSDT,NEARUSDT,TIAUSDT",0,0,0,active,0.0,,200,158,0.506329,1.169432,28.413774,6.714803,1,0.765046,499,0,0,0,428,12235507,False,,,,,0,0,71,10689623,False,,,,,0,0,0,51544,True,0.765046,0.3937,51544,68
2026-06-01T05:17:43.929455+00:00,persist,"INJUSDT,NEARUSDT,TIAUSDT",0,0,0,active,0.0,,200,158,0.506329,1.169432,28.413774,6.714803,1,0.765046,504,0,0,0,429,12235507,False,,,,,0,0,75,10689623,False,,,,,0,0,0,51544,True,0.765046,0.3937,51544,68
2026-06-01T05:22:45.748013+00:00,persist,"INJUSDT,NEARUSDT,TIAUSDT",0,0,0,active,0.0,,200,158,0.506329,1.169432,28.413774,6.714803,1,0.765046,507,0,0,0,430,12235507,False,,,,,0,0,77,10689623,False,,,,,0,0,0,51544,True,0.765046,0.3937,51544,68
2026-06-01T05:27:47.948426+00:00,persist,"INJUSDT,NEARUSDT,TIAUSDT",0,0,0,active,0.0,,200,158,0.506329,1.169432,28.413774,6.714803,1,0.765046,526,0,0,0,447,12235507,False,,,,,0,0,79,10689623,False,,,,,0,0,0,51544,True,0.765046,0.3937,51544,68
2026-06-01T05:32:50.575478+00:00,persist,"INJUSDT,NEARUSDT,TIAUSDT",0,0,0,active,0.0,,200,158,0.506329,1.169432,28.413774,6.714803,1,0.765046,532,0,0,0,452,12235507,False,,,,,0,0,80,10689623,False,,,,,0,0,0,51544,True,0.765046,0.3937,51544,68
2026-06-01T05:37:52.344863+00:00,persist,"INJUSDT,NEARUSDT,TIAUSDT",1,0,0,active,0.0,,200,158,0.506329,1.169432,28.413774,6.714803,1,-0.103385,540,1,0,0,457,12235507,False,,,,,0,0,82,10689623,False,,,,,0,0,1,51544,True,-0.103385,0.3895,51545,69
2026-06-01T05:42:54.149846+00:00,persist,"INJUSDT,NEARUSDT,TIAUSDT",0,0,0,active,0.0,,200,158,0.506329,1.169432,28.413774,6.714803,1,-0.103385,545,0,0,0,459,12235507,False,,,,,0,0,86,10689623,False,,,,,0,0,0,51545,True,-0.103385,0.3895,51545,69
2026-06-01T05:47:55.731682+00:00,persist,"INJUSDT,NEARUSDT,TIAUSDT",0,0,0,active,0.0,,200,158,0.506329,1.169432,28.413774,6.714803,1,-0.103385,551,0,0,0,462,12235507,False,,,,,0,0,89,10689623,False,,,,,0,0,0,51545,True,-0.103385,0.3895,51545,69
2026-06-01T05:52:57.523697+00:00,persist,"INJUSDT,NEARUSDT,TIAUSDT",1,0,0,active,0.0,,200,158,0.506329,1.169432,28.413774,6.714803,1,0.413538,560,1,0,0,462,12235507,False,,,,,0,0,97,10689623,False,,,,,0,0,1,51545,True,0.413538,0.392,51546,70
2026-06-01T05:57:59.513241+00:00,persist,"INJUSDT,NEARUSDT,TIAUSDT",0,0,0,active,0.0,,200,158,0.506329,1.169432,28.413774,6.714803,1,0.413538,563,0,0,0,462,12235507,False,,,,,0,0,101,10689623,False,,,,,0,0,0,51546,True,0.413538,0.392,51546,70
2026-06-01T06:03:01.102172+00:00,persist,"INJUSDT,NEARUSDT,TIAUSDT",0,0,0,active,0.0,,200,158,0.506329,1.169432,28.413774,6.714803,1,0.413538,584,0,0,0,463,12235507,False,,,,,0,0,121,10689623,False,,,,,0,0,0,51546,True,0.413538,0.392,51546,70
2026-06-01T06:08:03.720477+00:00,persist,"INJUSDT,NEARUSDT,TIAUSDT",0,0,0,active,0.0,,200,158,0.506329,1.169432,28.413774,6.714803,1,0.413538,587,0,0,0,463,12235507,False,,,,,0,0,124,10689623,False,,,,,0,0,0,51546,True,0.413538,0.392,51546,70
2026-06-01T06:13:05.944203+00:00,persist,"INJUSDT,NEARUSDT,TIAUSDT",0,0,0,active,0.0,,200,158,0.506329,1.169432,28.413774,6.714803,1,0.413538,603,0,0,0,474,12235507,False,,,,,0,0,129,10689623,False,,,,,0,0,0,51546,True,0.413538,0.392,51546,70
2026-06-01T06:18:07.956490+00:00,persist,"INJUSDT,NEARUSDT,TIAUSDT",0,0,0,active,0.0,,200,158,0.506329,1.169432,28.413774,6.714803,1,0.413538,604,0,0,0,474,12235507,False,,,,,0,0,130,10689623,False,,,,,0,0,0,51546,True,0.413538,0.392,51546,70
2026-06-01T06:23:09.987198+00:00,persist,"INJUSDT,NEARUSDT,TIAUSDT",1,0,0,active,0.0,,200,158,0.506329,1.169432,28.413774,6.714803,1,-0.992492,622,1,0,0,476,12235507,False,,,,,0,0,145,10689623,False,,,,,0,0,1,51546,True,-0.992492,0.3852,51547,71
2026-06-01T06:28:11.793633+00:00,persist,"INJUSDT,NEARUSDT,TIAUSDT",0,0,0,active,0.0,,200,158,0.506329,1.169432,28.413774,6.714803,1,-0.992492,628,0,0,0,477,12235507,False,,,,,0,0,151,10689623,False,,,,,0,0,0,51547,True,-0.992492,0.3852,51547,71
2026-06-01T06:33:13.394278+00:00,persist,"INJUSDT,NEARUSDT,TIAUSDT",0,0,0,active,0.0,,200,158,0.506329,1.169432,28.413774,6.714803,1,-0.992492,643,0,0,0,489,12235507,False,,,,,0,0,154,10689623,False,,,,,0,0,0,51547,True,-0.992492,0.3852,51547,71
2026-06-01T06:38:15.816964+00:00,persist,"INJUSDT,NEARUSDT,TIAUSDT",0,0,0,active,0.0,,200,158,0.506329,1.169432,28.413774,6.714803,1,-0.992492,647,0,0,0,490,12235507,False,,,,,0,0,157,10689623,False,,,,,0,0,0,51547,True,-0.992492,0.3852,51547,71
2026-06-01T06:43:17.809535+00:00,persist,"INJUSDT,NEARUSDT,TIAUSDT",0,0,0,active,0.0,,200,158,0.506329,1.169432,28.413774,6.714803,1,-0.992492,649,0,0,0,491,12235507,False,,,,,0,0,158,10689623,False,,,,,0,0,0,51547,True,-0.992492,0.3852,51547,71
2026-06-01T06:48:19.803764+00:00,persist,"INJUSDT,NEARUSDT,TIAUSDT",0,0,0,active,0.0,,200,158,0.506329,1.169432,28.413774,6.714803,1,-0.992492,653,0,0,0,493,12235507,False,,,,,0,0,160,10689623,False,,,,,0,0,0,51547,True,-0.992492,0.3852,51547,71
2026-06-01T06:53:21.591086+00:00,persist,"INJUSDT,NEARUSDT,TIAUSDT",0,0,0,active,0.0,,200,158,0.506329,1.169432,28.413774,6.714803,1,-0.992492,660,0,0,0,497,12235507,False,,,,,0,0,163,10689623,False,,,,,0,0,0,51547,True,-0.992492,0.3852,51547,71
2026-06-01T06:58:24.056942+00:00,persist,"INJUSDT,NEARUSDT,TIAUSDT",0,0,0,active,0.0,,200,158,0.506329,1.169432,28.413774,6.714803,1,-0.992492,660,0,0,0,497,12235507,False,,,,,0,0,163,10689623,False,,,,,0,0,0,51547,True,-0.992492,0.3852,51547,71
2026-06-01T07:03:25.652828+00:00,persist,"INJUSDT,NEARUSDT,TIAUSDT",0,0,0,active,0.0,,200,158,0.506329,1.169432,28.413774,6.714803,1,-0.992492,671,0,0,0,499,12235507,False,,,,,0,0,172,10689623,False,,,,,0,0,0,51547,True,-0.992492,0.3852,51547,71
2026-06-01T07:08:27.865482+00:00,persist,"INJUSDT,NEARUSDT,TIAUSDT",0,0,0,active,0.0,,200,158,0.506329,1.169432,28.413774,6.714803,1,-0.992492,687,0,0,0,501,12235507,False,,,,,0,0,186,10689623,False,,,,,0,0,0,51547,True,-0.992492,0.3852,51547,71
2026-06-01T07:13:29.714845+00:00,persist,"INJUSDT,NEARUSDT,TIAUSDT",2,0,0,active,0.0,,201,158,0.506329,1.169432,28.413774,6.714803,2,-1.217971,747,1,0,0,501,12235507,False,,,,,1,0,246,10689623,True,-0.225479,2.322,10689869,8,0,0,0,51547,True,-0.992492,0.3852,51547,71
2026-06-01T07:18:31.757730+00:00,persist,"INJUSDT,NEARUSDT,TIAUSDT",0,0,0,active,0.0,,201,158,0.506329,1.169432,28.413774,6.714803,2,-1.217971,502,0,0,0,502,12235507,False,,,,,0,0,0,10689869,True,-0.225479,2.322,10689869,8,0,0,0,51547,True,-0.992492,0.3852,51547,71
2026-06-01T07:23:33.356327+00:00,persist,"INJUSDT,NEARUSDT,TIAUSDT",1,0,0,active,0.0,,201,158,0.506329,1.169432,28.413774,6.714803,2,-1.089126,507,1,0,0,506,12235507,False,,,,,0,0,1,10689869,True,-0.096634,2.326,10689870,9,0,0,0,51547,True,-0.992492,0.3852,51547,71
2026-06-01T07:28:35.331355+00:00,persist,"INJUSDT,NEARUSDT,TIAUSDT",0,0,0,active,0.0,,201,158,0.506329,1.169432,28.413774,6.714803,2,-1.089126,508,0,0,0,508,12235507,False,,,,,0,0,0,10689870,True,-0.096634,2.326,10689870,9,0,0,0,51547,True,-0.992492,0.3852,51547,71
2026-06-01T07:33:38.191429+00:00,persist,"INJUSDT,NEARUSDT,TIAUSDT",1,0,0,active,0.0,,201,158,0.506329,1.169432,28.413774,6.714803,2,-1.185759,515,1,0,0,508,12235507,False,,,,,0,0,7,10689870,True,-0.193267,2.323,10689877,16,0,0,0,51547,True,-0.992492,0.3852,51547,71
2026-06-01T07:38:39.989449+00:00,persist,"INJUSDT,NEARUSDT,TIAUSDT",1,0,0,active,0.0,,201,158,0.506329,1.169432,28.413774,6.714803,2,-1.056914,517,1,0,0,509,12235507,False,,,,,0,0,8,10689877,True,-0.064422,2.327,10689885,24,0,0,0,51547,True,-0.992492,0.3852,51547,71
2026-06-01T07:43:41.988992+00:00,persist,"INJUSDT,NEARUSDT,TIAUSDT",1,0,0,active,0.0,,201,158,0.506329,1.169432,28.413774,6.714803,2,-0.92807,522,1,0,0,518,12235507,False,,,,,0,0,4,10689885,True,0.064422,2.331,10689889,28,0,0,0,51547,True,-0.992492,0.3852,51547,71
2026-06-01T07:48:43.803555+00:00,persist,"INJUSDT,NEARUSDT,TIAUSDT",1,0,0,active,0.0,,201,158,0.506329,1.169432,28.413774,6.714803,2,-2.00327,525,1,0,0,519,12235507,False,,,,,0,0,0,10689889,True,0.064422,2.331,10689889,28,0,0,6,51547,True,-2.067692,0.38,51553,77
2026-06-01T07:53:45.425605+00:00,persist,"INJUSDT,NEARUSDT,TIAUSDT",1,0,0,active,0.0,,201,158,0.506329,1.169432,28.413774,6.714803,2,-2.164326,523,1,0,0,522,12235507,False,,,,,0,0,1,10689889,True,-0.096634,2.326,10689890,29,0,0,0,51553,True,-2.067692,0.38,51553,77
2026-06-01T07:58:47.239242+00:00,persist,"INJUSDT,NEARUSDT,TIAUSDT",1,0,0,active,0.0,,201,158,0.506329,1.169432,28.413774,6.714803,2,-2.969607,528,1,0,0,522,12235507,False,,,,,0,0,6,10689890,True,-0.901915,2.301,10689896,35,0,0,0,51553,True,-2.067692,0.38,51553,77
2026-06-01T08:03:48.844205+00:00,persist,"INJUSDT,NEARUSDT,TIAUSDT",1,0,0,active,0.0,,201,158,0.506329,1.169432,28.413774,6.714803,2,-2.711917,530,1,0,0,522,12235507,False,,,,,0,0,8,10689896,True,-0.644225,2.309,10689904,43,0,0,0,51553,True,-2.067692,0.38,51553,77
2026-06-01T08:08:51.702928+00:00,persist,"INJUSDT,NEARUSDT,TIAUSDT",1,0,0,active,0.0,,201,158,0.506329,1.169432,28.413774,6.714803,2,-2.486438,523,1,0,0,522,12235507,False,,,,,0,0,1,10689904,True,-0.418746,2.316,10689905,44,0,0,0,51553,True,-2.067692,0.38,51553,77
2026-06-01T08:13:53.514586+00:00,persist,"INJUSDT,NEARUSDT,TIAUSDT",1,0,0,active,0.0,,201,158,0.506329,1.169432,28.413774,6.714803,2,-2.389804,523,1,0,0,522,12235507,False,,,,,0,0,1,10689905,True,-0.322112,2.319,10689906,45,0,0,0,51553,True,-2.067692,0.38,51553,77
2026-06-01T08:18:55.722527+00:00,persist,"INJUSDT,NEARUSDT,TIAUSDT",0,0,0,active,0.0,,201,158,0.506329,1.169432,28.413774,6.714803,2,-2.389804,523,0,0,0,523,12235507,False,,,,,0,0,0,10689906,True,-0.322112,2.319,10689906,45,0,0,0,51553,True,-2.067692,0.38,51553,77
2026-06-01T08:23:57.941704+00:00,persist,"INJUSDT,NEARUSDT,TIAUSDT",2,0,0,active,0.0,,201,158,0.506329,1.169432,28.413774,6.714803,2,-0.960281,530,2,0,0,523,12235507,False,,,,,0,0,6,10689906,True,0.032211,2.33,10689912,51,0,0,1,51553,True,-0.992492,0.3852,51554,78
2026-06-01T08:28:59.714619+00:00,persist,"INJUSDT,NEARUSDT,TIAUSDT",1,0,0,active,0.0,,201,158,0.506329,1.169432,28.413774,6.714803,2,-0.767013,525,1,0,0,523,12235507,False,,,,,0,0,2,10689912,True,0.225479,2.336,10689914,53,0,0,0,51554,True,-0.992492,0.3852,51554,78
2026-06-01T08:34:01.321437+00:00,persist,"INJUSDT,NEARUSDT,TIAUSDT",1,0,0,active,0.0,,201,158,0.506329,1.169432,28.413774,6.714803,2,-0.477112,546,1,0,0,531,12235507,False,,,,,0,0,15,10689914,True,0.51538,2.345,10689929,68,0,0,0,51554,True,-0.992492,0.3852,51554,78
2026-06-01T08:39:03.097532+00:00,persist,"INJUSDT,NEARUSDT,TIAUSDT",1,0,0,active,0.0,,201,158,0.506329,1.169432,28.413774,6.714803,2,-0.541535,556,1,0,0,536,12235507,False,,,,,0,0,20,10689929,True,0.450957,2.343,10689949,88,0,0,0,51554,True,-0.992492,0.3852,51554,78
2026-06-01T08:44:04.689930+00:00,persist,"INJUSDT,NEARUSDT,TIAUSDT",1,0,0,active,0.0,,201,158,0.506329,1.169432,28.413774,6.714803,2,-0.92807,554,1,0,0,536,12235507,False,,,,,0,0,18,10689949,True,0.064422,2.331,10689967,106,0,0,0,51554,True,-0.992492,0.3852,51554,78
2026-06-01T08:49:07.117150+00:00,persist,"INJUSDT,NEARUSDT,TIAUSDT",0,0,0,active,0.0,,201,158,0.506329,1.169432,28.413774,6.714803,2,-0.92807,537,0,0,0,537,12235507,False,,,,,0,0,0,10689967,True,0.064422,2.331,10689967,106,0,0,0,51554,True,-0.992492,0.3852,51554,78
2026-06-01T08:54:08.697776+00:00,persist,"INJUSDT,NEARUSDT,TIAUSDT",1,0,0,active,0.0,,201,158,0.506329,1.169432,28.413774,6.714803,2,-1.475661,552,1,0,0,537,12235507,False,,,,,0,0,15,10689967,True,-0.483169,2.314,10689982,121,0,0,0,51554,True,-0.992492,0.3852,51554,78
2026-06-01T08:59:10.292024+00:00,persist,"INJUSDT,NEARUSDT,TIAUSDT",0,0,0,active,0.0,,201,158,0.506329,1.169432,28.413774,6.714803,2,-1.475661,539,0,0,0,539,12235507,False,,,,,0,0,0,10689982,True,-0.483169,2.314,10689982,121,0,0,0,51554,True,-0.992492,0.3852,51554,78
2026-06-01T09:04:11.866886+00:00,persist,"INJUSDT,NEARUSDT,TIAUSDT",0,0,0,active,0.0,,201,158,0.506329,1.169432,28.413774,6.714803,2,-1.475661,545,0,0,0,545,12235507,False,,,,,0,0,0,10689982,True,-0.483169,2.314,10689982,121,0,0,0,51554,True,-0.992492,0.3852,51554,78
2026-06-01T09:09:14.116173+00:00,persist,"INJUSDT,NEARUSDT,TIAUSDT",0,0,0,active,0.0,,201,158,0.506329,1.169432,28.413774,6.714803,2,-1.475661,545,0,0,0,545,12235507,False,,,,,0,0,0,10689982,True,-0.483169,2.314,10689982,121,0,0,0,51554,True,-0.992492,0.3852,51554,78
2026-06-01T09:14:16.549388+00:00,persist,"INJUSDT,NEARUSDT,TIAUSDT",0,0,0,active,0.0,,201,158,0.506329,1.169432,28.413774,6.714803,2,-1.475661,545,0,0,0,545,12235507,False,,,,,0,0,0,10689982,True,-0.483169,2.314,10689982,121,0,0,0,51554,True,-0.992492,0.3852,51554,78
2026-06-01T09:19:18.351135+00:00,persist,"INJUSDT,NEARUSDT,TIAUSDT",1,0,0,active,0.0,,201,158,0.506329,1.169432,28.413774,6.714803,2,-1.701139,548,1,0,0,547,12235507,False,,,,,0,0,1,10689982,True,-0.708647,2.307,10689983,122,0,0,0,51554,True,-0.992492,0.3852,51554,78
2026-06-01T09:24:19.943575+00:00,persist,"INJUSDT,NEARUSDT,TIAUSDT",0,0,0,active,0.0,,201,158,0.506329,1.169432,28.413774,6.714803,2,-1.701139,550,0,0,0,550,12235507,False,,,,,0,0,0,10689983,True,-0.708647,2.307,10689983,122,0,0,0,51554,True,-0.992492,0.3852,51554,78
2026-06-01T09:29:22.185000+00:00,persist,"INJUSDT,NEARUSDT,TIAUSDT",1,0,0,active,0.0,,201,158,0.506329,1.169432,28.413774,6.714803,2,-2.184308,566,1,0,0,550,12235507,False,,,,,0,0,16,10689983,True,-1.191816,2.292,10689999,138,0,0,0,51554,True,-0.992492,0.3852,51554,78
2026-06-01T09:34:23.786830+00:00,persist,"INJUSDT,NEARUSDT,TIAUSDT",1,0,0,active,0.0,,201,158,0.506329,1.169432,28.413774,6.714803,2,-2.280942,596,1,0,0,552,12235507,False,,,,,0,0,44,10689999,True,-1.28845,2.289,10690043,182,0,0,0,51554,True,-0.992492,0.3852,51554,78
2026-06-01T09:39:25.378955+00:00,persist,"INJUSDT,NEARUSDT,TIAUSDT",1,0,0,active,0.0,,201,158,0.506329,1.169432,28.413774,6.714803,2,-1.636717,557,1,0,0,554,12235507,False,,,,,0,0,3,10690043,True,-0.644225,2.309,10690046,185,0,0,0,51554,True,-0.992492,0.3852,51554,78
2026-06-01T09:44:26.979997+00:00,persist,"INJUSDT,NEARUSDT,TIAUSDT",1,0,0,active,0.0,,201,158,0.506329,1.169432,28.413774,6.714803,2,-1.540083,556,1,0,0,555,12235507,False,,,,,0,0,1,10690046,True,-0.547591,2.312,10690047,186,0,0,0,51554,True,-0.992492,0.3852,51554,78
2026-06-01T09:49:29.196247+00:00,persist,"INJUSDT,NEARUSDT,TIAUSDT",1,0,0,active,0.0,,201,158,0.506329,1.169432,28.413774,6.714803,2,-1.862196,557,1,0,0,555,12235507,False,,,,,0,0,2,10690047,True,-0.869704,2.302,10690049,188,0,0,0,51554,True,-0.992492,0.3852,51554,78
2026-06-01T09:54:30.795218+00:00,persist,"INJUSDT,NEARUSDT,TIAUSDT",1,0,0,active,0.0,,201,158,0.506329,1.169432,28.413774,6.714803,2,-0.992492,567,1,0,0,557,12235507,False,,,,,0,0,10,10690049,True,0.0,2.329,10690059,198,0,0,0,51554,True,-0.992492,0.3852,51554,78
2026-06-01T09:59:33.005509+00:00,persist,"INJUSDT,NEARUSDT,TIAUSDT",1,0,0,active,0.0,,201,158,0.506329,1.169432,28.413774,6.714803,2,-0.92807,565,1,0,0,557,12235507,False,,,,,0,0,8,10690059,True,0.064422,2.331,10690067,206,0,0,0,51554,True,-0.992492,0.3852,51554,78
2026-06-01T10:04:35.011300+00:00,persist,"INJUSDT,NEARUSDT,TIAUSDT",1,0,0,active,0.0,,201,158,0.506329,1.169432,28.413774,6.714803,2,-1.250182,581,1,0,0,560,12235507,False,,,,,0,0,21,10690067,True,-0.25769,2.321,10690088,227,0,0,0,51554,True,-0.992492,0.3852,51554,78
2026-06-01T10:09:36.593471+00:00,persist,"INJUSDT,NEARUSDT,TIAUSDT",1,0,0,active,0.0,,201,158,0.506329,1.169432,28.413774,6.714803,2,-0.960281,563,1,0,0,562,12235507,False,,,,,0,0,1,10690088,True,0.032211,2.33,10690089,228,0,0,0,51554,True,-0.992492,0.3852,51554,78
2026-06-01T10:14:39.005447+00:00,persist,"INJUSDT,NEARUSDT,TIAUSDT",0,0,0,active,0.0,,201,158,0.506329,1.169432,28.413774,6.714803,2,-0.960281,565,0,0,0,565,12235507,False,,,,,0,0,0,10690089,True,0.032211,2.33,10690089,228,0,0,0,51554,True,-0.992492,0.3852,51554,78
2026-06-01T10:19:40.812002+00:00,persist,"INJUSDT,NEARUSDT,TIAUSDT",1,0,0,active,0.0,,201,158,0.506329,1.169432,28.413774,6.714803,2,-0.67038,580,1,0,0,565,12235507,False,,,,,0,0,15,10690089,True,0.322112,2.339,10690104,243,0,0,0,51554,True,-0.992492,0.3852,51554,78
2026-06-01T10:24:42.418968+00:00,persist,"INJUSDT,NEARUSDT,TIAUSDT",1,0,0,active,0.0,,201,158,0.506329,1.169432,28.413774,6.714803,2,-0.509323,573,1,0,0,565,12235507,False,,,,,0,0,8,10690104,True,0.483169,2.344,10690112,251,0,0,0,51554,True,-0.992492,0.3852,51554,78
2026-06-01T10:29:44.031638+00:00,persist,"INJUSDT,NEARUSDT,TIAUSDT",1,0,0,active,0.0,,201,158,0.506329,1.169432,28.413774,6.714803,2,-0.509323,566,1,0,0,565,12235507,False,,,,,0,0,1,10690112,True,0.483169,2.344,10690113,252,0,0,0,51554,True,-0.992492,0.3852,51554,78
2026-06-01T10:34:45.631071+00:00,persist,"INJUSDT,NEARUSDT,TIAUSDT",1,0,0,active,0.0,,201,158,0.506329,1.169432,28.413774,6.714803,2,-1.024703,572,1,0,0,566,12235507,False,,,,,0,0,6,10690113,True,-0.032211,2.328,10690119,258,0,0,0,51554,True,-0.992492,0.3852,51554,78
2026-06-01T10:39:47.251103+00:00,persist,"INJUSDT,NEARUSDT,TIAUSDT",1,0,0,active,0.0,,201,158,0.506329,1.169432,28.413774,6.714803,2,-0.702591,573,1,0,0,571,12235507,False,,,,,0,0,2,10690119,True,0.289901,2.338,10690121,260,0,0,0,51554,True,-0.992492,0.3852,51554,78
2026-06-01T10:44:48.855130+00:00,persist,"INJUSDT,NEARUSDT,TIAUSDT",1,0,0,active,0.0,,201,158,0.506329,1.169432,28.413774,6.714803,2,-0.863647,584,1,0,0,571,12235507,False,,,,,0,0,13,10690121,True,0.128845,2.333,10690134,273,0,0,0,51554,True,-0.992492,0.3852,51554,78
2026-06-01T10:49:51.752633+00:00,persist,"INJUSDT,NEARUSDT,TIAUSDT",1,0,0,active,0.0,,201,158,0.506329,1.169432,28.413774,6.714803,2,-0.283845,576,1,0,0,574,12235507,False,,,,,0,0,2,10690134,True,0.708647,2.351,10690136,275,0,0,0,51554,True,-0.992492,0.3852,51554,78
2026-06-01T10:54:53.344416+00:00,persist,"INJUSDT,NEARUSDT,TIAUSDT",1,0,0,active,0.0,,201,158,0.506329,1.169432,28.413774,6.714803,2,-0.799225,597,1,0,0,578,12235507,False,,,,,0,0,19,10690136,True,0.193267,2.335,10690155,294,0,0,0,51554,True,-0.992492,0.3852,51554,78
2026-06-01T10:59:54.925026+00:00,persist,"INJUSDT,NEARUSDT,TIAUSDT",1,0,0,active,0.0,,201,158,0.506329,1.169432,28.413774,6.714803,2,-1.056914,580,1,0,0,578,12235507,False,,,,,0,0,2,10690155,True,-0.064422,2.327,10690157,296,0,0,0,51554,True,-0.992492,0.3852,51554,78
2026-06-01T11:04:57.173069+00:00,persist,"INJUSDT,NEARUSDT,TIAUSDT",0,0,0,active,0.0,,201,158,0.506329,1.169432,28.413774,6.714803,2,-1.056914,583,0,0,0,583,12235507,False,,,,,0,0,0,10690157,True,-0.064422,2.327,10690157,296,0,0,0,51554,True,-0.992492,0.3852,51554,78
2026-06-01T11:09:59.179456+00:00,persist,"INJUSDT,NEARUSDT,TIAUSDT",0,0,0,active,0.0,,201,158,0.506329,1.169432,28.413774,6.714803,2,-1.056914,586,0,0,0,586,12235507,False,,,,,0,0,0,10690157,True,-0.064422,2.327,10690157,296,0,0,0,51554,True,-0.992492,0.3852,51554,78
2026-06-01T11:15:01.171455+00:00,persist,"INJUSDT,NEARUSDT,TIAUSDT",0,0,0,active,0.0,,201,158,0.506329,1.169432,28.413774,6.714803,2,-1.056914,587,0,0,0,587,12235507,False,,,,,0,0,0,10690157,True,-0.064422,2.327,10690157,296,0,0,0,51554,True,-0.992492,0.3852,51554,78
2026-06-01T11:20:03.452345+00:00,persist,"INJUSDT,NEARUSDT,TIAUSDT",1,0,0,active,0.0,,201,158,0.506329,1.169432,28.413774,6.714803,2,-0.348267,594,1,0,0,588,12235507,False,,,,,0,0,6,10690157,True,0.644225,2.349,10690163,302,0,0,0,51554,True,-0.992492,0.3852,51554,78
2026-06-01T11:25:05.649680+00:00,persist,"INJUSDT,NEARUSDT,TIAUSDT",2,0,0,active,0.0,,201,159,0.509434,1.175793,29.480467,6.714803,2,0.830741,594,2,0,0,590,12235507,False,,,,,0,0,3,10690163,True,0.934126,2.358,10690166,305,0,0,1,51554,True,-0.103385,0.3895,51555,79
2026-06-01T11:30:07.863062+00:00,persist,"INJUSDT,NEARUSDT,TIAUSDT",1,0,0,active,0.0,,201,159,0.509434,1.175793,29.480467,6.714803,2,0.637474,597,1,0,0,591,12235507,False,,,,,0,0,6,10690166,True,0.740859,2.352,10690172,311,0,0,0,51555,True,-0.103385,0.3895,51555,79
2026-06-01T11:35:10.105060+00:00,persist,"INJUSDT,NEARUSDT,TIAUSDT",1,0,0,active,0.0,,201,159,0.509434,1.175793,29.480467,6.714803,2,0.605262,608,1,0,0,592,12235507,False,,,,,0,0,16,10690172,True,0.708647,2.351,10690188,327,0,0,0,51555,True,-0.103385,0.3895,51555,79
2026-06-01T11:40:11.916214+00:00,persist,"INJUSDT,NEARUSDT,TIAUSDT",1,0,0,active,0.0,,201,159,0.509434,1.175793,29.480467,6.714803,2,-0.522131,620,1,0,0,597,12235507,False,,,,,0,0,23,10690188,True,-0.418746,2.316,10690211,350,0,0,0,51555,True,-0.103385,0.3895,51555,79
2026-06-01T11:45:13.510720+00:00,persist,"INJUSDT,NEARUSDT,TIAUSDT",1,0,0,active,0.0,,201,159,0.509434,1.175793,29.480467,6.714803,2,-0.103385,642,1,0,0,601,12235507,False,,,,,0,0,41,10690211,True,0.0,2.329,10690252,391,0,0,0,51555,True,-0.103385,0.3895,51555,79
2026-06-01T11:50:15.741983+00:00,persist,"INJUSDT,NEARUSDT,TIAUSDT",1,0,0,active,0.0,,201,159,0.509434,1.175793,29.480467,6.714803,2,-0.74761,619,1,0,0,605,12235507,False,,,,,0,0,14,10690252,True,-0.644225,2.309,10690266,405,0,0,0,51555,True,-0.103385,0.3895,51555,79
2026-06-01T11:55:17.969188+00:00,persist,"INJUSDT,NEARUSDT,TIAUSDT",0,0,0,active,0.0,,201,159,0.509434,1.175793,29.480467,6.714803,2,-0.74761,617,0,0,0,617,12235507,False,,,,,0,0,0,10690266,True,-0.644225,2.309,10690266,405,0,0,0,51555,True,-0.103385,0.3895,51555,79
2026-06-01T12:00:19.773300+00:00,persist,"INJUSDT,NEARUSDT,TIAUSDT",0,0,0,active,0.0,,201,159,0.509434,1.175793,29.480467,6.714803,2,-0.74761,628,0,0,0,628,12235507,False,,,,,0,0,0,10690266,True,-0.644225,2.309,10690266,405,0,0,0,51555,True,-0.103385,0.3895,51555,79
2026-06-01T12:05:21.787310+00:00,persist,"INJUSDT,NEARUSDT,TIAUSDT",1,0,0,active,0.0,,201,159,0.509434,1.175793,29.480467,6.714803,2,-0.328864,635,1,0,0,634,12235507,False,,,,,0,0,1,10690266,True,-0.225479,2.322,10690267,406,0,0,0,51555,True,-0.103385,0.3895,51555,79
2026-06-01T12:10:23.373564+00:00,persist,"INJUSDT,NEARUSDT,TIAUSDT",2,0,0,active,0.0,,201,159,0.509434,1.175793,29.480467,6.714803,2,-1.443449,642,2,0,0,640,12235507,False,,,,,0,0,1,10690267,True,-0.450957,2.315,10690268,407,0,0,1,51555,True,-0.992492,0.3852,51556,80
2026-06-01T12:15:25.189719+00:00,persist,"INJUSDT,NEARUSDT,TIAUSDT",2,0,0,active,0.0,,201,159,0.509434,1.175793,29.480467,6.714803,2,-2.82726,654,2,0,0,645,12235507,False,,,,,0,0,8,10690268,True,-0.966337,2.299,10690276,415,0,0,1,51556,True,-1.860923,0.381,51557,81
2026-06-01T12:20:26.804158+00:00,persist,"INJUSDT,NEARUSDT,TIAUSDT",1,0,0,active,0.0,,201,159,0.509434,1.175793,29.480467,6.714803,2,-2.086402,665,1,0,0,648,12235507,False,,,,,0,0,17,10690276,True,-0.225479,2.322,10690293,432,0,0,0,51557,True,-1.860923,0.381,51557,81
2026-06-01T12:25:28.830617+00:00,persist,"INJUSDT,NEARUSDT,TIAUSDT",2,0,0,active,0.0,,201,159,0.509434,1.175793,29.480467,6.714803,2,-0.026155,685,2,0,0,651,12235507,False,,,,,0,0,33,10690293,True,0.966337,2.359,10690326,465,0,0,1,51557,True,-0.992492,0.3852,51558,82
2026-06-01T12:30:30.703933+00:00,persist,"INJUSDT,NEARUSDT,TIAUSDT",1,0,0,active,0.0,,201,159,0.509434,1.175793,29.480467,6.714803,2,1.13345,680,1,0,0,657,12235507,False,,,,,0,0,23,10690326,True,2.125942,2.395,10690349,488,0,0,0,51558,True,-0.992492,0.3852,51558,82
2026-06-01T12:35:32.516868+00:00,persist,"INJUSDT,NEARUSDT,TIAUSDT",1,0,0,active,0.0,,201,159,0.509434,1.175793,29.480467,6.714803,2,0.907972,700,1,0,0,659,12235507,False,,,,,0,0,41,10690349,True,1.900464,2.388,10690390,529,0,0,0,51558,True,-0.992492,0.3852,51558,82
2026-06-01T12:40:34.337521+00:00,persist,"INJUSDT,NEARUSDT,TIAUSDT",1,0,0,active,0.0,,201,159,0.509434,1.175793,29.480467,6.714803,2,1.197873,677,1,0,0,662,12235507,False,,,,,0,0,15,10690390,True,2.190365,2.397,10690405,544,0,0,0,51558,True,-0.992492,0.3852,51558,82
2026-06-01T12:45:35.948549+00:00,persist,"INJUSDT,NEARUSDT,TIAUSDT",1,0,0,active,0.0,,201,159,0.509434,1.175793,29.480467,6.714803,2,0.682493,688,1,0,0,670,12235507,False,,,,,0,0,18,10690405,True,1.674985,2.381,10690423,562,0,0,0,51558,True,-0.992492,0.3852,51558,82
2026-06-01T12:50:37.747863+00:00,persist,"INJUSDT,NEARUSDT,TIAUSDT",1,0,0,active,0.0,,201,159,0.509434,1.175793,29.480467,6.714803,2,0.231535,677,1,0,0,672,12235507,False,,,,,0,0,5,10690423,True,1.224027,2.367,10690428,567,0,0,0,51558,True,-0.992492,0.3852,51558,82
2026-06-01T12:55:39.348551+00:00,persist,"INJUSDT,NEARUSDT,TIAUSDT",0,0,0,active,0.0,,201,159,0.509434,1.175793,29.480467,6.714803,2,0.231535,676,0,0,0,676,12235507,False,,,,,0,0,0,10690428,True,1.224027,2.367,10690428,567,0,0,0,51558,True,-0.992492,0.3852,51558,82
2026-06-01T13:00:41.596791+00:00,persist,"INJUSDT,NEARUSDT,TIAUSDT",0,0,0,active,0.0,,201,159,0.509434,1.175793,29.480467,6.714803,2,0.231535,686,0,0,0,686,12235507,False,,,,,0,0,0,10690428,True,1.224027,2.367,10690428,567,0,0,0,51558,True,-0.992492,0.3852,51558,82
2026-06-01T13:05:43.405298+00:00,persist,"INJUSDT,NEARUSDT,TIAUSDT",1,0,0,active,0.298714,1.0,201,160,0.5125,1.177574,29.779181,6.714803,1,-0.992492,735,0,0,0,694,12235507,False,,,,,0,1,41,10690428,False,,,,,0,0,0,51558,True,-0.992492,0.3852,51558,82
2026-06-01T13:10:45.008682+00:00,persist,"INJUSDT,NEARUSDT,TIAUSDT",0,0,0,active,0.0,,201,160,0.5125,1.177574,29.779181,6.714803,1,-0.992492,822,0,0,0,751,12235507,False,,,,,0,0,71,10690461,False,,,,,0,0,0,51558,True,-0.992492,0.3852,51558,82
2026-06-01T13:15:48.091302+00:00,persist,"INJUSDT,NEARUSDT,TIAUSDT",1,0,0,active,0.0,,201,160,0.5125,1.177574,29.779181,6.714803,1,-1.736862,967,1,0,0,817,12235507,False,,,,,0,0,147,10690461,False,,,,,0,0,3,51558,True,-1.736862,0.3816,51561,85
2026-06-01T13:20:50.966390+00:00,persist,"INJUSDT,NEARUSDT,TIAUSDT",0,0,0,active,0.0,,201,160,0.5125,1.177574,29.779181,6.714803,1,-1.736862,1097,0,0,0,873,12235507,False,,,,,0,0,224,10690461,False,,,,,0,0,0,51561,True,-1.736862,0.3816,51561,85
2026-06-01T13:25:53.399338+00:00,persist,"INJUSDT,NEARUSDT,TIAUSDT",0,0,0,active,0.0,,201,160,0.5125,1.177574,29.779181,6.714803,1,-1.736862,1100,0,0,0,874,12235507,False,,,,,0,0,226,10690461,False,,,,,0,0,0,51561,True,-1.736862,0.3816,51561,85
2026-06-01T13:30:55.647754+00:00,persist,"INJUSDT,NEARUSDT,TIAUSDT",0,0,0,active,0.0,,201,160,0.5125,1.177574,29.779181,6.714803,1,-1.736862,1111,0,0,0,875,12235507,False,,,,,0,0,236,10690461,False,,,,,0,0,0,51561,True,-1.736862,0.3816,51561,85
2026-06-01T13:35:58.309744+00:00,persist,"INJUSDT,NEARUSDT,TIAUSDT",0,0,0,active,0.0,,201,160,0.5125,1.177574,29.779181,6.714803,1,-1.736862,1129,0,0,0,882,12235507,False,,,,,0,0,247,10690461,False,,,,,0,0,0,51561,True,-1.736862,0.3816,51561,85
2026-06-01T13:41:00.982871+00:00,persist,"INJUSDT,NEARUSDT,TIAUSDT",2,0,0,active,0.0,,202,160,0.5125,1.177574,29.779181,6.714803,2,-2.119212,1150,1,0,0,885,12235507,False,,,,,1,0,265,10690461,True,-0.38235,2.383,10690726,8,0,0,0,51561,True,-1.736862,0.3816,51561,85
2026-06-01T13:46:03.902307+00:00,persist,"INJUSDT,NEARUSDT,TIAUSDT",1,0,0,active,0.0,,202,160,0.5125,1.177574,29.779181,6.714803,2,-1.70745,951,1,0,0,897,12235507,False,,,,,0,0,54,10690726,True,0.029412,2.397,10690780,62,0,0,0,51561,True,-1.736862,0.3816,51561,85
2026-06-01T13:51:06.556933+00:00,persist,"INJUSDT,NEARUSDT,TIAUSDT",1,0,0,active,0.0,,202,160,0.5125,1.177574,29.779181,6.714803,2,-2.442738,912,1,0,0,899,12235507,False,,,,,0,0,13,10690780,True,-0.705876,2.372,10690793,75,0,0,0,51561,True,-1.736862,0.3816,51561,85
2026-06-01T13:56:09.001378+00:00,persist,"INJUSDT,NEARUSDT,TIAUSDT",2,0,0,active,0.0,,202,160,0.5125,1.177574,29.779181,6.714803,2,-3.331499,966,2,0,0,900,12235507,False,,,,,0,0,64,10690793,True,-1.470576,2.346,10690857,139,0,0,2,51561,True,-1.860923,0.381,51563,87
2026-06-01T14:01:11.491002+00:00,persist,"INJUSDT,NEARUSDT,TIAUSDT",2,0,0,active,0.0,,202,160,0.5125,1.177574,29.779181,6.714803,2,-1.610134,969,2,0,0,918,12235507,False,,,,,0,0,50,10690857,True,-0.617642,2.375,10690907,189,0,0,1,51563,True,-0.992492,0.3852,51564,88
2026-06-01T14:06:14.618580+00:00,persist,"INJUSDT,NEARUSDT,TIAUSDT",1,0,0,active,0.0,,202,160,0.5125,1.177574,29.779181,6.714803,2,-1.933661,941,1,0,0,920,12235507,False,,,,,0,0,21,10690907,True,-0.941169,2.364,10690928,210,0,0,0,51564,True,-0.992492,0.3852,51564,88
2026-06-01T14:11:16.444398+00:00,persist,"INJUSDT,NEARUSDT,TIAUSDT",3,0,0,active,0.0,,203,160,0.5125,1.177574,29.779181,6.714803,3,-2.080718,933,2,1,0,922,12235507,True,0.0,6.782,12236429,1,0,0,11,10690928,True,-1.088226,2.359,10690939,221,0,0,0,51564,True,-0.992492,0.3852,51564,88
2026-06-01T14:16:18.053320+00:00,persist,"INJUSDT,NEARUSDT,TIAUSDT",2,0,0,active,0.0,,204,160,0.5125,1.177574,29.779181,6.714803,3,-2.50508,14,2,0,0,5,12236429,True,-0.39495,6.747,12236434,6,0,0,9,10690939,True,-1.117638,2.358,10690948,230,0,0,0,51564,True,-0.992492,0.3852,51564,88
2026-06-01T14:21:20.479542+00:00,persist,"INJUSDT,NEARUSDT,TIAUSDT",2,0,0,active,0.0,,204,160,0.5125,1.177574,29.779181,6.714803,3,-0.817109,11,2,0,0,5,12236434,True,0.440087,6.821,12236439,11,0,0,6,10690948,True,-0.264704,2.387,10690954,236,0,0,0,51564,True,-0.992492,0.3852,51564,88
2026-06-01T14:26:23.592641+00:00,persist,"INJUSDT,NEARUSDT,TIAUSDT",2,0,0,active,0.0,,204,160,0.5125,1.177574,29.779181,6.714803,3,-0.336326,46,2,0,0,12,12236439,True,0.891458,6.861,12236451,23,0,0,34,10690954,True,-0.235292,2.388,10690988,270,0,0,0,51564,True,-0.992492,0.3852,51564,88
2026-06-01T14:31:26.060497+00:00,persist,"INJUSDT,NEARUSDT,TIAUSDT",2,0,0,active,0.0,,204,160,0.5125,1.177574,29.779181,6.714803,3,-0.700548,34,2,0,0,7,12236451,True,0.880174,6.86,12236458,30,0,0,27,10690988,True,-0.58823,2.376,10691015,297,0,0,0,51564,True,-0.992492,0.3852,51564,88
2026-06-01T14:36:28.296433+00:00,persist,"INJUSDT,NEARUSDT,TIAUSDT",2,0,0,active,0.0,,204,160,0.5125,1.177574,29.779181,6.714803,3,-1.751796,43,2,0,0,2,12236458,True,0.564214,6.832,12236460,32,0,0,41,10691015,True,-1.323518,2.351,10691056,338,0,0,0,51564,True,-0.992492,0.3852,51564,88
2026-06-01T14:41:31.159008+00:00,persist,"INJUSDT,NEARUSDT,TIAUSDT",2,0,0,active,0.0,,204,160,0.5125,1.177574,29.779181,6.714803,3,-1.92718,18,2,0,0,4,12236460,True,0.124127,6.793,12236464,36,0,0,14,10691056,True,-1.058815,2.36,10691070,352,0,0,0,51564,True,-0.992492,0.3852,51564,88
2026-06-01T14:46:34.005130+00:00,persist,"INJUSDT,NEARUSDT,TIAUSDT",2,0,0,active,0.0,,204,160,0.5125,1.177574,29.779181,6.714803,3,-1.822134,3,2,0,0,1,12236464,True,-0.270823,6.758,12236465,37,0,0,2,10691070,True,-0.558819,2.377,10691072,354,0,0,0,51564,True,-0.992492,0.3852,51564,88
2026-06-01T14:51:35.621313+00:00,persist,"INJUSDT,NEARUSDT,TIAUSDT",2,0,0,active,0.0,,204,160,0.5125,1.177574,29.779181,6.714803,3,-0.689132,47,2,0,0,3,12236465,True,-0.07899,6.775,12236468,40,0,0,44,10691072,True,0.38235,2.409,10691116,398,0,0,0,51564,True,-0.992492,0.3852,51564,88
2026-06-01T14:56:37.633465+00:00,persist,"INJUSDT,NEARUSDT,TIAUSDT",2,0,0,active,0.0,,204,160,0.5125,1.177574,29.779181,6.714803,3,-1.742058,30,2,0,0,4,12236468,True,-0.63192,6.726,12236472,44,0,0,26,10691116,True,-0.117646,2.392,10691142,424,0,0,0,51564,True,-0.992492,0.3852,51564,88
2026-06-01T15:01:40.706136+00:00,persist,"INJUSDT,NEARUSDT,TIAUSDT",2,0,0,active,0.0,,204,160,0.5125,1.177574,29.779181,6.714803,3,-0.868365,3,2,0,0,1,12236472,True,0.124127,6.793,12236473,45,0,0,2,10691142,True,0.0,2.396,10691144,426,0,0,0,51564,True,-0.992492,0.3852,51564,88
2026-06-01T15:06:42.492180+00:00,persist,"INJUSDT,NEARUSDT,TIAUSDT",2,0,0,active,0.0,,204,160,0.5125,1.177574,29.779181,6.714803,3,-0.215554,33,2,0,0,9,12236473,True,0.541646,6.83,12236482,54,0,0,24,10691144,True,0.235292,2.404,10691168,450,0,0,0,51564,True,-0.992492,0.3852,51564,88
2026-06-01T15:11:44.943118+00:00,persist,"INJUSDT,NEARUSDT,TIAUSDT",2,0,0,active,0.0,,204,160,0.5125,1.177574,29.779181,6.714803,3,0.51049,12,2,0,0,2,12236482,True,0.620636,6.837,12236484,56,0,0,10,10691168,True,0.882346,2.426,10691178,460,0,0,0,51564,True,-0.992492,0.3852,51564,88
2026-06-01T15:16:48.036753+00:00,persist,"INJUSDT,NEARUSDT,TIAUSDT",1,0,0,active,0.0,,204,160,0.5125,1.177574,29.779181,6.714803,3,-0.25421,66,1,0,0,0,12236484,True,0.620636,6.837,12236484,56,0,0,66,10691178,True,0.117646,2.4,10691244,526,0,0,0,51564,True,-0.992492,0.3852,51564,88
2026-06-01T15:21:51.309940+00:00,persist,"INJUSDT,NEARUSDT,TIAUSDT",2,0,0,active,0.0,,204,160,0.5125,1.177574,29.779181,6.714803,3,-0.809904,60,2,0,0,5,12236484,True,0.270823,6.806,12236489,61,0,0,55,10691244,True,-0.088235,2.393,10691299,581,0,0,0,51564,True,-0.992492,0.3852,51564,88
2026-06-01T15:26:53.804738+00:00,persist,"INJUSDT,NEARUSDT,TIAUSDT",2,0,0,active,0.0,,204,160,0.5125,1.177574,29.779181,6.714803,3,-0.632842,14,2,0,0,3,12236489,True,0.94788,6.866,12236492,64,0,0,11,10691299,True,-0.58823,2.376,10691310,592,0,0,0,51564,True,-0.992492,0.3852,51564,88
2026-06-01T15:31:55.601053+00:00,persist,"INJUSDT,NEARUSDT,TIAUSDT",4,0,0,active,-0.25981,0.0,205,161,0.509317,1.175752,29.519371,6.714803,3,1.027271,41,2,0,0,2,12236492,True,1.218702,6.89,12236494,66,1,1,39,10691310,True,0.801061,2.429,10691349,22,0,0,0,51564,True,-0.992492,0.3852,51564,88
2026-06-01T15:36:59.330308+00:00,persist,"INJUSDT,NEARUSDT,TIAUSDT",2,0,0,active,0.0,,205,161,0.509317,1.175752,29.519371,6.714803,3,2.132586,35,2,0,0,13,12236494,True,1.715211,6.934,12236507,79,0,0,22,10691349,True,1.409867,2.448,10691371,44,0,0,0,51564,True,-0.992492,0.3852,51564,88
2026-06-01T15:42:02.198737+00:00,persist,"INJUSDT,NEARUSDT,TIAUSDT",3,0,0,active,0.0,,205,161,0.509317,1.175752,29.519371,6.714803,3,1.243651,41,3,0,0,7,12236507,True,1.196134,6.888,12236514,86,0,0,31,10691371,True,0.192255,2.41,10691402,75,0,0,3,51564,True,-0.144738,0.3893,51567,91
2026-06-01T15:47:05.467434+00:00,persist,"INJUSDT,NEARUSDT,TIAUSDT",2,0,0,active,0.0,,205,161,0.509317,1.175752,29.519371,6.714803,3,1.508075,10,2,0,0,9,12236514,True,0.94788,6.866,12236523,95,0,0,1,10691402,True,0.704933,2.426,10691403,76,0,0,0,51567,True,-0.144738,0.3893,51567,91
2026-06-01T15:52:07.261203+00:00,persist,"INJUSDT,NEARUSDT,TIAUSDT",2,0,0,active,0.0,,205,161,0.509317,1.175752,29.519371,6.714803,3,1.518516,10,2,0,0,4,12236523,True,1.34283,6.901,12236527,99,0,0,6,10691403,True,0.320424,2.414,10691409,82,0,0,0,51567,True,-0.144738,0.3893,51567,91
2026-06-01T15:57:09.480527+00:00,persist,"INJUSDT,NEARUSDT,TIAUSDT",2,0,0,active,0.0,,205,161,0.509317,1.175752,29.519371,6.714803,3,1.429209,15,2,0,0,3,12236527,True,1.670074,6.93,12236530,102,0,0,12,10691409,True,-0.096127,2.401,10691421,94,0,0,0,51567,True,-0.144738,0.3893,51567,91
2026-06-01T16:02:12.153574+00:00,persist,"INJUSDT,NEARUSDT,TIAUSDT",2,0,0,active,0.0,,205,161,0.509317,1.175752,29.519371,6.714803,3,2.381553,34,2,0,0,29,12236530,True,2.301994,6.986,12236559,131,0,0,5,10691421,True,0.224297,2.411,10691426,99,0,0,0,51567,True,-0.144738,0.3893,51567,91
2026-06-01T16:07:14.167615+00:00,persist,"INJUSDT,NEARUSDT,TIAUSDT",2,0,0,active,0.0,,205,161,0.509317,1.175752,29.519371,6.714803,3,2.701678,29,2,0,0,21,12236559,True,3.29501,7.074,12236580,152,0,0,8,10691426,True,-0.448594,2.39,10691434,107,0,0,0,51567,True,-0.144738,0.3893,51567,91
2026-06-01T16:12:16.795528+00:00,persist,"INJUSDT,NEARUSDT,TIAUSDT",2,0,0,active,0.0,,205,161,0.509317,1.175752,29.519371,6.714803,3,2.626731,28,2,0,0,13,12236580,True,3.091893,7.056,12236593,165,0,0,15,10691434,True,-0.320424,2.394,10691449,122,0,0,0,51567,True,-0.144738,0.3893,51567,91
2026-06-01T16:17:19.218490+00:00,persist,"INJUSDT,NEARUSDT,TIAUSDT",1,0,0,active,0.0,,205,161,0.509317,1.175752,29.519371,6.714803,3,2.987828,19,1,0,0,19,12236593,True,3.45299,7.088,12236612,184,0,0,0,10691449,True,-0.320424,2.394,10691449,122,0,0,0,51567,True,-0.144738,0.3893,51567,91
2026-06-01T16:22:22.492445+00:00,persist,"INJUSDT,NEARUSDT,TIAUSDT",2,0,0,active,0.0,,205,161,0.509317,1.175752,29.519371,6.714803,3,3.576,19,2,0,0,7,12236612,True,4.265459,7.16,12236619,191,0,0,12,10691449,True,-0.544721,2.387,10691461,134,0,0,0,51567,True,-0.144738,0.3893,51567,91
2026-06-01T16:27:24.499617+00:00,persist,"INJUSDT,NEARUSDT,TIAUSDT",1,0,0,active,0.0,,205,161,0.509317,1.175752,29.519371,6.714803,3,2.729678,2,1,0,0,2,12236619,True,3.419137,7.085,12236621,193,0,0,0,10691461,True,-0.544721,2.387,10691461,134,0,0,0,51567,True,-0.144738,0.3893,51567,91
2026-06-01T16:32:27.609716+00:00,persist,"INJUSDT,NEARUSDT,TIAUSDT",2,0,0,active,0.0,,205,161,0.509317,1.175752,29.519371,6.714803,3,4.339547,6,2,0,0,5,12236621,True,4.987653,7.224,12236626,198,0,0,0,10691461,True,-0.544721,2.387,10691461,134,0,0,1,51567,True,-0.103385,0.3895,51568,92
2026-06-01T16:37:29.627731+00:00,persist,"INJUSDT,NEARUSDT,TIAUSDT",2,0,0,active,0.0,,205,161,0.509317,1.175752,29.519371,6.714803,3,4.379674,5,2,0,0,4,12236626,True,4.739398,7.202,12236630,202,0,0,1,10691461,True,-0.256339,2.396,10691462,135,0,0,0,51568,True,-0.103385,0.3895,51568,92
2026-06-01T16:42:31.918355+00:00,persist,"INJUSDT,NEARUSDT,TIAUSDT",2,0,0,active,0.0,,205,161,0.509317,1.175752,29.519371,6.714803,3,4.62835,25,2,0,0,8,12236630,True,4.79582,7.207,12236638,210,0,0,17,10691462,True,-0.064085,2.402,10691479,152,0,0,0,51568,True,-0.103385,0.3895,51568,92
2026-06-01T16:47:33.737331+00:00,persist,"INJUSDT,NEARUSDT,TIAUSDT",1,0,0,active,0.0,,205,161,0.509317,1.175752,29.519371,6.714803,3,4.596308,24,1,0,0,0,12236638,True,4.79582,7.207,12236638,210,0,0,24,10691479,True,-0.096127,2.401,10691503,176,0,0,0,51568,True,-0.103385,0.3895,51568,92
2026-06-01T16:52:35.350274+00:00,persist,"INJUSDT,NEARUSDT,TIAUSDT",2,0,0,active,0.0,,205,161,0.509317,1.175752,29.519371,6.714803,3,3.796811,37,2,0,0,8,12236638,True,3.227305,7.068,12236646,218,0,0,29,10691503,True,0.672891,2.425,10691532,205,0,0,0,51568,True,-0.103385,0.3895,51568,92
2026-06-01T16:57:38.848332+00:00,persist,"INJUSDT,NEARUSDT,TIAUSDT",3,0,0,active,0.0,,205,161,0.509317,1.175752,29.519371,6.714803,3,5.98218,88,3,0,0,3,12236646,True,3.486843,7.091,12236649,221,0,0,84,10691532,True,1.730291,2.458,10691616,289,0,0,1,51568,True,0.765046,0.3937,51569,93
2026-06-01T17:02:40.447139+00:00,persist,"INJUSDT,NEARUSDT,TIAUSDT",2,0,0,active,0.0,,205,161,0.509317,1.175752,29.519371,6.714803,3,6.595995,30,2,0,0,5,12236649,True,3.780234,7.117,12236654,226,0,0,25,10691616,True,2.050715,2.468,10691641,314,0,0,0,51569,True,0.765046,0.3937,51569,93
2026-06-01T17:07:42.690421+00:00,persist,"INJUSDT,NEARUSDT,TIAUSDT",2,0,0,active,0.0,,205,161,0.509317,1.175752,29.519371,6.714803,3,6.97604,27,2,0,0,7,12236654,True,4.096194,7.145,12236661,233,0,0,20,10691641,True,2.1148,2.47,10691661,334,0,0,0,51569,True,0.765046,0.3937,51569,93
2026-06-01T17:12:44.258853+00:00,persist,"INJUSDT,NEARUSDT,TIAUSDT",2,0,0,active,0.0,,205,161,0.509317,1.175752,29.519371,6.714803,3,6.853724,23,2,0,0,3,12236661,True,4.00592,7.137,12236664,236,0,0,20,10691661,True,2.082758,2.469,10691681,354,0,0,0,51569,True,0.765046,0.3937,51569,93
2026-06-01T17:17:46.466087+00:00,persist,"INJUSDT,NEARUSDT,TIAUSDT",2,0,0,active,0.0,,205,161,0.509317,1.175752,29.519371,6.714803,3,5.930645,19,2,0,0,11,12236664,True,2.922629,7.041,12236675,247,0,0,8,10691681,True,2.24297,2.474,10691689,362,0,0,0,51569,True,0.765046,0.3937,51569,93
2026-06-01T17:22:48.243505+00:00,persist,"INJUSDT,NEARUSDT,TIAUSDT",2,0,0,active,2.382663,1.0,205,163,0.515337,1.204124,34.284697,6.714803,2,2.815761,24,1,0,1,22,12236675,False,,,,,0,0,2,10691689,True,2.050715,2.468,10691691,364,0,0,0,51569,True,0.765046,0.3937,51569,93
2026-06-01T17:27:50.280436+00:00,persist,"INJUSDT,NEARUSDT,TIAUSDT",1,0,0,active,0.0,,205,163,0.515337,1.204124,34.284697,6.714803,2,3.136186,46,1,0,0,30,12236677,False,,,,,0,0,16,10691691,True,2.37114,2.478,10691707,380,0,0,0,51569,True,0.765046,0.3937,51569,93
2026-06-01T17:32:52.294186+00:00,persist,"INJUSDT,NEARUSDT,TIAUSDT",2,0,0,active,0.0,,205,163,0.515337,1.204124,34.284697,6.714803,2,3.981749,65,2,0,0,38,12236677,False,,,,,0,0,26,10691707,True,2.947903,2.496,10691733,406,0,0,1,51569,True,1.033846,0.395,51570,94
2026-06-01T17:37:53.871749+00:00,persist,"INJUSDT,NEARUSDT,TIAUSDT",1,0,0,active,0.0,,205,163,0.515337,1.204124,34.284697,6.714803,2,4.013792,81,1,0,0,45,12236677,False,,,,,0,0,36,10691733,True,2.979946,2.497,10691769,442,0,0,0,51570,True,1.033846,0.395,51570,94
2026-06-01T17:42:56.110230+00:00,persist,"INJUSDT,NEARUSDT,TIAUSDT",1,0,0,active,0.0,,205,163,0.515337,1.204124,34.284697,6.714803,2,4.590556,73,1,0,0,56,12236677,False,,,,,0,0,17,10691769,True,3.55671,2.515,10691786,459,0,0,0,51570,True,1.033846,0.395,51570,94
2026-06-01T17:47:58.140952+00:00,persist,"INJUSDT,NEARUSDT,TIAUSDT",3,0,0,active,0.0,,207,163,0.515337,1.204124,34.284697,6.714803,3,4.299759,93,2,1,0,69,12236677,True,-0.258754,6.984,12236746,8,0,0,24,10691786,True,3.524667,2.514,10691810,483,0,0,0,51570,True,1.033846,0.395,51570,94
