flux,entree_utc,sortie_utc,sens,entree_px,sortie_px_moy,risque_usd,pnl_usd_net,R,pool,btc_atrd1,sorties
A1:BTCUSDT,2019-11-25 14:00:00+00:00,2019-11-25 16:00:00+00:00,short,7117.27,7305.76,2.532,-2.6502,-1.047,main,5.94,stop:7305.76x0.013536
A1:BTCUSDT,2019-12-14 09:00:00+00:00,2019-12-15 07:00:00+00:00,short,7186.81,7119.17,2.459,1.1233,0.457,main,4.54,tp1:7050.08x0.008994|stop:7188.25x0.008994
A3:BTCUSDT,2019-12-14 16:00:00+00:00,2019-12-18 20:00:00+00:00,short,7055.89,6922.77,2.513,1.1585,0.461,main,4.54,tp1:6788.23x0.004695|stop:7057.30x0.004695
A3:BTCUSDT,2019-12-22 20:00:00+00:00,2019-12-24 04:00:00+00:00,long,7398.27,7308.89,2.539,-0.6886,-0.271,main,4.67,avortee:7308.89x0.006957
A3:BTCUSDT,2020-01-23 12:00:00+00:00,2020-01-26 12:00:00+00:00,short,8432.11,8484.17,2.522,-0.2497,-0.099,main,3.95,avortee:8484.17x0.006023
A1:BTCUSDT,2020-03-03 07:00:00+00:00,2020-03-05 09:00:00+00:00,short,8787.38,9005.20,2.482,-2.4960,-1.006,main,4.77,stop:9005.20x0.011490
A1:BTCUSDT,2020-04-09 13:00:00+00:00,2020-04-10 04:00:00+00:00,long,7298.38,7079.69,2.422,-2.4986,-1.032,main,7.48,stop:7079.69x0.011147
A3:BTCUSDT,2020-04-29 04:00:00+00:00,2020-05-04 04:00:00+00:00,long,7815.54,8455.23,2.520,4.3300,1.719,main,4.67,tp1:8180.39x0.003453|tp2:8727.67x0.001726|avortee:8732.46x0.001726
A1:BTCUSDT,2020-06-03 19:00:00+00:00,2020-06-05 11:00:00+00:00,long,9597.63,9720.74,2.355,1.0664,0.453,main,5.83,tp1:9845.77x0.004746|stop:9595.71x0.004746
A3:ETHUSDT,2020-06-22 04:00:00+00:00,2020-06-24 12:00:00+00:00,long,234.30,241.12,2.507,1.6359,0.653,main,3.92,tp1:244.31x0.125153|avortee:237.93x0.125153
A3:TRXUSDT,2020-06-22 08:00:00+00:00,2020-06-24 08:00:00+00:00,long,0.02,0.02,2.554,1.3828,0.541,sat,3.92,tp1:0.02x2033.727334|avortee:0.02x2033.727334
A3:BTCUSDT,2020-06-22 20:00:00+00:00,2020-06-24 08:00:00+00:00,long,9565.85,9516.98,2.625,-0.3798,-0.145,main,3.92,avortee:9516.98x0.006064
A4:LTCUSDT,2020-06-27 08:00:00+00:00,2020-07-06 12:00:00+00:00,short,42.95,42.05,2.527,2.7422,1.085,sat,3.90,tp1:42.15x1.577088|tp2:40.95x0.788544|trail:42.96x0.788544
A4:BCHUSDT,2020-06-30 12:00:00+00:00,2020-07-03 16:00:00+00:00,short,223.45,221.04,2.513,1.2489,0.497,sat,3.72,tp1:218.59x0.259000|stop:223.49x0.259000
A4:BNBUSDT,2020-06-30 16:00:00+00:00,2020-07-01 10:00:00+00:00,short,15.43,15.66,2.479,-2.6182,-1.056,sat,3.72,stop:15.66x11.032657
A3:BTCUSDT,2020-07-01 16:00:00+00:00,2020-07-02 16:00:00+00:00,long,9265.60,8967.13,2.621,-2.7332,-1.043,main,3.58,stop:8967.13x0.008833
A4:XRPUSDT,2020-07-03 20:00:00+00:00,2020-07-04 17:00:00+00:00,short,0.18,0.18,2.535,-2.6766,-1.056,sat,3.51,stop:0.18x989.922588
A1:BTCUSDT,2020-07-05 06:00:00+00:00,2020-07-05 22:00:00+00:00,short,9077.24,9003.68,2.421,1.1123,0.460,main,3.19,tp1:8928.31x0.008126|stop:9079.06x0.008126
A3:BTCUSDT,2020-07-06 16:00:00+00:00,2020-07-09 16:00:00+00:00,long,9304.85,9209.15,2.547,-0.6567,-0.258,main,3.18,avortee:9209.15x0.005841
A4:LTCUSDT,2020-07-19 04:00:00+00:00,2020-07-21 01:00:00+00:00,short,42.32,41.94,2.563,1.1658,0.455,sat,2.31,tp1:41.55x1.667265|stop:42.33x1.667265
A3:BTCUSDT,2020-07-20 00:00:00+00:00,2020-07-20 12:00:00+00:00,long,9212.52,9148.55,2.552,-1.1867,-0.465,main,2.31,avortee:9148.55x0.016222
A3:BTCUSDT,2020-07-21 08:00:00+00:00,2020-08-02 04:00:00+00:00,long,9316.86,10119.78,2.511,7.8010,3.107,main,2.16,tp1:9557.60x0.005214|tp2:9918.72x0.002607|trail:11445.19x0.002607
A4:BCHUSDT,2020-09-10 16:00:00+00:00,2020-09-11 08:00:00+00:00,short,226.39,223.76,2.539,1.1921,0.470,sat,5.05,tp1:221.08x0.238878|stop:226.44x0.238878
A4:LTCUSDT,2020-09-10 20:00:00+00:00,2020-09-12 18:00:00+00:00,short,48.30,49.63,2.637,-2.6863,-1.019,sat,5.05,stop:49.63x1.993516
A4:BTCUSDT,2020-09-10 20:00:00+00:00,2020-09-13 03:00:00+00:00,short,10267.83,10523.40,2.515,-2.5571,-1.017,main,5.05,stop:10523.40x0.009923
A1:BTCUSDT,2020-09-20 04:00:00+00:00,2020-09-20 12:00:00+00:00,long,10942.44,10839.75,2.437,-2.6980,-1.107,main,3.71,stop:10839.75x0.024249
A4:BCHUSDT,2020-09-26 08:00:00+00:00,2020-09-26 16:00:00+00:00,short,215.66,219.63,2.589,-2.7333,-1.056,sat,3.85,stop:219.63x0.659061
A3:BTCUSDT,2020-09-28 04:00:00+00:00,2020-09-29 00:00:00+00:00,long,10883.99,10689.80,2.701,-1.5146,-0.561,main,3.55,avortee:10689.80x0.007312
A1:BTCUSDT,2020-10-06 16:00:00+00:00,2020-10-06 18:00:00+00:00,long,10729.02,10573.74,2.357,-2.5371,-1.076,main,2.99,stop:10573.74x0.015389
A1:BTCUSDT,2020-10-15 04:00:00+00:00,2020-10-16 04:00:00+00:00,long,11380.69,11449.38,2.300,0.9408,0.409,main,2.82,tp1:11520.35x0.008234|stop:11378.41x0.008234
A4:BNBUSDT,2020-10-17 08:00:00+00:00,2020-10-20 07:00:00+00:00,long,30.23,29.45,2.451,-2.4843,-1.014,sat,2.91,stop:29.45x3.188831
A1:BTCUSDT,2020-10-29 14:00:00+00:00,2020-10-30 05:00:00+00:00,long,13226.88,13423.54,2.299,1.0915,0.475,main,3.62,tp1:13622.84x0.002904|stop:13224.24x0.002904
A1:BTCUSDT,2020-10-30 11:00:00+00:00,2020-11-02 12:00:00+00:00,long,13297.28,13484.78,2.328,1.1325,0.486,main,3.67,tp1:13674.94x0.003082|stop:13294.62x0.003082
A1:BTCUSDT,2020-11-14 15:00:00+00:00,2020-11-22 10:00:00+00:00,long,16012.19,16895.34,2.363,6.0898,2.577,main,4.38,tp1:16336.48x0.003643|tp2:16822.92x0.001822|trail:18085.48x0.001822
A4:FILUSDT,2021-06-14 12:00:00+00:00,2021-06-14 13:00:00+00:00,short,72.25,73.96,2.518,-2.6378,-1.047,sat,9.41,stop:73.96x1.481117
A1:BTCUSDT,2021-09-14 10:00:00+00:00,2021-09-14 22:00:00+00:00,short,45844.71,47107.58,2.510,-2.6035,-1.037,main,5.92,stop:47107.58x0.002003
A1:BTCUSDT,2021-09-17 15:00:00+00:00,2021-09-17 18:00:00+00:00,long,47499.41,46864.20,2.464,-2.6871,-1.090,main,5.26,stop:46864.20x0.003938
A1:BTCUSDT,2021-09-24 05:00:00+00:00,2021-09-24 07:00:00+00:00,short,44247.70,45142.92,2.379,-2.5115,-1.056,main,5.86,stop:45142.92x0.002685
A4:BNBUSDT,2021-09-24 08:00:00+00:00,2021-09-29 12:00:00+00:00,short,376.43,364.58,2.388,2.7737,1.161,sat,5.86,tp1:366.52x0.120459|tp2:351.65x0.060229|trail:373.63x0.060229
A4:LTCUSDT,2021-09-30 20:00:00+00:00,2021-10-01 05:00:00+00:00,short,151.50,155.01,2.553,-2.6737,-1.047,sat,6.17,stop:155.01x0.733376
A4:ADAUSDT,2021-11-20 08:00:00+00:00,2021-11-20 11:00:00+00:00,short,1.86,1.91,2.487,-2.6047,-1.047,sat,5.38,stop:1.91x56.626937
A4:UNIUSDT,2021-11-29 12:00:00+00:00,2021-11-29 17:00:00+00:00,short,19.85,20.42,2.504,-2.5930,-1.035,sat,5.38,stop:20.42x4.392017
A4:AAVEUSDT,2021-11-29 16:00:00+00:00,2021-11-29 17:00:00+00:00,short,236.21,242.46,2.499,-2.6052,-1.043,sat,5.38,stop:242.46x0.402869
A4:HBARUSDT,2021-11-29 16:00:00+00:00,2021-11-29 18:00:00+00:00,short,0.33,0.34,2.516,-2.6250,-1.043,sat,5.38,stop:0.34x294.449856
A4:XRPUSDT,2021-11-29 16:00:00+00:00,2021-11-29 21:00:00+00:00,short,0.98,1.00,2.455,-2.5772,-1.050,sat,5.38,stop:1.00x112.207036
A4:TRXUSDT,2021-11-29 20:00:00+00:00,2021-11-30 11:00:00+00:00,short,0.10,0.10,2.529,-2.6614,-1.052,sat,5.38,stop:0.10x1514.871493
A4:BCHUSDT,2021-11-29 20:00:00+00:00,2021-11-30 12:00:00+00:00,short,567.66,583.78,2.515,-2.5971,-1.033,sat,5.38,stop:583.78x0.157112
A1:BTCUSDT,2021-12-08 17:00:00+00:00,2021-12-10 13:00:00+00:00,short,50431.92,49011.74,2.317,2.9520,1.274,main,7.20,tp1:49334.71x0.001056|tp2:47688.89x0.000528|trail:49688.66x0.000528
A1:BTCUSDT,2021-12-11 20:00:00+00:00,2021-12-11 23:00:00+00:00,short,48390.32,49467.90,2.392,-2.5132,-1.051,main,7.54,stop:49467.90x0.002241
A1:BTCUSDT,2021-12-12 05:00:00+00:00,2021-12-12 13:00:00+00:00,short,48839.02,49868.42,2.336,-2.4495,-1.049,main,7.08,stop:49868.42x0.002292
A1:ETHUSDT,2021-12-13 01:00:00+00:00,2021-12-15 19:00:00+00:00,short,4066.02,3892.09,2.513,3.5312,1.405,main,6.79,tp1:3944.06x0.010304|tp2:3761.12x0.005152|trail:3919.13x0.005152
A1:BTCUSDT,2021-12-15 13:00:00+00:00,2021-12-15 19:00:00+00:00,short,47582.89,48964.77,2.262,-2.3426,-1.035,main,7.05,stop:48964.77x0.001649
A1:ETHUSDT,2021-12-19 15:00:00+00:00,2021-12-20 20:00:00+00:00,short,3940.44,3886.50,2.607,1.2500,0.479,main,6.69,tp1:3831.77x0.011996|stop:3941.23x0.011996
A4:BNBUSDT,2021-12-19 16:00:00+00:00,2021-12-21 09:00:00+00:00,short,533.93,527.59,2.466,1.1443,0.464,sat,6.69,tp1:521.14x0.096385|stop:534.04x0.096385
A4:ICPUSDT,2021-12-22 16:00:00+00:00,2021-12-22 17:00:00+00:00,short,23.43,24.07,2.518,-2.6217,-1.041,sat,6.05,stop:24.07x3.943653
A4:TRXUSDT,2021-12-23 00:00:00+00:00,2021-12-23 17:00:00+00:00,short,0.08,0.08,2.443,-2.5697,-1.052,sat,6.05,stop:0.08x1568.773711
A4:HBARUSDT,2021-12-31 04:00:00+00:00,2022-01-01 23:00:00+00:00,short,0.30,0.30,2.437,1.1742,0.482,sat,5.36,tp1:0.29x140.882285|stop:0.30x140.882285
A1:BTCUSDT,2022-01-02 02:00:00+00:00,2022-01-02 22:00:00+00:00,short,47371.73,47006.55,2.216,1.0140,0.457,main,5.22,tp1:46631.89x0.001498|stop:47381.21x0.001498
A4:XRPUSDT,2022-01-02 08:00:00+00:00,2022-01-02 15:00:00+00:00,short,0.84,0.86,2.393,-2.5274,-1.056,sat,5.22,stop:0.86x143.595804
A4:BNBUSDT,2022-01-02 08:00:00+00:00,2022-01-02 16:00:00+00:00,short,521.86,530.11,2.502,-2.6803,-1.071,sat,5.22,stop:530.11x0.306935
A4:SOLUSDT,2022-01-02 08:00:00+00:00,2022-01-08 08:00:00+00:00,short,175.81,163.17,2.520,7.1509,2.838,sat,5.22,tp1:171.35x0.282245|tp2:164.65x0.141123|trail:145.32x0.141123
A1:ETHUSDT,2022-01-02 11:00:00+00:00,2022-01-02 15:00:00+00:00,short,3740.92,3790.31,2.660,-2.8874,-1.085,main,5.22,stop:3790.31x0.054714
A4:VETUSDT,2022-01-03 00:00:00+00:00,2022-01-03 14:00:00+00:00,short,0.09,0.09,2.534,-2.6420,-1.043,sat,5.22,stop:0.09x1224.946776
A4:DOGEUSDT,2022-01-03 04:00:00+00:00,2022-01-11 12:00:00+00:00,short,0.17,0.16,2.517,4.2287,1.680,sat,5.11,tp1:0.17x243.325343|tp2:0.16x121.662671|flipST:0.16x121.662671
A4:ETCUSDT,2022-01-03 04:00:00+00:00,2022-01-11 12:00:00+00:00,short,35.15,32.79,2.521,6.9925,2.774,sat,5.11,tp1:34.30x1.485345|tp2:33.03x0.742672|trail:29.53x0.742672
A4:XRPUSDT,2022-01-03 04:00:00+00:00,2022-01-06 20:00:00+00:00,short,0.85,0.80,2.312,3.9529,1.710,sat,5.11,tp1:0.82x45.497461|tp2:0.78x22.748730|trail:0.79x22.748730
A1:BTCUSDT,2022-01-11 09:00:00+00:00,2022-01-11 16:00:00+00:00,short,41971.50,42856.35,2.230,-2.3387,-1.049,main,5.69,stop:42856.35x0.002545
A4:BTCUSDT,2022-01-11 16:00:00+00:00,2022-01-11 17:00:00+00:00,short,41708.07,42856.35,2.454,-2.5545,-1.041,main,5.69,stop:42856.35x0.002153
A1:BTCUSDT,2022-01-12 03:00:00+00:00,2022-01-12 11:00:00+00:00,short,42537.03,43277.57,2.180,-2.3089,-1.059,main,5.49,stop:43277.57x0.002979
A1:ETHUSDT,2022-01-12 08:00:00+00:00,2022-01-12 09:00:00+00:00,short,3215.37,3274.73,2.581,-2.7385,-1.061,main,5.49,stop:3274.73x0.043966
A4:UNIUSDT,2022-01-13 00:00:00+00:00,2022-01-13 09:00:00+00:00,short,16.27,16.08,2.456,1.1430,0.465,sat,5.49,tp1:15.89x3.211842|stop:16.28x3.211842
A4:TRXUSDT,2022-01-13 04:00:00+00:00,2022-01-14 05:00:00+00:00,short,0.07,0.07,2.395,1.0985,0.459,sat,5.27,tp1:0.07x971.499021|stop:0.07x971.499021
A4:FILUSDT,2022-01-13 04:00:00+00:00,2022-01-15 16:00:00+00:00,short,30.16,29.23,2.455,2.7260,1.110,sat,5.27,tp1:29.34x1.487676|tp2:28.10x0.743838|trail:30.17x0.743838
A1:BTCUSDT,2022-02-11 04:00:00+00:00,2022-02-11 19:00:00+00:00,long,43319.53,42397.58,2.117,-2.2133,-1.045,main,5.17,stop:42397.58x0.002318
A4:BTCUSDT,2022-02-11 16:00:00+00:00,2022-02-11 19:00:00+00:00,long,43657.59,42397.58,2.389,-2.4790,-1.038,main,5.17,stop:42397.58x0.001909
A4:NEARUSDT,2022-02-15 20:00:00+00:00,2022-02-15 23:00:00+00:00,short,11.22,11.55,2.510,-2.6064,-1.039,sat,4.78,stop:11.55x7.709434
A4:ADAUSDT,2022-02-15 20:00:00+00:00,2022-02-21 04:00:00+00:00,short,1.09,1.03,2.461,4.9738,2.021,sat,4.78,tp1:1.06x40.859883|tp2:1.01x20.429941|trail:0.98x20.429941
A1:BTCUSDT,2022-03-08 19:00:00+00:00,2022-03-09 02:00:00+00:00,short,38660.67,39486.09,2.061,-2.1631,-1.049,main,6.55,stop:39486.09x0.002521
A1:ETHUSDT,2022-03-08 19:00:00+00:00,2022-03-09 02:00:00+00:00,short,2568.45,2632.71,2.499,-2.6056,-1.042,main,6.55,stop:2632.71x0.039216
A4:BNBUSDT,2022-03-09 00:00:00+00:00,2022-03-09 03:00:00+00:00,short,380.94,390.24,2.415,-2.5269,-1.046,sat,6.55,stop:390.24x0.262069
A4:ADAUSDT,2022-03-09 20:00:00+00:00,2022-03-17 00:00:00+00:00,short,0.84,0.82,2.578,2.9383,1.140,sat,6.24,tp1:0.82x55.109546|tp2:0.78x27.554773|flipST:0.84x27.554773
A1:BTCUSDT,2022-03-21 22:00:00+00:00,2022-03-30 01:00:00+00:00,long,41286.26,43753.95,2.004,4.8453,2.417,main,5.22,tp1:42284.02x0.001004|tp2:43780.66x0.000502|trail:46667.11x0.000502
A3:BTCUSDT,2022-03-31 16:00:00+00:00,2022-04-01 15:00:00+00:00,short,46440.81,45481.51,2.660,1.2833,0.483,main,3.89,tp1:44512.92x0.000690|stop:46450.10x0.000690
A1:BTCUSDT,2022-04-14 11:00:00+00:00,2022-04-18 18:00:00+00:00,short,40921.61,39948.71,2.131,2.5102,1.178,main,4.54,tp1:40117.70x0.001325|tp2:38911.82x0.000663|trail:40647.61x0.000663
A4:VETUSDT,2022-04-14 12:00:00+00:00,2022-04-16 01:00:00+00:00,short,0.06,0.06,2.466,1.1777,0.478,sat,4.54,tp1:0.06x714.407316|stop:0.06x714.407316
A4:TRXUSDT,2022-04-14 12:00:00+00:00,2022-04-15 20:00:00+00:00,short,0.06,0.06,2.414,-1.7358,-0.719,sat,4.54,flipST:0.06x1395.459259
A4:XRPUSDT,2022-04-14 12:00:00+00:00,2022-04-15 02:00:00+00:00,short,0.72,0.74,2.409,-2.4878,-1.033,sat,4.54,stop:0.74x115.627164
A4:DOTUSDT,2022-04-14 12:00:00+00:00,2022-04-15 00:00:00+00:00,short,18.02,17.76,2.517,1.1613,0.461,sat,4.54,tp1:17.50x2.414733|stop:18.02x2.414733
A4:BTCUSDT,2022-04-14 12:00:00+00:00,2022-04-18 18:00:00+00:00,short,40905.32,39984.62,2.334,2.5457,1.091,main,4.54,tp1:40085.10x0.001423|tp2:38854.79x0.000711|trail:40913.50x0.000711
A4:UNIUSDT,2022-04-14 12:00:00+00:00,2022-04-15 00:00:00+00:00,short,9.56,9.45,2.495,1.1728,0.470,sat,4.54,tp1:9.33x5.423355|stop:9.56x5.423355
A4:DOTUSDT,2022-04-16 12:00:00+00:00,2022-04-16 23:00:00+00:00,short,18.33,18.66,2.557,-2.7149,-1.062,sat,4.49,stop:18.66x7.661819
A1:ETHUSDT,2022-04-16 16:00:00+00:00,2022-04-16 22:00:00+00:00,short,3015.23,3071.32,2.440,-2.5873,-1.060,main,4.49,stop:3071.32x0.043974
A4:DOTUSDT,2022-04-17 12:00:00+00:00,2022-04-19 13:00:00+00:00,short,18.59,18.26,2.467,2.6406,1.070,sat,4.32,tp1:18.29x4.245793|tp2:17.86x2.122897|trail:18.59x2.122897
A3:BNBUSDT,2022-04-25 04:00:00+00:00,2022-04-25 20:00:00+00:00,short,395.61,402.16,2.509,-0.8919,-0.355,sat,4.29,avortee:402.16x0.127301
A4:LINKUSDT,2022-04-26 12:00:00+00:00,2022-04-28 08:00:00+00:00,short,13.32,12.95,2.518,3.8805,1.541,sat,4.33,tp1:13.09x5.405078|tp2:12.74x2.702539|trail:12.90x2.702539
A4:ADAUSDT,2022-04-26 12:00:00+00:00,2022-05-01 16:00:00+00:00,short,0.88,0.84,2.654,5.6106,2.114,sat,4.33,tp1:0.86x60.766611|tp2:0.83x30.383305|trail:0.80x30.383305
A4:BNBUSDT,2022-04-26 12:00:00+00:00,2022-04-28 08:00:00+00:00,short,400.25,395.95,2.362,1.0765,0.456,sat,4.33,tp1:391.56x0.135959|stop:400.33x0.135959
A1:BTCUSDT,2022-04-27 15:00:00+00:00,2022-04-28 01:00:00+00:00,short,38649.77,39616.07,2.189,-2.2910,-1.047,main,4.85,stop:39616.07x0.002284
A1:ETHUSDT,2022-04-28 02:00:00+00:00,2022-04-28 07:00:00+00:00,short,2874.22,2930.81,2.373,-2.5090,-1.057,main,4.68,stop:2930.81x0.042379
A4:ETCUSDT,2022-05-03 16:00:00+00:00,2022-05-04 06:00:00+00:00,short,27.33,26.95,2.676,1.2504,0.467,sat,4.40,tp1:26.56x1.723360|stop:27.34x1.723360
A4:XRPUSDT,2022-05-03 16:00:00+00:00,2022-05-04 03:00:00+00:00,short,0.62,0.61,2.362,1.0979,0.465,sat,4.40,tp1:0.60x81.338091|stop:0.62x81.338091
A4:BCHUSDT,2022-05-03 16:00:00+00:00,2022-05-04 02:00:00+00:00,short,283.78,280.42,2.448,1.1373,0.465,sat,4.40,tp1:277.00x0.180545|stop:283.84x0.180545
A4:DOTUSDT,2022-07-05 04:00:00+00:00,2022-07-07 08:00:00+00:00,short,7.04,6.93,2.544,1.1347,0.446,sat,7.10,tp1:6.83x6.096330|stop:7.04x6.096330
A4:DOGEUSDT,2022-07-15 12:00:00+00:00,2022-07-16 16:00:00+00:00,short,0.06,0.06,2.627,-2.7054,-1.030,sat,6.28,stop:0.06x1719.371654
A4:FILUSDT,2022-07-15 12:00:00+00:00,2022-07-16 16:00:00+00:00,short,5.36,5.30,2.504,1.1400,0.455,sat,6.28,tp1:5.24x10.592693|stop:5.36x10.592693
A1:BTCUSDT,2022-08-01 14:00:00+00:00,2022-08-01 17:00:00+00:00,long,23237.65,22848.66,2.140,-2.2889,-1.070,main,5.45,stop:22848.66x0.005566
A4:TRXUSDT,2022-08-02 00:00:00+00:00,2022-08-02 05:00:00+00:00,long,0.07,0.07,2.371,-2.4685,-1.041,sat,5.45,stop:0.07x1286.866071
A4:TRXUSDT,2022-08-02 16:00:00+00:00,2022-08-03 00:00:00+00:00,long,0.07,0.07,2.347,-2.4548,-1.046,sat,5.27,stop:0.07x1628.878151
A3:XRPUSDT,2022-08-08 12:00:00+00:00,2022-08-09 12:00:00+00:00,long,0.38,0.37,2.512,-2.1829,-0.869,sat,4.54,avortee:0.37x151.660838
A4:UNIUSDT,2022-08-22 04:00:00+00:00,2022-08-23 14:00:00+00:00,short,7.15,6.92,2.510,2.7686,1.103,sat,4.91,tp1:6.94x5.973542|tp2:6.63x2.986771|trail:7.15x2.986771
A4:LTCUSDT,2022-08-23 04:00:00+00:00,2022-08-23 09:00:00+00:00,short,56.12,55.28,2.465,1.1659,0.473,sat,4.81,tp1:54.44x0.732547|stop:56.13x0.732547
A4:AAVEUSDT,2022-08-23 16:00:00+00:00,2022-08-24 15:00:00+00:00,short,88.93,91.48,2.462,-2.5756,-1.046,sat,4.81,stop:91.48x0.974342
A4:NEARUSDT,2022-08-24 00:00:00+00:00,2022-08-24 15:00:00+00:00,short,4.30,4.24,2.451,1.1583,0.472,sat,4.81,tp1:4.18x9.627221|stop:4.30x9.627221
A4:XRPUSDT,2022-08-24 08:00:00+00:00,2022-08-24 19:00:00+00:00,short,0.34,0.35,2.388,-2.4987,-1.046,sat,4.70,stop:0.35x274.964145
A4:ADAUSDT,2022-08-25 00:00:00+00:00,2022-08-25 20:00:00+00:00,short,0.46,0.47,2.813,-2.9370,-1.044,sat,4.70,stop:0.47x207.838339
A4:XRPUSDT,2022-08-25 04:00:00+00:00,2022-08-26 08:00:00+00:00,short,0.35,0.35,2.326,-2.4381,-1.048,sat,4.67,stop:0.35x270.358425
A4:SOLUSDT,2022-08-25 20:00:00+00:00,2022-08-26 13:00:00+00:00,short,35.75,35.31,2.732,1.2449,0.456,sat,4.67,tp1:34.87x1.543454|stop:35.76x1.543454
A1:BTCUSDT,2022-08-26 01:00:00+00:00,2022-08-26 12:00:00+00:00,short,21467.01,21259.04,2.078,0.9509,0.458,main,4.47,tp1:21046.77x0.002473|stop:21471.30x0.002473
A3:TRXUSDT,2022-08-26 12:00:00+00:00,2022-08-29 16:00:00+00:00,short,0.06,0.06,2.538,2.1319,0.840,sat,4.47,tp1:0.06x608.549078|avortee:0.06x608.549078
A4:FILUSDT,2022-08-30 08:00:00+00:00,2022-09-02 00:00:00+00:00,short,5.98,5.79,2.534,3.4647,1.367,sat,4.75,tp1:5.84x8.951027|tp2:5.63x4.475514|trail:5.83x4.475514
A4:GALAUSDT,2022-08-30 12:00:00+00:00,2022-08-31 01:00:00+00:00,short,0.05,0.05,2.524,2.7529,1.091,sat,4.75,tp1:0.05x1162.098843|tp2:0.05x581.049422|trail:0.05x581.049422
A4:TRXUSDT,2022-08-30 12:00:00+00:00,2022-08-30 13:00:00+00:00,short,0.06,0.06,2.291,-2.4781,-1.082,sat,4.75,stop:0.06x2677.031917
A4:DOTUSDT,2022-08-30 12:00:00+00:00,2022-08-31 03:00:00+00:00,short,7.25,7.08,2.580,2.7984,1.084,sat,4.75,tp1:7.10x8.586246|tp2:6.88x4.293123|trail:7.25x4.293123
A4:UNIUSDT,2022-08-30 12:00:00+00:00,2022-08-31 02:00:00+00:00,short,6.33,6.18,2.567,2.8012,1.091,sat,4.75,tp1:6.19x9.112903|tp2:5.98x4.556451|trail:6.34x4.556451
A4:UNIUSDT,2022-08-31 16:00:00+00:00,2022-09-01 11:00:00+00:00,short,6.25,6.16,2.664,1.2507,0.469,sat,4.89,tp1:6.06x7.135749|stop:6.25x7.135749
A4:BCHUSDT,2022-09-12 00:00:00+00:00,2022-09-12 16:00:00+00:00,long,130.16,126.77,2.483,-2.5870,-1.042,sat,4.34,stop:126.77x0.738631
A4:VETUSDT,2022-09-18 04:00:00+00:00,2022-09-24 04:00:00+00:00,short,0.02,0.02,2.522,3.0484,1.209,sat,4.80,tp1:0.02x1969.674856|tp2:0.02x984.837428|trail:0.02x984.837428
A4:GALAUSDT,2022-09-18 04:00:00+00:00,2022-09-29 20:00:00+00:00,short,0.05,0.04,2.589,6.7527,2.608,sat,4.80,tp1:0.05x1033.835710|tp2:0.05x516.917855|trail:0.04x516.917855
A4:BCHUSDT,2022-09-18 04:00:00+00:00,2022-09-23 04:00:00+00:00,short,120.98,117.36,2.428,2.8832,1.187,sat,4.80,tp1:118.07x0.417795|tp2:113.71x0.208898|trail:119.61x0.208898
A4:BNBUSDT,2022-09-18 04:00:00+00:00,2022-09-23 04:00:00+00:00,short,277.13,273.03,2.397,2.4637,1.028,sat,4.80,tp1:273.47x0.327008|tp2:267.97x0.163504|trail:277.19x0.163504
A4:AAVEUSDT,2022-09-18 08:00:00+00:00,2022-09-27 00:00:00+00:00,short,80.32,77.35,2.391,3.6998,1.548,sat,4.80,tp1:78.43x0.631537|tp2:75.59x0.315768|trail:76.96x0.315768
A1:BTCUSDT,2022-09-18 10:00:00+00:00,2022-09-21 14:00:00+00:00,short,19820.54,19237.00,2.100,2.7741,1.321,main,4.80,tp1:19387.83x0.002427|tp2:18738.78x0.001213|trail:19433.55x0.001213
A4:IMXUSDT,2022-09-18 12:00:00+00:00,2022-09-18 17:00:00+00:00,short,0.81,0.82,2.529,-2.6768,-1.058,sat,4.80,stop:0.82x180.208754
A4:1000SHIBUSDT,2022-09-18 12:00:00+00:00,2022-09-23 04:00:00+00:00,short,0.01,0.01,2.524,3.7760,1.496,sat,4.80,tp1:0.01x3591.448331|tp2:0.01x1795.724165|trail:0.01x1795.724165
A3:TRXUSDT,2022-09-19 04:00:00+00:00,2022-09-22 20:00:00+00:00,short,0.06,0.06,2.590,-0.1238,-0.048,sat,4.91,avortee:0.06x941.339130
A1:BTCUSDT,2022-09-24 22:00:00+00:00,2022-09-27 01:00:00+00:00,short,18937.71,19469.79,2.165,-2.2389,-1.034,main,5.51,stop:19469.79x0.004100
A4:GALAUSDT,2022-09-30 16:00:00+00:00,2022-10-03 17:00:00+00:00,short,0.04,0.04,2.765,1.3595,0.492,sat,5.19,tp1:0.04x1681.256383|stop:0.04x1681.256383
A4:VETUSDT,2022-10-10 16:00:00+00:00,2022-10-13 18:00:00+00:00,short,0.02,0.02,2.509,2.7371,1.091,sat,4.15,tp1:0.02x2868.960782|tp2:0.02x1434.480391|trail:0.02x1434.480391
A3:OPUSDT,2022-10-10 16:00:00+00:00,2022-10-14 04:00:00+00:00,short,0.82,0.76,2.510,3.8359,1.528,sat,4.15,tp1:0.78x31.257228|tp2:0.72x15.628614|avortee:0.75x15.628614
A4:LTCUSDT,2022-10-14 16:00:00+00:00,2022-10-21 14:00:00+00:00,short,51.21,50.45,2.493,1.2165,0.488,sat,4.07,tp1:49.69x0.817904|stop:51.22x0.817904
A1:BTCUSDT,2022-10-17 07:00:00+00:00,2022-10-17 11:00:00+00:00,short,19225.85,19487.75,2.125,-2.2931,-1.079,main,3.78,stop:19487.75x0.008237
A4:BCHUSDT,2022-10-17 08:00:00+00:00,2022-10-17 13:00:00+00:00,short,109.99,111.36,2.504,-2.7304,-1.090,sat,3.78,stop:111.36x1.854669
A4:BCHUSDT,2022-10-17 20:00:00+00:00,2022-10-22 12:00:00+00:00,short,109.79,107.07,2.421,2.9845,1.233,sat,3.78,tp1:107.68x0.572970|tp2:104.51x0.286485|trail:108.43x0.286485
A4:IMXUSDT,2022-10-18 08:00:00+00:00,2022-10-18 12:00:00+00:00,short,0.64,0.63,2.465,1.1545,0.468,sat,3.65,tp1:0.62x71.224975|stop:0.64x71.224975
A1:BTCUSDT,2022-10-22 00:00:00+00:00,2022-10-23 17:00:00+00:00,short,19147.17,19311.20,2.086,-2.3149,-1.110,main,3.48,stop:19311.20x0.013021
A4:ETHUSDT,2022-10-22 08:00:00+00:00,2022-10-22 13:00:00+00:00,short,1298.78,1311.84,2.550,-2.8362,-1.112,main,3.45,stop:1311.84x0.199291
A4:1000SHIBUSDT,2022-10-22 20:00:00+00:00,2022-10-23 22:00:00+00:00,short,0.01,0.01,2.629,-2.7802,-1.058,sat,3.45,stop:0.01x17379.418888
A4:HBARUSDT,2022-10-23 04:00:00+00:00,2022-10-23 17:00:00+00:00,short,0.06,0.06,2.501,1.1164,0.446,sat,3.25,tp1:0.06x1578.960652|stop:0.06x1578.960652
A4:LINKUSDT,2022-10-23 12:00:00+00:00,2022-10-23 18:00:00+00:00,short,6.85,7.01,2.603,-2.7141,-1.043,sat,3.25,stop:7.01x15.987117
A4:BCHUSDT,2022-10-23 12:00:00+00:00,2022-10-23 22:00:00+00:00,short,108.15,110.77,2.481,-2.5870,-1.043,sat,3.25,stop:110.77x0.955030
A4:BTCUSDT,2022-10-23 12:00:00+00:00,2022-10-23 17:00:00+00:00,short,19138.27,19321.24,2.424,-2.6975,-1.113,main,3.25,stop:19321.24x0.013536
A3:BTCUSDT,2022-10-23 20:00:00+00:00,2022-10-28 08:00:00+00:00,long,19496.20,20261.69,2.690,2.0740,0.771,main,3.25,tp1:20457.50x0.001399|avortee:20065.89x0.001399
A4:HBARUSDT,2022-10-24 04:00:00+00:00,2022-10-25 18:00:00+00:00,short,0.06,0.06,2.538,-2.5923,-1.021,sat,3.20,stop:0.06x1463.261133
A4:1000SHIBUSDT,2022-10-24 04:00:00+00:00,2022-10-25 17:00:00+00:00,short,0.01,0.01,2.536,-2.6382,-1.040,sat,3.20,stop:0.01x11138.974592
A1:BTCUSDT,2022-10-31 10:00:00+00:00,2022-10-31 13:00:00+00:00,long,20708.84,20340.48,2.002,-2.1257,-1.062,main,3.19,stop:20340.48x0.005495
A1:BTCUSDT,2022-11-01 07:00:00+00:00,2022-11-02 18:00:00+00:00,long,20621.02,20150.58,1.943,-2.0468,-1.053,main,3.20,stop:20150.58x0.004166
A1:BTCUSDT,2022-11-02 19:00:00+00:00,2022-11-02 21:00:00+00:00,long,20449.09,20072.27,1.895,-2.0082,-1.060,main,3.10,stop:20072.27x0.005083
A1:BTCUSDT,2022-11-07 20:00:00+00:00,2022-11-07 22:00:00+00:00,long,20840.57,20487.13,1.847,-1.9666,-1.065,main,3.01,stop:20487.13x0.005286
A1:ETHUSDT,2022-11-15 16:00:00+00:00,2022-11-23 00:00:00+00:00,short,1263.21,1197.15,2.304,4.4889,1.948,main,6.59,tp1:1229.89x0.034577|tp2:1179.92x0.017288|trail:1148.90x0.017288
A4:ETCUSDT,2022-11-15 20:00:00+00:00,2022-11-21 20:00:00+00:00,short,20.45,19.23,2.711,5.3034,1.956,sat,6.59,tp1:19.84x2.220025|tp2:18.93x1.110013|trail:18.29x1.110013
A4:BNBUSDT,2022-11-19 08:00:00+00:00,2022-11-23 02:00:00+00:00,short,269.91,263.35,2.451,2.6674,1.088,sat,5.65,tp1:264.07x0.210034|tp2:255.32x0.105017|trail:269.96x0.105017
A4:VETUSDT,2022-11-23 20:00:00+00:00,2022-11-23 23:00:00+00:00,short,0.02,0.02,2.559,-2.7205,-1.063,sat,5.30,stop:0.02x7754.494527
A4:GALAUSDT,2022-11-23 20:00:00+00:00,2022-11-26 03:00:00+00:00,short,0.03,0.03,2.832,1.3531,0.478,sat,5.30,tp1:0.02x2003.085116|stop:0.03x2003.085116
A3:TRXUSDT,2022-12-04 08:00:00+00:00,2022-12-07 00:00:00+00:00,short,0.05,0.05,2.598,-0.7222,-0.278,sat,3.66,avortee:0.05x1223.358081
A4:HBARUSDT,2022-12-05 20:00:00+00:00,2022-12-10 14:00:00+00:00,short,0.05,0.05,2.454,2.6743,1.090,sat,3.49,tp1:0.05x1391.716645|tp2:0.05x695.858323|trail:0.05x695.858323
A3:XRPUSDT,2022-12-05 20:00:00+00:00,2022-12-06 20:00:00+00:00,short,0.38,0.39,2.476,-0.9710,-0.392,sat,3.49,avortee:0.39x174.804573
A4:AAVEUSDT,2022-12-09 16:00:00+00:00,2022-12-13 13:00:00+00:00,short,62.02,61.19,2.496,1.1839,0.474,sat,3.27,tp1:60.34x0.745387|stop:62.03x0.745387
A4:ETCUSDT,2022-12-09 20:00:00+00:00,2022-12-13 13:00:00+00:00,short,19.02,18.74,2.864,1.2984,0.453,sat,3.27,tp1:18.47x2.607928|stop:19.02x2.607928
A4:LDOUSDT,2022-12-09 20:00:00+00:00,2022-12-12 20:00:00+00:00,short,1.04,1.02,2.519,1.2387,0.492,sat,3.27,tp1:1.01x45.600301|stop:1.04x45.600301
A4:BNBUSDT,2022-12-09 20:00:00+00:00,2022-12-18 04:00:00+00:00,short,287.80,272.62,2.528,7.0404,2.786,sat,3.27,tp1:282.48x0.237551|tp2:274.50x0.118775|trail:251.00x0.118775
A4:FILUSDT,2022-12-10 04:00:00+00:00,2022-12-27 12:00:00+00:00,short,4.41,4.02,2.651,14.5845,5.502,sat,3.18,tp1:4.34x19.071012|tp2:4.24x9.535506|flipST:3.16x9.535506
A3:XRPUSDT,2022-12-12 00:00:00+00:00,2022-12-13 00:00:00+00:00,short,0.38,0.39,2.446,-1.0320,-0.422,sat,3.01,avortee:0.39x142.532284
A3:FILUSDT,2022-12-12 00:00:00+00:00,2022-12-13 16:00:00+00:00,short,4.28,4.32,2.523,-0.6291,-0.249,sat,3.01,avortee:4.32x12.461339
A3:ADAUSDT,2022-12-12 04:00:00+00:00,2022-12-13 12:00:00+00:00,short,0.30,0.31,2.510,-0.9922,-0.395,sat,2.89,avortee:0.31x167.694072
A3:BNBUSDT,2022-12-12 04:00:00+00:00,2022-12-18 04:00:00+00:00,short,282.65,262.96,2.489,4.5949,1.846,sat,2.89,tp1:272.18x0.118865|tp2:256.48x0.059432|trail:251.00x0.059432
A3:BTCUSDT,2022-12-20 16:00:00+00:00,2022-12-21 20:00:00+00:00,long,16914.18,16743.55,2.743,-0.6812,-0.248,main,3.24,avortee:16743.55x0.003605
A4:LTCUSDT,2022-12-21 04:00:00+00:00,2022-12-25 19:00:00+00:00,short,65.48,67.05,2.545,-2.6294,-1.033,sat,3.20,stop:67.05x1.634448
A1:ETHUSDT,2022-12-21 20:00:00+00:00,2022-12-22 20:00:00+00:00,short,1207.88,1196.79,2.425,1.1292,0.466,main,3.20,tp1:1185.47x0.054092|stop:1208.12x0.054092
A4:ATOMUSDT,2022-12-21 20:00:00+00:00,2022-12-25 22:00:00+00:00,short,8.86,9.08,2.532,-2.5687,-1.014,sat,3.20,stop:9.08x11.591703
A4:UNIUSDT,2022-12-22 12:00:00+00:00,2022-12-22 22:00:00+00:00,short,5.32,5.28,2.698,1.2079,0.448,sat,3.08,tp1:5.24x16.268827|stop:5.33x16.268827
A4:LINKUSDT,2022-12-23 16:00:00+00:00,2022-12-25 22:00:00+00:00,short,5.99,5.94,2.535,1.1464,0.452,sat,2.99,tp1:5.90x14.505051|stop:5.99x14.505051
A4:UNIUSDT,2022-12-23 16:00:00+00:00,2022-12-27 10:00:00+00:00,short,5.27,5.19,2.712,1.3122,0.484,sat,2.99,tp1:5.11x8.638473|stop:5.27x8.638473
A4:BCHUSDT,2022-12-23 20:00:00+00:00,2022-12-26 11:00:00+00:00,short,102.01,101.42,2.447,0.9437,0.386,sat,2.99,tp1:100.82x1.027950|stop:102.03x1.027950
A4:AVAXUSDT,2022-12-24 00:00:00+00:00,2022-12-27 10:00:00+00:00,short,11.77,11.70,2.523,1.1222,0.445,sat,2.99,tp1:11.62x8.356146|stop:11.78x8.356146
A4:XRPUSDT,2022-12-24 08:00:00+00:00,2022-12-26 10:00:00+00:00,short,0.35,0.35,2.232,0.8949,0.401,sat,2.90,tp1:0.35x236.842938|stop:0.35x236.842938
A4:LDOUSDT,2022-12-24 16:00:00+00:00,2022-12-25 04:00:00+00:00,short,0.94,0.95,2.541,-1.2776,-0.503,sat,2.90,flipST:0.95x113.736053
A4:AVAXUSDT,2022-12-27 16:00:00+00:00,2023-01-02 12:00:00+00:00,short,11.70,11.40,2.609,5.3856,2.064,sat,2.46,tp1:11.56x9.342892|tp2:11.35x4.671446|flipST:11.14x4.671446
A3:INJUSDT,2022-12-27 16:00:00+00:00,2022-12-29 11:00:00+00:00,short,1.28,1.26,2.512,1.2109,0.482,sat,2.46,tp1:1.23x22.866342|stop:1.28x22.866342
A3:TRXUSDT,2022-12-27 16:00:00+00:00,2022-12-28 20:00:00+00:00,short,0.05,0.05,2.590,-1.2255,-0.473,sat,2.46,avortee:0.05x2116.940600
A3:1000SHIBUSDT,2022-12-27 20:00:00+00:00,2022-12-29 15:00:00+00:00,short,0.01,0.01,2.506,1.1897,0.475,sat,2.46,tp1:0.01x4507.265712|stop:0.01x4507.265712
A3:AVAXUSDT,2022-12-28 04:00:00+00:00,2023-01-02 08:00:00+00:00,short,11.43,11.08,2.514,2.1593,0.859,sat,2.48,tp1:11.03x3.099484|avortee:11.12x3.099484
A1:BTCUSDT,2022-12-28 16:00:00+00:00,2023-01-04 03:00:00+00:00,short,16567.99,16857.55,1.796,-1.7744,-0.988,main,2.48,stop:16857.55x0.006276
A3:BTCUSDT,2022-12-29 00:00:00+00:00,2023-01-01 20:00:00+00:00,short,16535.59,16599.42,2.733,-0.3488,-0.128,main,2.48,avortee:16599.42x0.005557
A4:DOTUSDT,2022-12-31 20:00:00+00:00,2023-01-01 16:00:00+00:00,short,4.34,4.31,2.661,1.2032,0.452,sat,2.34,tp1:4.28x20.716142|stop:4.34x20.716142
A1:ETHUSDT,2022-12-31 23:00:00+00:00,2023-01-02 07:00:00+00:00,short,1196.07,1213.47,2.461,-2.5827,-1.049,main,2.34,stop:1213.47x0.143415
A4:DOGEUSDT,2023-01-01 04:00:00+00:00,2023-01-02 07:00:00+00:00,short,0.07,0.07,2.544,-2.6341,-1.036,sat,2.25,stop:0.07x1418.140541
A4:GALAUSDT,2023-01-01 12:00:00+00:00,2023-01-02 00:00:00+00:00,short,0.02,0.02,2.912,-3.0342,-1.042,sat,2.25,stop:0.02x8033.496134
A4:LINKUSDT,2023-01-02 08:00:00+00:00,2023-01-02 16:00:00+00:00,short,5.68,5.70,2.596,-0.8322,-0.321,sat,2.14,flipST:5.70x33.184173
A1:BTCUSDT,2023-01-19 05:00:00+00:00,2023-01-22 20:00:00+00:00,long,20816.66,21797.94,1.746,3.3122,1.897,main,3.08,tp1:21318.68x0.001739|tp2:22071.70x0.000869|trail:22482.70x0.000869
A1:BTCUSDT,2023-01-29 01:00:00+00:00,2023-01-30 10:00:00+00:00,long,23109.82,23467.62,1.841,1.9442,1.056,main,3.25,tp1:23428.89x0.002885|tp2:23907.49x0.001443|trail:23105.20x0.001443
A1:BTCUSDT,2023-01-31 23:00:00+00:00,2023-02-05 12:00:00+00:00,long,23183.14,23462.11,1.878,0.8055,0.429,main,3.53,tp1:23745.72x0.001669|stop:23178.50x0.001669
A1:ETHUSDT,2023-02-06 16:00:00+00:00,2023-02-08 16:00:00+00:00,long,1648.92,1672.31,2.379,1.0757,0.452,main,3.33,tp1:1696.04x0.025245|stop:1648.59x0.025245
A4:ATOMUSDT,2023-03-06 00:00:00+00:00,2023-03-10 16:00:00+00:00,short,12.00,11.49,2.465,4.3416,1.761,sat,3.98,tp1:11.71x4.260224|tp2:11.28x2.130112|trail:11.23x2.130112
A3:BTCUSDT,2023-03-09 00:00:00+00:00,2023-03-12 20:00:00+00:00,short,21690.96,20741.55,2.717,2.5906,0.953,main,3.65,tp1:20708.34x0.001383|avortee:20774.75x0.001383
A1:BTCUSDT,2023-03-26 02:00:00+00:00,2023-03-27 14:00:00+00:00,long,27586.52,27858.60,1.902,0.8670,0.456,main,4.91,tp1:28136.19x0.001730|stop:27581.00x0.001730
A3:BTCUSDT,2023-04-10 00:00:00+00:00,2023-04-14 16:00:00+00:00,long,28315.06,29456.58,2.794,4.7182,1.689,main,3.68,tp1:28972.27x0.002126|tp2:29958.07x0.001063|trail:29923.71x0.001063
A3:LTCUSDT,2023-04-10 16:00:00+00:00,2023-04-12 02:00:00+00:00,long,92.20,93.91,2.513,1.1810,0.470,sat,3.56,tp1:95.64x0.365311|stop:92.18x0.365311
A3:BCHUSDT,2023-04-10 20:00:00+00:00,2023-04-12 04:00:00+00:00,long,127.16,125.92,2.518,-0.7038,-0.279,sat,3.56,avortee:125.92x0.515522
A3:BNBUSDT,2023-04-26 16:00:00+00:00,2023-04-26 20:00:00+00:00,long,342.02,325.00,2.605,-2.6607,-1.022,sat,3.64,stop:325.00x0.153664
A3:DOTUSDT,2023-05-05 16:00:00+00:00,2023-05-06 08:00:00+00:00,long,5.82,5.75,2.519,-0.6473,-0.257,sat,3.80,avortee:5.75x8.667975
A4:LTCUSDT,2023-05-11 04:00:00+00:00,2023-05-12 21:00:00+00:00,short,80.23,79.21,2.477,1.1855,0.479,sat,4.04,tp1:78.16x0.597337|stop:80.25x0.597337
A4:DOTUSDT,2023-05-11 04:00:00+00:00,2023-05-13 03:00:00+00:00,short,5.38,5.30,2.691,1.2753,0.474,sat,4.04,tp1:5.22x8.440064|stop:5.38x8.440064
A4:UNIUSDT,2023-05-13 12:00:00+00:00,2023-05-17 18:00:00+00:00,short,5.13,5.23,2.781,-2.7678,-0.995,sat,4.18,stop:5.23x26.932270
A4:LINKUSDT,2023-05-13 16:00:00+00:00,2023-05-15 05:00:00+00:00,short,6.53,6.66,2.562,-2.6585,-1.037,sat,4.18,stop:6.66x19.481098
A4:SOLUSDT,2023-05-13 16:00:00+00:00,2023-05-15 06:00:00+00:00,short,20.85,21.37,2.743,-2.8429,-1.036,sat,4.18,stop:21.37x5.350078
A4:OPUSDT,2023-05-14 00:00:00+00:00,2023-05-14 15:00:00+00:00,short,1.64,1.68,2.524,-2.6175,-1.037,sat,4.18,stop:1.68x56.097016
A4:NEARUSDT,2023-05-14 12:00:00+00:00,2023-05-15 01:00:00+00:00,short,1.66,1.68,2.400,-2.5569,-1.065,sat,3.98,stop:1.68x95.252334
A4:AAVEUSDT,2023-05-14 20:00:00+00:00,2023-05-15 08:00:00+00:00,short,62.04,63.60,2.513,-2.6058,-1.037,sat,3.98,stop:63.60x1.616670
A4:DOGEUSDT,2023-05-14 20:00:00+00:00,2023-05-15 02:00:00+00:00,short,0.07,0.07,2.498,-2.6375,-1.056,sat,3.98,stop:0.07x1812.212867
A4:ETCUSDT,2023-05-14 20:00:00+00:00,2023-05-15 01:00:00+00:00,short,18.04,18.45,2.904,-3.0414,-1.047,sat,3.98,stop:18.45x7.136345
A4:ETHUSDT,2023-05-14 20:00:00+00:00,2023-05-15 03:00:00+00:00,short,1794.92,1832.02,2.453,-2.5887,-1.055,main,3.98,stop:1832.02x0.066773
A4:HBARUSDT,2023-05-14 20:00:00+00:00,2023-05-15 06:00:00+00:00,short,0.05,0.05,2.552,-2.6523,-1.039,sat,3.98,stop:0.05x1928.220510
A4:FILUSDT,2023-05-14 20:00:00+00:00,2023-05-15 06:00:00+00:00,short,4.41,4.51,3.041,-3.1836,-1.047,sat,3.98,stop:4.51x31.483273
A4:1000SHIBUSDT,2023-05-14 20:00:00+00:00,2023-05-18 21:00:00+00:00,short,0.01,0.01,2.483,1.2824,0.517,sat,3.98,tp1:0.01x6865.205743|stop:0.01x6865.205743
A4:DOGEUSDT,2023-05-15 12:00:00+00:00,2023-05-16 21:00:00+00:00,short,0.07,0.07,2.430,1.1387,0.469,sat,3.85,tp1:0.07x825.330473|stop:0.07x825.330473
A4:AAVEUSDT,2023-05-15 16:00:00+00:00,2023-05-17 02:00:00+00:00,short,63.72,63.22,2.434,1.0966,0.451,sat,3.85,tp1:62.71x1.206775|stop:63.73x1.206775
A4:ETCUSDT,2023-05-15 20:00:00+00:00,2023-05-16 07:00:00+00:00,short,18.33,18.23,2.858,1.2396,0.434,sat,3.85,tp1:18.12x6.697049|stop:18.33x6.697049
A4:FETUSDT,2023-05-15 20:00:00+00:00,2023-05-17 01:00:00+00:00,short,0.25,0.24,2.480,1.1793,0.476,sat,3.85,tp1:0.24x198.826131|stop:0.25x198.826131
A4:HBARUSDT,2023-05-15 20:00:00+00:00,2023-05-16 05:00:00+00:00,short,0.05,0.05,2.429,1.0935,0.450,sat,3.85,tp1:0.05x1505.315660|stop:0.05x1505.315660
A4:AVAXUSDT,2023-05-15 20:00:00+00:00,2023-05-17 19:00:00+00:00,short,15.18,14.94,2.700,2.9292,1.085,sat,3.85,tp1:14.97x6.171607|tp2:14.64x3.085804|trail:15.19x3.085804
A4:LINKUSDT,2023-05-16 20:00:00+00:00,2023-05-17 18:00:00+00:00,short,6.61,6.75,2.476,-2.5762,-1.040,sat,3.79,stop:6.75x18.094300
A1:BTCUSDT,2023-05-17 03:00:00+00:00,2023-05-17 17:00:00+00:00,short,27045.99,26886.86,1.936,0.8375,0.433,main,3.66,tp1:26722.32x0.002991|stop:27051.40x0.002991
A3:1000SHIBUSDT,2023-05-17 12:00:00+00:00,2023-05-17 20:00:00+00:00,short,0.01,0.01,2.551,-1.5492,-0.607,sat,3.66,avortee:0.01x7925.457616
A4:AVAXUSDT,2023-05-18 12:00:00+00:00,2023-05-23 04:00:00+00:00,short,15.02,14.62,2.761,3.2548,1.179,sat,3.60,tp1:14.69x4.202324|tp2:14.20x2.101162|flipST:14.91x2.101162
A4:1000SHIBUSDT,2023-05-21 08:00:00+00:00,2023-05-22 09:00:00+00:00,short,0.01,0.01,2.549,1.1417,0.448,sat,3.41,tp1:0.01x10674.078899|stop:0.01x10674.078899
A4:OPUSDT,2023-05-27 00:00:00+00:00,2023-05-28 22:00:00+00:00,short,1.61,1.66,2.446,-2.5037,-1.024,sat,3.34,stop:1.66x51.389948
A4:UNIUSDT,2023-05-27 00:00:00+00:00,2023-05-27 22:00:00+00:00,short,4.97,5.04,2.657,-2.8523,-1.073,sat,3.34,stop:5.04x42.477762
A4:BCHUSDT,2023-05-27 08:00:00+00:00,2023-05-28 00:00:00+00:00,short,113.01,114.18,2.478,-2.7539,-1.112,sat,3.24,stop:114.18x2.152950
A4:BNBUSDT,2023-05-27 08:00:00+00:00,2023-05-28 01:00:00+00:00,short,306.24,309.68,2.721,-2.9936,-1.100,sat,3.24,stop:309.68x0.804668
A4:DOGEUSDT,2023-05-27 12:00:00+00:00,2023-05-27 22:00:00+00:00,short,0.07,0.07,2.476,-2.6838,-1.084,sat,3.24,stop:0.07x2893.203163
A4:ATOMUSDT,2023-05-27 12:00:00+00:00,2023-05-28 04:00:00+00:00,short,10.52,10.64,2.614,-2.8289,-1.082,sat,3.24,stop:10.64x22.496237
A4:NEARUSDT,2023-05-27 16:00:00+00:00,2023-05-27 22:00:00+00:00,short,1.59,1.61,2.307,-2.5467,-1.104,sat,3.24,stop:1.61x136.356432
A4:STXUSDT,2023-05-28 12:00:00+00:00,2023-05-28 21:00:00+00:00,short,0.61,0.62,2.506,-2.6748,-1.067,sat,3.09,stop:0.62x272.680173
A3:BNBUSDT,2023-05-29 04:00:00+00:00,2023-05-31 04:00:00+00:00,long,315.09,310.66,2.537,-0.8396,-0.331,sat,3.13,avortee:310.66x0.170284
A1:BTCUSDT,2023-06-02 14:00:00+00:00,2023-06-04 22:00:00+00:00,short,26891.02,27350.14,1.948,-2.0093,-1.031,main,3.20,stop:27350.14x0.004295
A4:VETUSDT,2023-06-04 04:00:00+00:00,2023-06-13 08:00:00+00:00,short,0.02,0.02,2.495,9.6425,3.865,sat,3.04,tp1:0.02x3731.093962|tp2:0.02x1865.546981|trail:0.02x1865.546981
A4:AAVEUSDT,2023-06-04 16:00:00+00:00,2023-06-06 20:00:00+00:00,short,63.08,60.88,2.485,2.9095,1.171,sat,3.04,tp1:61.22x0.668354|tp2:58.43x0.334177|flipST:62.64x0.334177
A4:UNIUSDT,2023-06-04 16:00:00+00:00,2023-06-08 12:00:00+00:00,short,5.01,4.76,2.605,4.5708,1.755,sat,3.04,tp1:4.87x9.372912|tp2:4.66x4.686456|trail:4.65x4.686456
A4:LINKUSDT,2023-06-05 00:00:00+00:00,2023-06-13 12:00:00+00:00,short,6.44,6.05,2.435,8.8163,3.620,sat,3.04,tp1:6.34x11.258930|tp2:6.17x5.629465|trail:5.36x5.629465
A3:VETUSDT,2023-06-05 04:00:00+00:00,2023-06-13 08:00:00+00:00,short,0.02,0.02,2.513,5.5655,2.215,sat,2.96,tp1:0.02x1688.310811|tp2:0.02x844.155406|trail:0.02x844.155406
A3:HBARUSDT,2023-06-05 04:00:00+00:00,2023-06-06 19:00:00+00:00,short,0.05,0.05,2.517,2.7799,1.104,sat,2.96,tp1:0.05x851.269583|tp2:0.05x425.634792|trail:0.05x425.634792
A3:BNBUSDT,2023-06-05 04:00:00+00:00,2023-06-13 08:00:00+00:00,short,301.22,275.63,2.523,7.5154,2.979,sat,2.96,tp1:292.73x0.148577|tp2:279.99x0.074288|trail:237.08x0.074288
A4:IMXUSDT,2023-06-10 00:00:00+00:00,2023-06-11 20:00:00+00:00,short,0.73,0.68,2.504,6.0657,2.423,sat,3.59,tp1:0.71x60.619750|tp2:0.68x30.309875|trail:0.62x30.309875
A1:ETHUSDT,2023-06-13 13:00:00+00:00,2023-06-15 21:00:00+00:00,short,1741.03,1690.21,2.415,3.8035,1.575,main,3.43,tp1:1709.35x0.038113|tp2:1661.83x0.019056|trail:1680.30x0.019056
A4:AAVEUSDT,2023-06-14 20:00:00+00:00,2023-06-20 20:00:00+00:00,short,55.41,52.43,2.558,8.2324,3.218,sat,3.38,tp1:52.24x1.394212|tp2:52.24x0.697106|trail:52.98x0.697106
A4:1000SHIBUSDT,2023-06-14 20:00:00+00:00,2023-06-15 20:00:00+00:00,short,0.01,0.01,2.554,2.1788,0.853,sat,3.38,tp1:0.01x7313.257026|stop:0.01x7313.257026
A1:BTCUSDT,2023-06-16 01:00:00+00:00,2023-06-16 15:00:00+00:00,short,25477.60,25845.29,1.902,-2.0490,-1.077,main,3.56,stop:25845.29x0.005246
A4:DOGEUSDT,2023-06-17 04:00:00+00:00,2023-06-18 14:00:00+00:00,short,0.06,0.06,2.372,-2.4872,-1.048,sat,3.59,stop:0.06x2006.538358
A4:ETCUSDT,2023-06-17 12:00:00+00:00,2023-06-19 13:00:00+00:00,short,15.32,15.17,2.855,1.3664,0.479,sat,3.59,tp1:15.02x4.798735|stop:15.32x4.798735
A4:LTCUSDT,2023-06-17 16:00:00+00:00,2023-06-18 16:00:00+00:00,short,76.71,78.18,2.514,-2.6396,-1.050,sat,3.59,stop:78.18x1.736100
A4:1000SHIBUSDT,2023-06-17 20:00:00+00:00,2023-06-18 08:00:00+00:00,short,0.01,0.01,2.638,-2.8316,-1.074,sat,3.59,stop:0.01x26674.650612
A4:ARBUSDT,2023-06-17 20:00:00+00:00,2023-06-18 12:00:00+00:00,short,0.99,1.02,2.527,-2.6205,-1.037,sat,3.59,stop:1.02x91.097746
A4:AVAXUSDT,2023-06-18 00:00:00+00:00,2023-06-20 17:00:00+00:00,short,11.61,11.48,2.842,1.2266,0.432,sat,3.59,tp1:11.35x5.347276|stop:11.62x5.347276
A4:LTCUSDT,2023-06-19 00:00:00+00:00,2023-06-20 18:00:00+00:00,short,77.13,78.73,2.430,-2.5316,-1.042,sat,3.51,stop:78.73x1.537703
A4:XRPUSDT,2023-06-19 00:00:00+00:00,2023-06-20 17:00:00+00:00,short,0.49,0.48,2.268,1.0386,0.458,sat,3.51,tp1:0.47x90.446466|stop:0.49x90.446466
A3:BCHUSDT,2023-06-20 20:00:00+00:00,2023-07-02 00:00:00+00:00,long,109.02,156.74,2.494,25.5127,10.230,sat,3.33,tp1:113.77x0.262619|tp2:120.89x0.131310|trail:278.54x0.131310
A1:ETHUSDT,2023-06-27 11:00:00+00:00,2023-06-28 19:00:00+00:00,long,1882.04,1829.21,2.502,-2.6147,-1.045,main,3.42,stop:1829.21x0.047694
A1:BTCUSDT,2023-06-29 08:00:00+00:00,2023-06-30 13:00:00+00:00,long,30339.97,30656.77,1.841,0.8230,0.447,main,3.35,tp1:30979.65x0.001439|stop:30333.90x0.001439
A3:BNBUSDT,2023-07-10 12:00:00+00:00,2023-07-12 20:00:00+00:00,long,241.96,242.99,2.702,0.3843,0.142,sat,2.96,avortee:242.99x0.229607
A3:ETHUSDT,2023-07-10 20:00:00+00:00,2023-07-11 12:00:00+00:00,long,1899.83,1866.04,2.556,-1.4082,-0.551,main,2.96,avortee:1866.04x0.039324
A4:BTCUSDT,2023-07-13 12:00:00+00:00,2023-07-14 18:00:00+00:00,long,30536.71,31048.58,2.338,2.5001,1.069,main,2.88,tp1:30993.06x0.002561|tp2:31677.60x0.001281|trail:30530.60x0.001281
A3:TRXUSDT,2023-07-13 16:00:00+00:00,2023-07-14 20:00:00+00:00,long,0.08,0.08,2.554,-0.3148,-0.123,sat,2.88,avortee:0.08x703.225603
A3:ETHUSDT,2023-07-13 16:00:00+00:00,2023-07-14 18:00:00+00:00,long,1932.97,1978.49,2.522,1.2038,0.477,main,2.88,tp1:2024.40x0.013794|stop:1932.58x0.013794
A1:ETHUSDT,2023-07-16 15:00:00+00:00,2023-07-17 10:00:00+00:00,long,1939.79,1905.02,2.446,-2.6092,-1.067,main,3.07,stop:1905.02x0.071137
A3:BTCUSDT,2023-07-24 12:00:00+00:00,2023-07-26 20:00:00+00:00,short,29253.85,29396.18,2.902,-0.3599,-0.124,main,2.57,avortee:29396.18x0.002377
A4:STXUSDT,2023-07-27 08:00:00+00:00,2023-07-29 00:00:00+00:00,short,0.60,0.60,2.459,1.1528,0.469,sat,2.60,tp1:0.59x109.187336|stop:0.60x109.187336
A4:LTCUSDT,2023-07-27 12:00:00+00:00,2023-07-28 00:00:00+00:00,short,91.14,90.60,2.419,1.0543,0.436,sat,2.60,tp1:90.03x1.089842|stop:91.16x1.089842
A1:BTCUSDT,2023-07-27 15:00:00+00:00,2023-08-01 23:00:00+00:00,short,29330.03,29110.81,1.869,0.9472,0.507,main,2.60,tp1:28885.72x0.002104|stop:29335.90x0.002104
A4:NEARUSDT,2023-07-27 16:00:00+00:00,2023-07-28 14:00:00+00:00,short,1.36,1.39,2.284,-2.3803,-1.042,sat,2.60,stop:1.39x71.100088
A4:VETUSDT,2023-07-27 16:00:00+00:00,2023-07-29 13:00:00+00:00,short,0.02,0.02,2.812,-2.9272,-1.041,sat,2.60,stop:0.02x8282.811483
A4:FETUSDT,2023-07-27 16:00:00+00:00,2023-07-31 14:00:00+00:00,short,0.21,0.21,2.552,1.2904,0.506,sat,2.60,tp1:0.21x260.092954|stop:0.21x260.092954
A4:ATOMUSDT,2023-07-27 16:00:00+00:00,2023-08-01 23:00:00+00:00,short,8.95,8.86,2.513,1.2135,0.483,sat,2.60,tp1:8.77x7.033276|stop:8.95x7.033276
A4:ADAUSDT,2023-07-27 16:00:00+00:00,2023-07-29 20:00:00+00:00,short,0.31,0.31,2.682,-2.7532,-1.026,sat,2.60,stop:0.31x450.179392
A4:VETUSDT,2023-07-29 16:00:00+00:00,2023-07-30 15:00:00+00:00,short,0.02,0.02,2.880,-3.0931,-1.074,sat,2.46,stop:0.02x12527.871441
A4:APTUSDT,2023-07-30 08:00:00+00:00,2023-08-09 12:00:00+00:00,short,7.10,6.90,2.510,4.4605,1.777,sat,2.32,tp1:6.99x11.347698|tp2:6.83x5.673849|trail:6.81x5.673849
A3:DOTUSDT,2023-07-31 20:00:00+00:00,2023-08-02 00:00:00+00:00,short,5.07,5.21,2.495,-1.5757,-0.631,sat,2.26,avortee:5.21x11.422001
A3:BNBUSDT,2023-08-01 04:00:00+00:00,2023-08-01 07:00:00+00:00,short,239.29,245.62,2.723,-2.8394,-1.043,sat,2.21,stop:245.62x0.434043
A3:BTCUSDT,2023-08-01 04:00:00+00:00,2023-08-01 20:00:00+00:00,short,28814.34,29269.35,2.899,-1.6949,-0.585,main,2.21,avortee:29269.35x0.003558
A3:BTCUSDT,2023-08-02 00:00:00+00:00,2023-08-02 20:00:00+00:00,long,29707.14,29135.97,2.850,-1.3683,-0.480,main,2.21,avortee:29135.97x0.002267
A4:TRXUSDT,2023-08-06 08:00:00+00:00,2023-08-08 21:00:00+00:00,short,0.08,0.08,2.181,0.6885,0.316,sat,2.25,tp1:0.08x1188.938748|stop:0.08x1188.938748
A4:AVAXUSDT,2023-08-06 16:00:00+00:00,2023-08-07 01:00:00+00:00,short,12.55,12.71,2.893,-3.1189,-1.078,sat,2.25,stop:12.71x17.875298
A4:SUIUSDT,2023-08-06 16:00:00+00:00,2023-08-08 13:00:00+00:00,short,0.60,0.58,2.519,2.7895,1.107,sat,2.25,tp1:0.58x80.474348|tp2:0.56x40.237174|trail:0.60x40.237174
A4:FILUSDT,2023-08-07 08:00:00+00:00,2023-08-08 16:00:00+00:00,short,4.16,4.12,2.973,1.3725,0.462,sat,2.14,tp1:4.08x19.409409|stop:4.16x19.409409
A4:DOTUSDT,2023-08-07 16:00:00+00:00,2023-08-08 16:00:00+00:00,short,4.92,5.07,2.706,-2.8662,-1.059,sat,2.14,stop:5.07x19.242282
A3:ETCUSDT,2023-08-07 16:00:00+00:00,2023-08-08 16:00:00+00:00,short,17.60,17.82,2.528,-0.9840,-0.389,sat,2.14,avortee:17.82x4.241206
A3:VETUSDT,2023-08-07 16:00:00+00:00,2023-08-08 20:00:00+00:00,short,0.02,0.02,2.654,-1.8861,-0.711,sat,2.14,avortee:0.02x4303.561072
A3:BTCUSDT,2023-08-08 16:00:00+00:00,2023-08-09 20:00:00+00:00,long,29523.40,29398.42,2.820,-0.4774,-0.169,main,2.13,avortee:29398.42x0.002995
A4:LTCUSDT,2023-08-09 00:00:00+00:00,2023-08-20 20:00:00+00:00,short,83.80,77.06,2.393,8.4107,3.515,sat,2.13,tp1:81.88x0.621219|tp2:78.99x0.310609|trail:65.51x0.310609
A4:ATOMUSDT,2023-08-09 00:00:00+00:00,2023-08-14 14:00:00+00:00,short,8.51,8.42,2.525,1.2284,0.486,sat,2.13,tp1:8.31x6.310522|stop:8.52x6.310522
A4:OPUSDT,2023-08-09 08:00:00+00:00,2023-08-09 13:00:00+00:00,long,1.70,1.65,2.384,-2.4795,-1.040,sat,2.20,stop:1.65x51.661700
A1:BTCUSDT,2023-08-11 12:00:00+00:00,2023-08-14 01:00:00+00:00,long,29440.89,29195.30,1.915,-2.3393,-1.222,main,2.20,stop:29195.30x0.007988
A3:BTCUSDT,2023-08-14 16:00:00+00:00,2023-08-14 20:00:00+00:00,long,29598.72,29347.83,2.816,-1.2393,-0.440,main,1.92,avortee:29347.83x0.004467
A3:BCHUSDT,2023-08-15 08:00:00+00:00,2023-08-15 19:00:00+00:00,long,232.54,223.75,3.141,-3.1756,-1.011,sat,1.92,stop:223.75x0.359223
A3:TRXUSDT,2023-08-16 16:00:00+00:00,2023-08-20 04:00:00+00:00,short,0.08,0.07,2.545,3.1948,1.255,sat,1.91,tp1:0.07x558.916470|tp2:0.07x279.458235|avortee:0.07x279.458235
A3:BNBUSDT,2023-08-17 00:00:00+00:00,2023-08-19 16:00:00+00:00,short,231.91,216.56,2.643,3.7280,1.411,sat,1.91,tp1:221.23x0.123709|tp2:205.21x0.061855|trail:218.55x0.061855
A3:BTCUSDT,2023-08-17 00:00:00+00:00,2023-08-23 16:00:00+00:00,short,28708.66,26895.10,2.774,4.6147,1.663,main,1.91,tp1:27626.71x0.001282|tp2:26003.79x0.000641|trail:26323.20x0.000641
A4:ARBUSDT,2023-08-20 16:00:00+00:00,2023-08-23 16:00:00+00:00,short,1.03,1.01,2.452,3.5931,1.465,sat,3.14,tp1:1.01x83.706802|tp2:0.99x41.853401|trail:1.01x41.853401
A4:AAVEUSDT,2023-08-21 04:00:00+00:00,2023-08-21 12:00:00+00:00,short,57.00,56.61,2.738,1.2002,0.438,sat,3.00,tp1:56.22x1.748744|stop:57.01x1.748744
A4:LTCUSDT,2023-08-21 08:00:00+00:00,2023-08-21 21:00:00+00:00,short,65.50,67.25,2.629,-2.7529,-1.047,sat,3.00,stop:67.25x1.513276
A4:VETUSDT,2023-08-21 08:00:00+00:00,2023-08-22 23:00:00+00:00,short,0.02,0.02,2.648,1.2589,0.475,sat,3.00,tp1:0.02x2754.094120|stop:0.02x2754.094120
A3:BNBUSDT,2023-08-21 12:00:00+00:00,2023-08-23 08:00:00+00:00,short,210.35,216.23,2.733,-1.7793,-0.651,sat,3.00,avortee:216.23x0.271425
A4:LTCUSDT,2023-08-22 12:00:00+00:00,2023-08-23 16:00:00+00:00,short,66.15,64.40,2.549,2.9613,1.162,sat,2.92,tp1:64.68x0.867440|tp2:62.47x0.433720|trail:65.76x0.433720
A4:ETCUSDT,2023-08-22 12:00:00+00:00,2023-08-22 23:00:00+00:00,short,15.54,15.32,2.887,1.3516,0.468,sat,2.92,tp1:15.11x3.312573|stop:15.54x3.312573
A3:ETHUSDT,2023-08-22 20:00:00+00:00,2023-08-23 19:00:00+00:00,short,1623.88,1702.42,2.546,-2.6072,-1.024,main,2.92,stop:1702.42x0.032562
A4:APTUSDT,2023-08-24 04:00:00+00:00,2023-08-29 16:00:00+00:00,short,6.05,5.87,2.641,4.0070,1.517,sat,2.98,tp1:5.94x12.265001|tp2:5.78x6.132500|flipST:5.85x6.132500
A4:VETUSDT,2023-08-24 08:00:00+00:00,2023-08-29 14:00:00+00:00,short,0.02,0.02,2.613,1.2514,0.479,sat,2.98,tp1:0.02x3617.991545|stop:0.02x3617.991545
A4:1000FLOKIUSDT,2023-08-24 08:00:00+00:00,2023-08-29 14:00:00+00:00,short,0.02,0.02,2.521,2.7873,1.106,sat,2.98,tp1:0.02x2804.168115|tp2:0.02x1402.084058|trail:0.02x1402.084058
A4:1000PEPEUSDT,2023-08-24 08:00:00+00:00,2023-08-27 08:00:00+00:00,short,0.00,0.00,2.517,6.2301,2.476,sat,2.98,tp1:0.00x37935.346031|tp2:0.00x18967.673016|trail:0.00x18967.673016
A4:XRPUSDT,2023-08-24 08:00:00+00:00,2023-08-25 18:00:00+00:00,short,0.53,0.52,2.317,1.0666,0.460,sat,2.98,tp1:0.52x108.456937|stop:0.53x108.456937
A4:DOTUSDT,2023-08-24 08:00:00+00:00,2023-08-25 18:00:00+00:00,short,4.49,4.46,2.657,1.1218,0.422,sat,2.98,tp1:4.43x22.998541|stop:4.49x22.998541
A4:ARBUSDT,2023-08-24 08:00:00+00:00,2023-08-27 08:00:00+00:00,short,1.01,0.98,2.567,4.5009,1.754,sat,2.98,tp1:0.99x69.761725|tp2:0.97x34.880863|trail:0.96x34.880863
A1:ETHUSDT,2023-08-24 14:00:00+00:00,2023-08-29 14:00:00+00:00,short,1664.34,1641.77,2.370,1.1071,0.467,main,2.98,tp1:1618.86x0.026062|stop:1664.67x0.026062
A4:LTCUSDT,2023-08-27 00:00:00+00:00,2023-08-27 14:00:00+00:00,short,64.96,65.81,2.640,-2.8481,-1.079,sat,2.94,stop:65.81x3.134102
A1:BTCUSDT,2023-08-27 18:00:00+00:00,2023-08-29 14:00:00+00:00,short,26048.99,26270.46,1.854,-2.0719,-1.117,main,2.78,stop:26270.46x0.008576
A4:LTCUSDT,2023-08-27 20:00:00+00:00,2023-08-28 12:00:00+00:00,short,65.26,64.82,2.537,1.1234,0.443,sat,2.78,tp1:64.36x1.419368|stop:65.27x1.419368
A4:DOGEUSDT,2023-08-27 20:00:00+00:00,2023-08-28 12:00:00+00:00,short,0.06,0.06,2.335,1.0511,0.450,sat,2.78,tp1:0.06x1184.535129|stop:0.06x1184.535129
A4:IMXUSDT,2023-08-28 04:00:00+00:00,2023-08-29 14:00:00+00:00,short,0.57,0.58,2.651,-2.7417,-1.034,sat,2.63,stop:0.58x176.303014
A4:SOLUSDT,2023-08-28 04:00:00+00:00,2023-08-29 14:00:00+00:00,short,20.47,20.99,2.665,-2.7712,-1.040,sat,2.63,stop:20.99x5.092228
A4:ARBUSDT,2023-08-28 04:00:00+00:00,2023-08-28 18:00:00+00:00,short,0.95,0.94,2.678,1.2335,0.461,sat,2.63,tp1:0.93x71.360777|stop:0.95x71.360777
A4:UNIUSDT,2023-08-28 04:00:00+00:00,2023-08-28 12:00:00+00:00,short,4.61,4.72,2.723,-2.8423,-1.044,sat,2.63,stop:4.72x24.666479
A3:STXUSDT,2023-08-28 04:00:00+00:00,2023-08-29 14:00:00+00:00,short,0.46,0.48,2.512,-2.5578,-1.018,sat,2.63,stop:0.48x127.107118
A3:TRXUSDT,2023-08-28 20:00:00+00:00,2023-08-29 16:00:00+00:00,short,0.08,0.08,2.617,-2.7886,-1.066,sat,2.63,stop:0.08x1670.020271
A4:GALAUSDT,2023-08-29 04:00:00+00:00,2023-08-29 14:00:00+00:00,short,0.02,0.02,2.809,-2.9243,-1.041,sat,2.55,stop:0.02x5697.054689
A4:ATOMUSDT,2023-08-29 08:00:00+00:00,2023-08-29 14:00:00+00:00,short,7.16,7.35,2.568,-2.6770,-1.043,sat,2.55,stop:7.35x13.655555
A4:UNIUSDT,2023-09-03 20:00:00+00:00,2023-09-04 03:00:00+00:00,short,4.41,4.48,2.625,-2.7924,-1.064,sat,3.19,stop:4.48x36.702488
A4:XRPUSDT,2023-09-04 08:00:00+00:00,2023-09-06 17:00:00+00:00,short,0.50,0.50,2.321,1.0971,0.473,sat,3.05,tp1:0.49x106.527874|stop:0.50x106.527874
A4:AAVEUSDT,2023-09-04 12:00:00+00:00,2023-09-05 15:00:00+00:00,short,54.78,55.76,2.795,-2.9395,-1.052,sat,3.05,stop:55.76x2.895353
A4:UNIUSDT,2023-09-04 12:00:00+00:00,2023-09-06 09:00:00+00:00,short,4.41,4.36,2.557,1.2191,0.477,sat,3.05,tp1:4.31x12.454909|stop:4.41x12.454909
A1:ETHUSDT,2023-09-05 14:00:00+00:00,2023-09-05 15:00:00+00:00,short,1629.65,1644.92,2.436,-2.7299,-1.121,main,2.98,stop:1644.92x0.163034
A4:LDOUSDT,2023-09-05 20:00:00+00:00,2023-09-06 10:00:00+00:00,short,1.56,1.59,2.500,-2.6176,-1.047,sat,2.98,stop:1.59x75.135921
A1:ETHUSDT,2023-09-06 04:00:00+00:00,2023-09-06 17:00:00+00:00,short,1632.29,1654.10,2.350,-2.5434,-1.082,main,2.88,stop:1654.10x0.109425
A1:BTCUSDT,2023-09-06 19:00:00+00:00,2023-09-07 21:00:00+00:00,short,25614.28,26148.41,1.775,-1.8580,-1.047,main,2.88,stop:26148.41x0.003356
A3:BTCUSDT,2023-09-08 00:00:00+00:00,2023-09-08 12:00:00+00:00,long,26245.95,25823.73,2.890,-1.2773,-0.442,main,2.88,avortee:25823.73x0.002865
A4:NEARUSDT,2023-09-08 12:00:00+00:00,2023-09-09 16:00:00+00:00,short,1.14,1.17,2.373,-2.4678,-1.040,sat,2.85,stop:1.17x78.297587
A4:1000FLOKIUSDT,2023-09-08 12:00:00+00:00,2023-09-08 19:00:00+00:00,short,0.02,0.02,2.588,-2.6828,-1.037,sat,2.85,stop:0.02x5456.149799
A4:XRPUSDT,2023-09-08 12:00:00+00:00,2023-09-12 16:00:00+00:00,short,0.50,0.48,2.369,3.2014,1.351,sat,2.85,tp1:0.49x105.072228|tp2:0.47x52.536114|trail:0.49x52.536114
A4:DOTUSDT,2023-09-08 12:00:00+00:00,2023-09-16 04:00:00+00:00,short,4.23,4.09,2.663,3.0057,1.129,sat,2.85,tp1:4.11x11.479541|tp2:3.94x5.739771|flipST:4.19x5.739771
A1:ETHUSDT,2023-09-08 22:00:00+00:00,2023-09-12 10:00:00+00:00,short,1633.15,1591.07,2.273,2.9887,1.315,main,2.85,tp1:1601.73x0.036170|tp2:1554.60x0.018085|trail:1606.21x0.018085
A4:DOGEUSDT,2023-09-10 00:00:00+00:00,2023-09-19 16:00:00+00:00,short,0.06,0.06,2.340,2.6894,1.149,sat,2.90,tp1:0.06x1526.792052|tp2:0.06x763.396026|flipST:0.06x763.396026
A1:BTCUSDT,2023-09-11 07:00:00+00:00,2023-09-12 03:00:00+00:00,short,25824.53,25483.94,1.740,1.8520,1.064,main,2.70,tp1:25520.64x0.002863|tp2:25064.79x0.001432|trail:25829.70x0.001432
A1:ETHUSDT,2023-09-12 18:00:00+00:00,2023-09-14 00:00:00+00:00,short,1584.77,1632.80,2.339,-2.4270,-1.038,main,2.86,stop:1632.80x0.049040
A4:ETCUSDT,2023-09-14 04:00:00+00:00,2023-09-15 02:00:00+00:00,short,15.10,15.41,2.923,-3.0713,-1.051,sat,2.91,stop:15.41x9.720449
A4:1000SHIBUSDT,2023-09-14 04:00:00+00:00,2023-09-14 18:00:00+00:00,short,0.01,0.01,2.529,-2.6933,-1.065,sat,2.91,stop:0.01x17647.267059
A4:XRPUSDT,2023-09-14 08:00:00+00:00,2023-09-14 14:00:00+00:00,short,0.48,0.49,2.459,-2.6273,-1.068,sat,2.91,stop:0.49x315.216946
A4:ATOMUSDT,2023-09-14 08:00:00+00:00,2023-09-14 13:00:00+00:00,short,6.55,6.64,2.476,-2.6799,-1.082,sat,2.91,stop:6.64x27.988241
A4:IMXUSDT,2023-09-15 08:00:00+00:00,2023-09-15 21:00:00+00:00,short,0.50,0.51,2.584,-2.6821,-1.038,sat,2.88,stop:0.51x193.153858
A4:GALAUSDT,2023-09-15 08:00:00+00:00,2023-09-15 21:00:00+00:00,short,0.01,0.01,2.610,-2.7202,-1.042,sat,2.88,stop:0.01x6459.165085
A4:1000SHIBUSDT,2023-09-15 08:00:00+00:00,2023-09-16 00:00:00+00:00,short,0.01,0.01,2.490,-1.7574,-0.706,sat,2.88,flipST:0.01x21924.589845
A3:BTCUSDT,2023-09-18 12:00:00+00:00,2023-09-20 20:00:00+00:00,long,27190.04,26911.12,2.857,-0.7947,-0.278,main,2.61,avortee:26911.12x0.002657
A4:AVAXUSDT,2023-09-24 20:00:00+00:00,2023-09-25 08:00:00+00:00,short,8.88,8.78,2.795,1.2975,0.464,sat,2.46,tp1:8.68x7.152424|stop:8.88x7.152424
A4:DOTUSDT,2023-09-24 20:00:00+00:00,2023-09-25 01:00:00+00:00,short,4.01,3.98,2.755,1.2028,0.437,sat,2.46,tp1:3.95x22.581905|stop:4.01x22.581905
A1:BTCUSDT,2023-09-25 21:00:00+00:00,2023-09-27 11:00:00+00:00,short,26269.94,26610.11,1.785,-1.9210,-1.076,main,2.49,stop:26610.11x0.005331
A4:GALAUSDT,2023-09-26 08:00:00+00:00,2023-09-27 11:00:00+00:00,short,0.01,0.01,2.614,1.2236,0.468,sat,2.44,tp1:0.01x4658.151960|stop:0.01x4658.151960
A4:INJUSDT,2023-09-26 08:00:00+00:00,2023-09-27 00:00:00+00:00,short,7.04,7.20,2.522,-2.7236,-1.080,sat,2.44,stop:7.20x15.614021
A4:ADAUSDT,2023-09-26 12:00:00+00:00,2023-09-28 02:00:00+00:00,short,0.25,0.24,2.588,1.2003,0.464,sat,2.44,tp1:0.24x415.289649|stop:0.25x415.289649
A4:AVAXUSDT,2023-09-26 16:00:00+00:00,2023-09-27 04:00:00+00:00,short,8.92,9.07,2.830,-2.4740,-0.874,sat,2.44,flipST:9.07x15.679286
A4:ARBUSDT,2023-09-27 16:00:00+00:00,2023-09-28 14:00:00+00:00,short,0.82,0.85,2.686,-2.7796,-1.035,sat,2.35,stop:0.85x110.446019
A1:BTCUSDT,2023-10-06 03:00:00+00:00,2023-10-06 12:00:00+00:00,long,27534.11,27232.39,1.743,-1.9219,-1.103,main,2.61,stop:27232.39x0.005882
A1:BTCUSDT,2023-10-06 15:00:00+00:00,2023-10-09 09:00:00+00:00,long,27660.23,27957.10,1.677,0.7657,0.457,main,2.61,tp1:28259.51x0.001399|stop:27654.70x0.001399
A3:FILUSDT,2023-10-07 16:00:00+00:00,2023-10-09 09:00:00+00:00,long,3.39,3.23,2.495,-2.5754,-1.032,sat,2.71,stop:3.23x15.208887
A4:OPUSDT,2023-10-12 04:00:00+00:00,2023-10-13 21:00:00+00:00,short,1.23,1.21,2.327,1.0818,0.465,sat,2.60,tp1:1.20x35.103280|stop:1.23x35.103280
A4:GALAUSDT,2023-10-12 20:00:00+00:00,2023-10-13 06:00:00+00:00,short,0.01,0.01,2.715,-2.8440,-1.048,sat,2.60,stop:0.01x7524.895733
A4:FILUSDT,2023-10-13 08:00:00+00:00,2023-10-13 20:00:00+00:00,short,3.21,3.20,2.990,1.2749,0.426,sat,2.53,tp1:3.18x41.552769|stop:3.21x41.552769
A4:GALAUSDT,2023-10-13 16:00:00+00:00,2023-10-15 20:00:00+00:00,short,0.01,0.01,2.641,-2.7131,-1.027,sat,2.53,stop:0.01x7315.466270
A1:BTCUSDT,2023-10-13 23:00:00+00:00,2023-10-15 20:00:00+00:00,short,26808.54,27221.17,1.703,-1.8166,-1.067,main,2.53,stop:27221.17x0.004183
A4:HBARUSDT,2023-10-14 08:00:00+00:00,2023-10-16 05:00:00+00:00,short,0.05,0.05,2.453,-2.5280,-1.031,sat,2.46,stop:0.05x2652.673779
A4:FILUSDT,2023-10-14 16:00:00+00:00,2023-10-16 05:00:00+00:00,short,3.22,3.26,3.021,-3.2073,-1.062,sat,2.46,stop:3.26x81.656266
A4:VETUSDT,2023-10-14 20:00:00+00:00,2023-10-15 08:00:00+00:00,short,0.02,0.02,2.738,-2.9580,-1.080,sat,2.46,stop:0.02x13605.433987
A4:DOTUSDT,2023-10-15 00:00:00+00:00,2023-10-15 20:00:00+00:00,short,3.73,3.77,2.798,-3.1151,-1.113,sat,2.46,stop:3.77x65.205567
A4:LTCUSDT,2023-10-15 04:00:00+00:00,2023-10-15 20:00:00+00:00,short,61.53,62.17,2.608,-2.8523,-1.094,sat,2.34,stop:62.17x4.145018
A4:XRPUSDT,2023-10-15 04:00:00+00:00,2023-10-15 18:00:00+00:00,short,0.49,0.49,2.471,-2.7166,-1.099,sat,2.34,stop:0.49x548.448277
A4:ETCUSDT,2023-10-15 08:00:00+00:00,2023-10-16 05:00:00+00:00,short,14.94,15.12,2.867,-3.0997,-1.081,sat,2.34,stop:15.12x16.599286
A4:UNIUSDT,2023-10-15 12:00:00+00:00,2023-10-16 05:00:00+00:00,short,4.11,4.16,2.581,-2.7763,-1.076,sat,2.34,stop:4.16x49.328831
A4:NEARUSDT,2023-10-16 00:00:00+00:00,2023-10-16 05:00:00+00:00,short,1.03,1.04,2.251,-2.4507,-1.089,sat,2.34,stop:1.04x175.431928
A3:BTCUSDT,2023-10-16 00:00:00+00:00,2023-10-31 04:00:00+00:00,long,27145.23,29703.40,2.845,10.1842,3.580,main,2.34,tp1:27848.53x0.002023|tp2:28903.48x0.001011|avortee:34213.06x0.001011
A3:ETCUSDT,2023-10-16 08:00:00+00:00,2023-10-16 14:00:00+00:00,long,15.24,15.54,2.488,1.1829,0.475,sat,2.33,tp1:15.84x2.068273|stop:15.24x2.068273
A3:VETUSDT,2023-10-16 08:00:00+00:00,2023-10-17 16:00:00+00:00,long,0.02,0.02,2.644,-1.1257,-0.426,sat,2.33,avortee:0.02x3887.374936
A3:TRXUSDT,2023-10-16 08:00:00+00:00,2023-10-17 13:00:00+00:00,long,0.09,0.09,2.553,1.2098,0.474,sat,2.33,tp1:0.09x417.977405|stop:0.09x417.977405
A3:ETHUSDT,2023-10-16 08:00:00+00:00,2023-10-16 14:00:00+00:00,long,1578.34,1601.71,2.487,1.1713,0.471,main,2.33,tp1:1625.40x0.026425|stop:1578.02x0.026425
A3:XRPUSDT,2023-10-16 08:00:00+00:00,2023-10-16 15:00:00+00:00,long,0.49,0.50,2.410,1.1416,0.474,sat,2.33,tp1:0.51x74.047644|stop:0.49x74.047644
A3:ADAUSDT,2023-10-16 08:00:00+00:00,2023-10-16 14:00:00+00:00,long,0.25,0.26,2.491,1.1244,0.451,sat,2.33,tp1:0.26x153.622371|stop:0.25x153.622371
A3:BNBUSDT,2023-10-16 08:00:00+00:00,2023-10-18 20:00:00+00:00,long,213.02,210.68,2.693,-0.7432,-0.276,sat,2.33,avortee:210.68x0.288346
A3:LTCUSDT,2023-10-16 16:00:00+00:00,2023-10-17 16:00:00+00:00,long,63.50,62.27,2.542,-1.3161,-0.518,sat,2.33,avortee:62.27x1.006109
A3:TRXUSDT,2023-10-20 04:00:00+00:00,2023-10-22 12:00:00+00:00,long,0.09,0.09,2.582,0.0373,0.014,sat,2.91,avortee:0.09x749.953599
A3:ETHUSDT,2023-10-30 12:00:00+00:00,2023-10-31 08:00:00+00:00,long,1816.65,1790.84,2.510,-0.8052,-0.321,main,3.55,avortee:1790.84x0.028779
A1:BTCUSDT,2023-10-31 09:00:00+00:00,2023-11-01 13:00:00+00:00,long,34420.98,34679.16,1.657,0.7015,0.423,main,3.48,tp1:34944.22x0.001584|stop:34414.10x0.001584
A3:ETHUSDT,2023-11-09 04:00:00+00:00,2023-11-12 00:00:00+00:00,long,1920.03,2031.34,2.492,3.5298,1.416,main,3.19,tp1:1996.44x0.016307|tp2:2111.06x0.008153|trail:2021.44x0.008153
A3:BTCUSDT,2023-11-14 16:00:00+00:00,2023-11-15 11:00:00+00:00,short,36161.57,35448.00,3.093,1.4870,0.481,main,3.26,tp1:34727.21x0.001078|stop:36168.80x0.001078
A3:BTCUSDT,2023-11-27 16:00:00+00:00,2023-11-28 16:00:00+00:00,short,36735.95,37509.60,3.127,-1.3649,-0.436,main,3.38,avortee:37509.60x0.001715
A1:BTCUSDT,2023-11-30 12:00:00+00:00,2023-12-07 09:00:00+00:00,long,37874.67,39704.97,1.681,6.5569,3.901,main,3.27,tp1:38328.98x0.001850|tp2:39010.44x0.000925|trail:43151.48x0.000925
A3:HBARUSDT,2023-12-02 08:00:00+00:00,2023-12-04 11:00:00+00:00,long,0.06,0.06,2.572,1.1310,0.440,sat,3.13,tp1:0.06x528.924044|stop:0.06x528.924044
A1:BTCUSDT,2023-12-16 16:00:00+00:00,2023-12-17 23:00:00+00:00,long,42640.13,41484.07,1.830,-1.9238,-1.051,main,3.85,stop:41484.07x0.001595
A1:BTCUSDT,2023-12-19 20:00:00+00:00,2023-12-26 09:00:00+00:00,long,42388.18,42855.81,1.786,0.6399,0.358,main,3.76,tp1:43331.92x0.000946|stop:42379.70x0.000946
A3:BTCUSDT,2023-12-25 00:00:00+00:00,2023-12-25 16:00:00+00:00,short,42999.80,43669.73,3.097,-1.2994,-0.420,main,3.44,avortee:43669.73x0.001888
A1:BTCUSDT,2024-01-06 09:00:00+00:00,2024-01-09 21:00:00+00:00,long,43704.84,45031.88,1.803,2.6646,1.478,main,4.19,tp1:44560.18x0.001054|tp2:45843.19x0.000527|trail:45163.97x0.000527
A3:TRXUSDT,2024-01-11 00:00:00+00:00,2024-01-16 00:00:00+00:00,long,0.11,0.11,2.581,3.2933,1.276,sat,4.38,tp1:0.11x283.397287|tp2:0.12x141.698643|avortee:0.11x141.698643
A4:HBARUSDT,2024-01-21 16:00:00+00:00,2024-01-28 04:00:00+00:00,short,0.08,0.07,2.414,2.7944,1.158,sat,4.69,tp1:0.07x724.000355|tp2:0.07x362.000178|trail:0.08x362.000178
A4:XRPUSDT,2024-01-21 16:00:00+00:00,2024-01-26 16:00:00+00:00,short,0.55,0.54,2.338,5.0933,2.178,sat,4.69,tp1:0.55x196.357834|tp2:0.54x98.178917|trail:0.53x98.178917
A4:BCHUSDT,2024-01-21 16:00:00+00:00,2024-01-22 09:00:00+00:00,short,240.38,236.49,2.400,2.5848,1.077,sat,4.69,tp1:236.91x0.345994|tp2:231.71x0.172997|trail:240.43x0.172997
A4:ADAUSDT,2024-01-21 16:00:00+00:00,2024-01-26 12:00:00+00:00,short,0.51,0.50,2.662,5.0949,1.914,sat,4.69,tp1:0.51x159.857595|tp2:0.49x79.928798|trail:0.49x79.928798
A4:IMXUSDT,2024-01-21 20:00:00+00:00,2024-01-22 00:00:00+00:00,short,1.95,1.93,2.525,1.1333,0.449,sat,4.69,tp1:1.92x39.446259|stop:1.95x39.446259
A4:GALAUSDT,2024-01-21 20:00:00+00:00,2024-01-28 04:00:00+00:00,short,0.02,0.02,2.544,3.7412,1.471,sat,4.69,tp1:0.02x2147.705829|tp2:0.02x1073.852915|flipST:0.02x1073.852915
A4:AAVEUSDT,2024-01-22 00:00:00+00:00,2024-01-26 16:00:00+00:00,short,96.40,92.35,2.711,4.3147,1.592,sat,4.69,tp1:93.88x0.536902|tp2:90.09x0.268451|trail:91.55x0.268451
A4:BTCUSDT,2024-01-22 00:00:00+00:00,2024-01-26 12:00:00+00:00,short,41571.58,40985.84,2.414,3.0223,1.252,main,4.69,tp1:41115.68x0.002647|tp2:40431.84x0.001323|flipST:41280.15x0.001323
A4:VETUSDT,2024-01-25 12:00:00+00:00,2024-01-26 10:00:00+00:00,short,0.03,0.03,2.681,-2.8364,-1.058,sat,4.49,stop:0.03x3994.848254
A3:ETHUSDT,2024-01-30 16:00:00+00:00,2024-01-31 12:00:00+00:00,long,2340.90,2298.65,2.578,-0.9898,-0.384,main,3.85,avortee:2298.65x0.022092
A1:BTCUSDT,2024-01-31 15:00:00+00:00,2024-01-31 20:00:00+00:00,long,42872.67,43208.32,1.875,0.8232,0.439,main,3.81,tp1:43552.54x0.001379|stop:42864.10x0.001379
A1:BTCUSDT,2024-02-02 16:00:00+00:00,2024-02-04 22:00:00+00:00,long,43231.54,42193.33,1.888,-2.0145,-1.067,main,3.74,stop:42193.33x0.001833
A3:BNBUSDT,2024-02-04 16:00:00+00:00,2024-02-05 16:00:00+00:00,long,306.02,300.74,2.676,-1.5338,-0.573,sat,3.46,avortee:300.74x0.276947
A3:ETHUSDT,2024-02-12 16:00:00+00:00,2024-02-17 16:00:00+00:00,long,2557.84,2735.54,2.555,3.9009,1.527,main,3.06,tp1:2671.81x0.011208|tp2:2842.75x0.005604|avortee:2755.80x0.005604
A3:TRXUSDT,2024-02-14 12:00:00+00:00,2024-02-23 08:00:00+00:00,long,0.13,0.14,2.663,3.0248,1.136,sat,3.23,tp1:0.14x210.414539|avortee:0.14x210.414539
A4:BNBUSDT,2024-02-19 08:00:00+00:00,2024-02-20 08:00:00+00:00,long,354.84,358.21,2.624,1.0954,0.417,sat,3.07,tp1:361.65x0.192556|stop:354.77x0.192556
A1:BTCUSDT,2024-02-20 06:00:00+00:00,2024-02-20 14:00:00+00:00,long,51951.69,52346.92,1.845,0.8059,0.437,main,2.99,tp1:52752.53x0.001152|stop:51941.30x0.001152
A1:BTCUSDT,2024-02-22 07:00:00+00:00,2024-03-05 16:00:00+00:00,long,51809.46,56668.01,1.855,5.7408,3.095,main,3.13,tp1:53267.37x0.000636|tp2:55454.23x0.000318|trail:64683.06x0.000318
A3:TRXUSDT,2024-02-28 00:00:00+00:00,2024-02-29 20:00:00+00:00,long,0.14,0.14,2.743,-0.7879,-0.287,sat,3.03,avortee:0.14x412.682552
A1:ETHUSDT,2024-04-12 11:00:00+00:00,2024-04-12 13:00:00+00:00,long,3533.41,3462.17,2.286,-2.4109,-1.054,main,4.60,stop:3462.17x0.032413
A4:LTCUSDT,2024-04-19 00:00:00+00:00,2024-04-19 06:00:00+00:00,short,80.70,79.66,2.505,1.1694,0.467,sat,6.28,tp1:78.60x0.594905|stop:80.72x0.594905
A1:BTCUSDT,2024-04-19 01:00:00+00:00,2024-04-19 04:00:00+00:00,short,62679.56,61846.05,2.000,0.9556,0.478,main,6.00,tp1:61000.00x0.000608|stop:62692.10x0.000608
A4:ETHUSDT,2024-04-20 00:00:00+00:00,2024-04-20 17:00:00+00:00,short,3054.30,3140.10,2.381,-2.4705,-1.037,main,6.00,stop:3140.10x0.027961
A1:BTCUSDT,2024-04-20 07:00:00+00:00,2024-04-21 01:00:00+00:00,short,64004.60,64745.05,2.024,-0.9429,-0.466,main,6.21,trendflip:64745.05x0.001187
A1:BTCUSDT,2024-04-28 05:00:00+00:00,2024-04-29 22:00:00+00:00,short,63800.24,62931.57,2.019,2.1577,1.069,main,4.94,tp1:63025.25x0.001302|tp2:61862.77x0.000651|trail:63813.00x0.000651
A4:ATOMUSDT,2024-04-28 12:00:00+00:00,2024-04-30 22:00:00+00:00,short,8.30,8.03,2.417,2.6598,1.100,sat,4.94,tp1:8.06x5.005633|tp2:7.70x2.502817|trail:8.30x2.502817
A4:IMXUSDT,2024-04-28 16:00:00+00:00,2024-04-30 00:00:00+00:00,short,2.15,2.08,2.527,3.1627,1.251,sat,4.94,tp1:2.10x24.392521|tp2:2.02x12.196260|trail:2.12x12.196260
A4:VETUSDT,2024-04-28 16:00:00+00:00,2024-04-29 04:00:00+00:00,short,0.04,0.04,2.581,1.1905,0.461,sat,4.94,tp1:0.04x1640.138201|stop:0.04x1640.138201
A4:APTUSDT,2024-04-28 16:00:00+00:00,2024-04-29 04:00:00+00:00,short,9.06,8.96,2.736,1.2709,0.464,sat,4.94,tp1:8.86x6.768780|stop:9.06x6.768780
A4:ADAUSDT,2024-04-28 16:00:00+00:00,2024-05-02 12:00:00+00:00,short,0.47,0.45,2.809,3.5179,1.252,sat,4.94,tp1:0.45x111.767517|tp2:0.44x55.883759|trail:0.46x55.883759
A4:DOTUSDT,2024-04-28 16:00:00+00:00,2024-05-01 12:00:00+00:00,short,6.85,6.64,2.679,4.2905,1.601,sat,4.94,tp1:6.72x10.743673|tp2:6.53x5.371837|trail:6.59x5.371837
A4:ORDIUSDT,2024-04-28 16:00:00+00:00,2024-05-03 12:00:00+00:00,short,43.23,40.32,2.519,5.6066,2.226,sat,4.94,tp1:41.93x0.968752|tp2:39.98x0.484376|trail:37.42x0.484376
A4:INJUSDT,2024-04-28 20:00:00+00:00,2024-05-03 20:00:00+00:00,short,26.34,25.32,2.480,4.7266,1.906,sat,4.94,tp1:25.81x2.362493|tp2:25.03x1.181247|trail:24.64x1.181247
A4:SOLUSDT,2024-04-28 20:00:00+00:00,2024-04-30 00:00:00+00:00,short,141.99,137.75,2.593,3.3855,1.306,sat,4.94,tp1:138.80x0.406268|tp2:134.02x0.203134|trail:139.36x0.203134
A1:BTCUSDT,2024-04-30 05:00:00+00:00,2024-05-03 12:00:00+00:00,short,63372.02,60852.50,2.056,3.2936,1.602,main,4.68,tp1:61817.60x0.000661|tp2:59485.96x0.000331|trail:60288.84x0.000331
A4:LTCUSDT,2024-05-03 08:00:00+00:00,2024-05-03 13:00:00+00:00,short,79.48,81.56,2.534,-2.6433,-1.043,sat,5.44,stop:81.56x1.229955
A4:AAVEUSDT,2024-05-03 08:00:00+00:00,2024-05-03 12:00:00+00:00,short,84.66,86.74,2.849,-2.9796,-1.046,sat,5.44,stop:86.74x1.383347
A4:LINKUSDT,2024-05-03 08:00:00+00:00,2024-05-03 13:00:00+00:00,short,13.49,13.84,2.647,-2.7633,-1.044,sat,5.44,stop:13.84x7.696682
A4:AVAXUSDT,2024-05-03 08:00:00+00:00,2024-05-03 12:00:00+00:00,short,33.52,34.47,2.754,-2.8634,-1.040,sat,5.44,stop:34.47x2.911748
A4:ADAUSDT,2024-05-03 08:00:00+00:00,2024-05-03 13:00:00+00:00,short,0.45,0.46,2.917,-3.0250,-1.037,sat,5.44,stop:0.46x214.311806
A4:DOGEUSDT,2024-05-03 12:00:00+00:00,2024-05-03 13:00:00+00:00,short,0.13,0.14,2.423,-3.2301,-1.333,sat,5.44,stop:0.14x649.208400
A4:ARBUSDT,2024-05-04 08:00:00+00:00,2024-05-04 10:00:00+00:00,short,1.06,1.08,2.624,-2.7650,-1.054,sat,5.26,stop:1.08x119.888946
A4:LTCUSDT,2024-05-05 00:00:00+00:00,2024-05-06 07:00:00+00:00,short,81.58,83.29,2.472,-2.5909,-1.048,sat,5.26,stop:83.29x1.465761
A4:INJUSDT,2024-05-05 00:00:00+00:00,2024-05-05 15:00:00+00:00,short,24.62,24.27,2.571,1.2135,0.472,sat,5.26,tp1:23.91x1.802510|stop:24.63x1.802510
A4:ARBUSDT,2024-05-05 00:00:00+00:00,2024-05-05 15:00:00+00:00,short,1.06,1.09,2.556,-2.6531,-1.038,sat,5.26,stop:1.09x86.904182
A1:BTCUSDT,2024-05-09 17:00:00+00:00,2024-05-09 22:00:00+00:00,short,61820.03,62976.10,2.145,-2.2737,-1.060,main,4.85,stop:62976.10x0.001876
A1:BTCUSDT,2024-05-12 19:00:00+00:00,2024-05-13 07:00:00+00:00,short,61332.03,62078.29,2.100,-2.2768,-1.084,main,4.69,stop:62078.29x0.002862
A4:XRPUSDT,2024-05-14 00:00:00+00:00,2024-05-15 12:00:00+00:00,short,0.50,0.50,2.450,1.1407,0.466,sat,4.46,tp1:0.50x139.347699|stop:0.50x139.347699
A3:ADAUSDT,2024-05-27 16:00:00+00:00,2024-05-28 04:00:00+00:00,long,0.47,0.46,2.503,-1.5233,-0.609,sat,3.83,avortee:0.46x128.433190
A4:UNIUSDT,2024-05-28 16:00:00+00:00,2024-05-29 08:00:00+00:00,long,10.84,11.14,2.551,2.7844,1.092,sat,3.76,tp1:11.11x4.735603|tp2:11.51x2.367801|trail:10.84x2.367801
A3:BCHUSDT,2024-06-04 16:00:00+00:00,2024-06-07 18:00:00+00:00,long,474.81,486.64,3.054,1.4343,0.470,sat,3.37,tp1:498.55x0.064331|stop:474.72x0.064331
A1:BTCUSDT,2024-06-09 22:00:00+00:00,2024-06-11 01:00:00+00:00,long,69788.15,68904.16,2.041,-2.2850,-1.120,main,3.17,stop:68904.16x0.002345
A3:BTCUSDT,2024-06-11 08:00:00+00:00,2024-06-12 16:00:00+00:00,short,67568.58,69751.95,3.062,-2.3423,-0.765,main,2.90,avortee:69751.95x0.001056
A4:LTCUSDT,2024-06-14 16:00:00+00:00,2024-06-15 06:00:00+00:00,short,78.81,77.96,2.406,1.1135,0.463,sat,3.31,tp1:77.09x0.696611|stop:78.83x0.696611
A4:OPUSDT,2024-06-16 04:00:00+00:00,2024-06-16 14:00:00+00:00,short,2.06,2.11,2.350,-2.4388,-1.038,sat,3.18,stop:2.11x42.365065
A4:ETCUSDT,2024-06-16 08:00:00+00:00,2024-06-25 16:00:00+00:00,short,25.43,24.58,2.787,6.4376,2.310,sat,3.18,tp1:25.07x3.870397|tp2:24.53x1.935198|flipST:23.65x1.935198
A4:LTCUSDT,2024-06-16 16:00:00+00:00,2024-06-27 20:00:00+00:00,short,79.11,76.10,2.441,5.6759,2.325,sat,3.18,tp1:77.82x0.941663|tp2:75.87x0.470832|flipST:72.89x0.470832
A4:DOTUSDT,2024-06-17 08:00:00+00:00,2024-06-17 19:00:00+00:00,short,6.27,6.18,2.798,1.3178,0.471,sat,3.04,tp1:6.09x7.962225|stop:6.27x7.962225
A1:BTCUSDT,2024-06-18 01:00:00+00:00,2024-06-25 14:00:00+00:00,short,65716.95,62763.14,1.965,3.2499,1.654,main,3.06,tp1:63917.83x0.000546|tp2:61219.13x0.000273|trail:61997.78x0.000273
A4:TRXUSDT,2024-06-20 00:00:00+00:00,2024-06-21 11:00:00+00:00,short,0.12,0.12,2.201,-2.3131,-1.051,sat,3.18,stop:0.12x1187.693812
A4:VETUSDT,2024-06-20 20:00:00+00:00,2024-06-21 01:00:00+00:00,short,0.03,0.03,2.583,1.2176,0.471,sat,3.09,tp1:0.03x1799.216751|stop:0.03x1799.216751
A4:DOGEUSDT,2024-06-23 16:00:00+00:00,2024-06-23 21:00:00+00:00,short,0.12,0.13,2.343,-2.4395,-1.041,sat,2.93,stop:0.13x706.943510
A4:DOTUSDT,2024-06-23 16:00:00+00:00,2024-06-24 02:00:00+00:00,short,5.70,5.63,2.857,1.3294,0.465,sat,2.93,tp1:5.57x10.702000|stop:5.70x10.702000
A4:BNBUSDT,2024-06-23 16:00:00+00:00,2024-06-28 01:00:00+00:00,short,584.98,573.66,2.655,2.8721,1.082,sat,2.93,tp1:574.89x0.131520|tp2:559.75x0.065760|trail:585.10x0.065760
A3:BTCUSDT,2024-06-24 04:00:00+00:00,2024-06-28 00:00:00+00:00,short,62827.43,60978.56,3.004,2.1555,0.717,main,2.92,tp1:60262.69x0.000586|avortee:61694.44x0.000586
A4:APTUSDT,2024-06-26 00:00:00+00:00,2024-06-26 20:00:00+00:00,short,6.94,6.85,2.765,1.3117,0.474,sat,3.45,tp1:6.76x7.627079|stop:6.94x7.627079
A4:OPUSDT,2024-06-26 08:00:00+00:00,2024-06-26 19:00:00+00:00,short,1.77,1.75,2.296,1.0703,0.466,sat,3.38,tp1:1.73x28.884722|stop:1.77x28.884722
A4:ETHUSDT,2024-06-27 00:00:00+00:00,2024-06-27 12:00:00+00:00,short,3370.11,3437.67,2.325,-2.4440,-1.051,main,3.38,stop:3437.67x0.034768
A1:BTCUSDT,2024-06-27 15:00:00+00:00,2024-06-30 07:00:00+00:00,short,61708.86,61270.44,2.057,0.9833,0.478,main,3.39,tp1:60819.68x0.001157|stop:61721.20x0.001157
A4:BNBUSDT,2024-06-28 08:00:00+00:00,2024-07-01 01:00:00+00:00,short,576.51,587.50,2.725,-2.8855,-1.059,sat,3.31,stop:587.50x0.250800
A4:XRPUSDT,2024-06-28 16:00:00+00:00,2024-06-29 07:00:00+00:00,short,0.48,0.47,2.525,1.1158,0.442,sat,3.31,tp1:0.47x189.016202|stop:0.48x189.016202
A3:BTCUSDT,2024-07-01 00:00:00+00:00,2024-07-02 16:00:00+00:00,long,62778.65,61932.61,3.057,-0.9670,-0.316,main,3.22,avortee:61932.61x0.001036
A3:LTCUSDT,2024-07-03 12:00:00+00:00,2024-07-06 00:00:00+00:00,short,74.06,68.45,2.502,5.8104,2.323,sat,3.08,tp1:71.65x0.520853|tp2:68.05x0.260427|trail:62.42x0.260427
A4:BTCUSDT,2024-07-07 12:00:00+00:00,2024-07-08 08:00:00+00:00,short,57425.41,56020.64,2.467,2.7092,1.098,main,3.94,tp1:56174.17x0.000986|tp2:54297.31x0.000493|trail:57436.90x0.000493
A1:ETHUSDT,2024-07-08 10:00:00+00:00,2024-07-09 01:00:00+00:00,short,3049.40,2982.68,2.226,2.4232,1.089,main,4.16,tp1:2989.96x0.018721|tp2:2900.79x0.009361|trail:3050.01x0.009361
A1:BTCUSDT,2024-07-09 08:00:00+00:00,2024-07-10 04:00:00+00:00,short,57091.08,58415.38,2.075,-2.1571,-1.040,main,4.31,stop:58415.38x0.001581
A4:ETHUSDT,2024-07-09 20:00:00+00:00,2024-07-10 04:00:00+00:00,short,3066.70,3127.33,2.264,-2.3887,-1.055,main,4.31,stop:3127.33x0.037733
A1:ETHUSDT,2024-07-10 09:00:00+00:00,2024-07-10 16:00:00+00:00,short,3085.63,3140.58,2.290,-2.4212,-1.057,main,4.16,stop:3140.58x0.042155
A4:XRPUSDT,2024-07-10 16:00:00+00:00,2024-07-11 06:00:00+00:00,short,0.43,0.44,2.498,-2.6098,-1.045,sat,4.16,stop:0.44x224.352532
A1:ETHUSDT,2024-07-11 04:00:00+00:00,2024-07-11 12:00:00+00:00,short,3075.09,3161.66,2.219,-2.3007,-1.037,main,4.17,stop:3161.66x0.025822
A3:BTCUSDT,2024-07-23 20:00:00+00:00,2024-07-26 00:00:00+00:00,short,65503.10,65786.15,3.032,-0.2811,-0.093,main,3.68,avortee:65786.15x0.000949
A1:BTCUSDT,2024-07-24 09:00:00+00:00,2024-07-24 21:00:00+00:00,long,66425.78,65174.50,2.024,-2.1532,-1.064,main,3.75,stop:65174.50x0.001635
A1:BTCUSDT,2024-07-28 06:00:00+00:00,2024-07-29 16:00:00+00:00,long,67409.88,68552.39,1.975,2.0898,1.058,main,3.66,tp1:68428.44x0.000969|tp2:69956.29x0.000485|trail:67396.40x0.000485
A4:LTCUSDT,2024-08-09 04:00:00+00:00,2024-08-11 04:00:00+00:00,short,60.71,61.81,2.592,-1.9833,-0.765,sat,5.73,flipST:61.81x1.740650
A1:BTCUSDT,2024-08-13 02:00:00+00:00,2024-08-13 14:00:00+00:00,short,59694.16,59108.04,2.022,0.9233,0.457,main,5.55,tp1:58509.99x0.000854|stop:59706.10x0.000854
A4:LDOUSDT,2024-09-01 20:00:00+00:00,2024-09-02 09:00:00+00:00,short,1.05,1.03,2.446,2.6639,1.089,sat,4.46,tp1:1.03x54.679018|tp2:1.00x27.339509|trail:1.05x27.339509
A4:LDOUSDT,2024-09-03 04:00:00+00:00,2024-09-04 16:00:00+00:00,short,1.06,1.02,2.537,3.3026,1.302,sat,4.33,tp1:1.03x44.483490|tp2:0.99x22.241745|trail:1.04x22.241745
A4:ARBUSDT,2024-09-03 04:00:00+00:00,2024-09-04 16:00:00+00:00,short,0.51,0.50,2.488,2.9757,1.196,sat,4.33,tp1:0.50x125.299896|tp2:0.49x62.649948|trail:0.51x62.649948
A4:BCHUSDT,2024-09-03 08:00:00+00:00,2024-09-04 16:00:00+00:00,short,321.19,313.89,2.451,2.8414,1.159,sat,4.33,tp1:315.15x0.203026|tp2:306.10x0.101513|trail:319.16x0.101513
A4:ETCUSDT,2024-09-03 12:00:00+00:00,2024-09-04 14:00:00+00:00,short,18.07,17.60,2.933,3.1988,1.091,sat,4.33,tp1:17.65x3.524815|tp2:17.03x1.762408|trail:18.07x1.762408
A4:VETUSDT,2024-09-03 12:00:00+00:00,2024-09-04 16:00:00+00:00,short,0.02,0.02,2.630,2.8902,1.099,sat,4.33,tp1:0.02x2398.507198|tp2:0.02x1199.253599|trail:0.02x1199.253599
A4:1000PEPEUSDT,2024-09-03 12:00:00+00:00,2024-09-04 16:00:00+00:00,short,0.01,0.01,2.674,3.2390,1.211,sat,4.33,tp1:0.01x5958.551123|tp2:0.01x2979.275562|trail:0.01x2979.275562
A1:BTCUSDT,2024-09-03 14:00:00+00:00,2024-09-04 16:00:00+00:00,short,58359.73,57545.79,2.039,0.9615,0.472,main,4.33,tp1:56720.19x0.000622|stop:58371.40x0.000622
A4:ETCUSDT,2024-09-05 04:00:00+00:00,2024-09-08 09:00:00+00:00,short,17.88,17.64,3.003,1.4468,0.482,sat,4.45,tp1:17.40x3.130819|stop:17.88x3.130819
A4:DOGEUSDT,2024-09-06 12:00:00+00:00,2024-09-08 03:00:00+00:00,short,0.10,0.09,2.272,2.4987,1.100,sat,4.61,tp1:0.09x390.812684|tp2:0.09x195.406342|trail:0.10x195.406342
A3:TRXUSDT,2024-09-06 16:00:00+00:00,2024-09-07 16:00:00+00:00,short,0.15,0.15,2.720,-1.5590,-0.573,sat,4.61,avortee:0.15x419.165054
A4:FILUSDT,2024-09-08 16:00:00+00:00,2024-09-08 22:00:00+00:00,short,3.33,3.43,2.909,-3.0221,-1.039,sat,4.82,stop:3.43x30.416654
A4:DOTUSDT,2024-09-08 16:00:00+00:00,2024-09-09 16:00:00+00:00,short,4.12,4.22,2.840,-2.9426,-1.036,sat,4.82,stop:4.22x28.820950
A4:1000FLOKIUSDT,2024-09-08 20:00:00+00:00,2024-09-09 16:00:00+00:00,short,0.12,0.13,2.520,-2.5949,-1.030,sat,4.82,stop:0.13x711.248751
A1:ETHUSDT,2024-09-09 03:00:00+00:00,2024-09-09 16:00:00+00:00,short,2305.59,2342.62,2.173,-2.3227,-1.069,main,4.64,stop:2342.62x0.059441
A4:ETHUSDT,2024-09-09 16:00:00+00:00,2024-09-09 17:00:00+00:00,short,2291.15,2347.39,2.199,-2.2999,-1.046,main,4.64,stop:2347.39x0.039428
A4:XRPUSDT,2024-09-09 16:00:00+00:00,2024-09-09 17:00:00+00:00,short,0.53,0.54,2.487,-2.6959,-1.084,sat,4.64,stop:0.54x356.550772
A4:TIAUSDT,2024-09-09 16:00:00+00:00,2024-09-09 17:00:00+00:00,short,4.12,4.26,2.507,-3.1572,-1.259,sat,4.64,stop:4.26x22.987311
A1:ETHUSDT,2024-09-10 04:00:00+00:00,2024-09-10 18:00:00+00:00,short,2339.10,2391.33,2.107,-2.2164,-1.052,main,4.60,stop:2391.33x0.040720
A4:XRPUSDT,2024-09-10 04:00:00+00:00,2024-09-12 12:00:00+00:00,short,0.53,0.54,2.347,-2.4544,-1.046,sat,4.60,stop:0.54x209.482938
A4:LTCUSDT,2024-09-11 12:00:00+00:00,2024-09-11 15:00:00+00:00,short,61.18,60.67,2.534,1.1369,0.449,sat,4.43,tp1:60.15x1.231030|stop:61.19x1.231030
A4:LTCUSDT,2024-09-12 12:00:00+00:00,2024-09-12 16:00:00+00:00,short,61.77,62.72,2.539,-2.7303,-1.076,sat,4.44,stop:62.72x2.697573
A4:AAVEUSDT,2024-09-14 20:00:00+00:00,2024-09-16 00:00:00+00:00,long,139.77,143.35,2.750,3.3655,1.224,sat,4.13,tp1:142.62x0.482698|tp2:146.89x0.241349|trail:141.26x0.241349
A4:ICPUSDT,2024-09-16 04:00:00+00:00,2024-09-18 16:00:00+00:00,short,8.10,7.74,2.451,3.5848,1.463,sat,3.99,tp1:7.85x5.070062|flipST:7.62x5.070062
A1:BTCUSDT,2024-09-18 11:00:00+00:00,2024-09-18 20:00:00+00:00,long,59895.08,60514.61,2.068,0.9436,0.456,main,4.01,tp1:61146.13x0.000826|stop:59883.10x0.000826
A4:TRXUSDT,2024-09-22 20:00:00+00:00,2024-09-25 06:00:00+00:00,long,0.15,0.15,2.176,-2.1380,-0.982,sat,3.58,stop:0.15x1602.550620
A1:BTCUSDT,2024-09-22 23:00:00+00:00,2024-09-30 09:00:00+00:00,long,63869.37,64737.26,2.087,0.9250,0.443,main,3.58,tp1:65617.93x0.000597|stop:63856.60x0.000597
A3:BTCUSDT,2024-09-23 04:00:00+00:00,2024-09-24 16:00:00+00:00,long,64332.96,63116.17,3.030,-1.7403,-0.574,main,3.50,avortee:63116.17x0.001358
A1:ETHUSDT,2024-09-27 04:00:00+00:00,2024-09-29 07:00:00+00:00,long,2638.27,2666.61,2.051,0.9204,0.449,main,3.46,tp1:2695.48x0.017926|stop:2637.74x0.017926
A3:BTCUSDT,2024-09-30 04:00:00+00:00,2024-10-04 16:00:00+00:00,short,64526.99,62113.49,2.987,3.3340,1.116,main,3.06,tp1:62371.41x0.000693|avortee:61855.57x0.000693
A3:DOTUSDT,2024-10-07 04:00:00+00:00,2024-10-07 12:00:00+00:00,long,4.25,4.18,2.455,-0.9434,-0.384,sat,3.18,avortee:4.18x12.648666
A1:BTCUSDT,2024-10-08 14:00:00+00:00,2024-10-09 13:00:00+00:00,long,63020.30,61711.86,2.116,-2.2509,-1.064,main,3.25,stop:61711.86x0.001632
A3:BNBUSDT,2024-10-21 08:00:00+00:00,2024-10-21 16:00:00+00:00,long,609.42,595.86,2.640,-1.8914,-0.717,sat,2.82,avortee:595.86x0.134110
A3:BTCUSDT,2024-10-21 16:00:00+00:00,2024-10-24 12:00:00+00:00,short,67340.73,67289.76,3.069,0.0547,0.018,main,2.82,avortee:67289.76x0.001243
A1:BTCUSDT,2024-10-26 21:00:00+00:00,2024-10-31 14:00:00+00:00,long,67252.55,70290.13,2.053,3.1313,1.525,main,3.12,tp1:69177.35x0.000533|tp2:72064.54x0.000267|trail:70741.29x0.000267
A3:TRXUSDT,2024-10-30 16:00:00+00:00,2024-11-01 08:00:00+00:00,long,0.17,0.17,2.683,-0.8829,-0.329,sat,2.96,avortee:0.17x425.596692
A3:BTCUSDT,2024-12-02 12:00:00+00:00,2024-12-02 16:00:00+00:00,short,95172.36,97126.02,3.068,-1.6005,-0.522,main,3.44,avortee:97126.02x0.000790
A4:LTCUSDT,2025-01-11 00:00:00+00:00,2025-01-15 13:00:00+00:00,short,103.87,100.79,2.474,2.7213,1.100,sat,4.15,tp1:101.13x0.450977|tp2:97.01x0.225489|trail:103.89x0.225489
A1:BTCUSDT,2025-01-20 03:00:00+00:00,2025-01-20 17:00:00+00:00,long,101938.18,105066.70,2.133,2.3366,1.096,main,3.97,tp1:104723.62x0.000383|tp2:108901.78x0.000191|trail:101917.80x0.000191
A1:BTCUSDT,2025-02-07 16:00:00+00:00,2025-02-10 13:00:00+00:00,short,98237.45,97134.60,2.195,1.0256,0.467,main,4.72,tp1:96012.10x0.000493|stop:98257.10x0.000493
A4:FILUSDT,2025-02-10 20:00:00+00:00,2025-02-11 04:00:00+00:00,short,3.40,3.48,2.836,-2.9629,-1.045,sat,4.35,stop:3.48x33.430778
A4:BCHUSDT,2025-02-10 20:00:00+00:00,2025-02-11 04:00:00+00:00,short,329.29,335.63,2.526,-2.6712,-1.057,sat,4.35,stop:335.63x0.403156
A4:AVAXUSDT,2025-02-10 20:00:00+00:00,2025-02-11 00:00:00+00:00,short,25.43,26.09,2.690,-2.8012,-1.041,sat,4.35,stop:26.09x4.151093
A4:ETHUSDT,2025-02-11 16:00:00+00:00,2025-02-12 13:00:00+00:00,short,2660.63,2624.19,2.140,1.0066,0.470,main,4.23,tp1:2587.23x0.014577|stop:2661.16x0.014577
A4:BCHUSDT,2025-02-11 16:00:00+00:00,2025-02-12 17:00:00+00:00,short,336.86,332.61,2.451,1.1483,0.469,sat,4.23,tp1:328.29x0.142964|stop:336.93x0.142964
A1:BTCUSDT,2025-02-13 23:00:00+00:00,2025-02-14 17:00:00+00:00,short,96347.53,98416.67,2.222,-2.3208,-1.044,main,4.18,stop:98416.67x0.001084
A1:BTCUSDT,2025-02-17 16:00:00+00:00,2025-02-18 23:00:00+00:00,short,95586.38,94595.14,2.164,1.0231,0.473,main,3.68,tp1:93584.79x0.000540|stop:95605.50x0.000540
A3:BTCUSDT,2025-02-17 16:00:00+00:00,2025-02-19 12:00:00+00:00,short,95586.38,96411.28,3.030,-0.7412,-0.245,main,3.68,avortee:96411.28x0.000853
A4:BNBUSDT,2025-03-02 16:00:00+00:00,2025-03-02 17:00:00+00:00,short,612.93,626.57,2.658,-4.7655,-1.793,sat,4.52,stop:626.57x0.335700
A1:BTCUSDT,2025-03-05 01:00:00+00:00,2025-03-05 10:00:00+00:00,short,86749.75,89260.11,2.184,-2.2668,-1.038,main,5.62,stop:89260.11x0.000876
A4:BNBUSDT,2025-03-06 16:00:00+00:00,2025-03-07 05:00:00+00:00,short,599.99,593.06,2.526,1.1695,0.463,sat,5.39,tp1:586.02x0.090406|stop:600.11x0.090406
A4:1000SHIBUSDT,2025-03-06 16:00:00+00:00,2025-03-06 22:00:00+00:00,short,0.01,0.01,2.404,1.1186,0.465,sat,5.39,tp1:0.01x3576.804937|stop:0.01x3576.804937
A1:BTCUSDT,2025-03-12 03:00:00+00:00,2025-03-12 12:00:00+00:00,short,82376.12,84051.70,2.131,-2.2430,-1.052,main,6.24,stop:84051.70x0.001285
A1:BTCUSDT,2025-03-12 14:00:00+00:00,2025-03-14 09:00:00+00:00,short,82633.37,81566.97,2.072,0.9791,0.473,main,6.24,tp1:80484.04x0.000482|stop:82649.90x0.000482
A4:BTCUSDT,2025-03-13 12:00:00+00:00,2025-03-14 10:00:00+00:00,short,82922.71,82001.01,2.535,1.1777,0.465,main,6.08,tp1:81062.72x0.000681|stop:82939.30x0.000681
A4:ETCUSDT,2025-03-14 20:00:00+00:00,2025-03-17 18:00:00+00:00,short,18.02,17.75,3.043,1.4427,0.474,sat,6.21,tp1:17.48x2.826252|stop:18.02x2.826252
A4:ARBUSDT,2025-03-15 00:00:00+00:00,2025-03-15 20:00:00+00:00,short,0.36,0.37,2.557,-2.6625,-1.041,sat,6.21,stop:0.37x279.334395
A4:JUPUSDT,2025-03-15 12:00:00+00:00,2025-03-15 17:00:00+00:00,short,0.53,0.54,2.522,-2.6437,-1.048,sat,5.95,stop:0.54x208.756936
A4:AAVEUSDT,2025-03-15 16:00:00+00:00,2025-03-17 17:00:00+00:00,short,173.28,170.98,2.829,1.3124,0.464,sat,5.95,tp1:168.65x0.305788|stop:173.31x0.305788
A4:VETUSDT,2025-03-16 04:00:00+00:00,2025-03-17 09:00:00+00:00,short,0.03,0.02,2.697,2.9521,1.094,sat,5.60,tp1:0.02x2739.874400|tp2:0.02x1369.937200|trail:0.03x1369.937200
A4:INJUSDT,2025-03-16 04:00:00+00:00,2025-03-17 12:00:00+00:00,short,10.16,9.81,2.609,3.2440,1.243,sat,5.60,tp1:9.88x4.771845|tp2:9.47x2.385922|trail:10.00x2.385922
A4:ETHUSDT,2025-03-16 04:00:00+00:00,2025-03-17 12:00:00+00:00,short,1926.21,1907.25,2.171,0.9914,0.457,main,5.60,tp1:1887.90x0.028333|stop:1926.60x0.028333
A4:STXUSDT,2025-03-16 04:00:00+00:00,2025-03-19 18:00:00+00:00,short,0.65,0.63,2.496,2.7591,1.105,sat,5.60,tp1:0.63x74.938583|tp2:0.61x37.469292|trail:0.65x37.469292
A4:ADAUSDT,2025-03-16 04:00:00+00:00,2025-03-19 14:00:00+00:00,short,0.74,0.72,2.821,3.0476,1.080,sat,5.60,tp1:0.72x70.160082|tp2:0.69x35.080041|trail:0.74x35.080041
A4:JUPUSDT,2025-03-16 04:00:00+00:00,2025-03-17 12:00:00+00:00,short,0.53,0.52,2.478,2.7096,1.094,sat,5.60,tp1:0.52x106.899883|tp2:0.50x53.449941|trail:0.53x53.449941
A4:1000FLOKIUSDT,2025-03-16 08:00:00+00:00,2025-03-17 12:00:00+00:00,short,0.06,0.06,2.457,1.1377,0.463,sat,5.60,tp1:0.06x764.997404|stop:0.06x764.997404
A4:LTCUSDT,2025-03-18 00:00:00+00:00,2025-03-19 14:00:00+00:00,short,92.21,90.92,2.550,1.1988,0.470,sat,5.58,tp1:89.60x0.488673|stop:92.23x0.488673
A3:BTCUSDT,2025-03-28 08:00:00+00:00,2025-03-31 16:00:00+00:00,short,85158.06,82448.18,3.009,2.2038,0.732,main,3.95,tp1:81506.38x0.000412|avortee:83389.97x0.000412
A1:BTCUSDT,2025-03-31 18:00:00+00:00,2025-04-01 09:00:00+00:00,short,82611.07,84206.27,2.102,-2.2172,-1.055,main,4.06,stop:84206.27x0.001332
A1:BTCUSDT,2025-04-01 12:00:00+00:00,2025-04-01 15:00:00+00:00,short,83863.22,83560.11,2.063,0.5434,0.263,main,3.99,tp1:82955.99x0.001137|stop:84164.23x0.001137
A4:BCHUSDT,2025-04-01 20:00:00+00:00,2025-04-09 18:00:00+00:00,short,310.54,300.20,2.474,2.6881,1.086,sat,3.99,tp1:301.33x0.134366|tp2:287.52x0.067183|trail:310.60x0.067183
A1:BTCUSDT,2025-04-04 11:00:00+00:00,2025-04-09 17:00:00+00:00,short,82517.99,78800.64,2.052,3.0760,1.499,main,4.14,tp1:80053.38x0.000416|tp2:76356.47x0.000208|trail:78739.30x0.000208
A4:NEARUSDT,2025-04-12 04:00:00+00:00,2025-04-12 07:00:00+00:00,short,2.07,2.13,2.169,-2.2561,-1.040,sat,5.15,stop:2.13x37.506194
A4:APTUSDT,2025-04-19 00:00:00+00:00,2025-04-19 11:00:00+00:00,short,4.69,4.82,2.800,-2.9358,-1.049,sat,4.30,stop:4.82x22.755719
A4:ORDIUSDT,2025-04-19 12:00:00+00:00,2025-04-19 15:00:00+00:00,short,6.18,6.31,2.645,-2.7893,-1.055,sat,4.09,stop:6.31x20.953516
A3:BTCUSDT,2025-04-21 04:00:00+00:00,2025-04-28 00:00:00+00:00,long,87184.03,92219.99,3.065,4.2515,1.387,main,3.71,tp1:90761.72x0.000428|avortee:93678.26x0.000428
A1:BTCUSDT,2025-04-27 14:00:00+00:00,2025-04-28 01:00:00+00:00,long,94031.20,93201.24,2.166,-2.4401,-1.127,main,3.36,stop:93201.24x0.002669
A1:BTCUSDT,2025-04-28 03:00:00+00:00,2025-04-28 15:00:00+00:00,long,93582.21,94176.19,2.087,0.9029,0.433,main,3.28,tp1:94788.88x0.000865|stop:93563.50x0.000865
A4:BTCUSDT,2025-04-28 04:00:00+00:00,2025-04-28 14:00:00+00:00,long,93818.76,94530.98,2.575,1.1422,0.444,main,3.28,tp1:95261.97x0.000892|stop:93800.00x0.000892
A1:BTCUSDT,2025-04-30 21:00:00+00:00,2025-05-04 23:00:00+00:00,long,94534.80,95531.19,2.097,0.9716,0.463,main,3.15,tp1:96546.47x0.000521|stop:94515.90x0.000521
A3:BTCUSDT,2025-05-12 20:00:00+00:00,2025-05-13 12:00:00+00:00,short,101792.54,103706.24,3.171,-1.4200,-0.448,main,2.68,avortee:103706.24x0.000714
A1:BTCUSDT,2025-05-15 17:00:00+00:00,2025-05-19 03:00:00+00:00,long,103819.66,105260.93,2.116,0.9529,0.450,main,2.81,tp1:106722.97x0.000364|stop:103798.90x0.000364
A1:BTCUSDT,2025-05-23 14:00:00+00:00,2025-05-23 23:00:00+00:00,long,109625.32,106853.25,2.142,-2.2420,-1.047,main,2.73,stop:106853.25x0.000779
A1:BTCUSDT,2025-05-24 04:00:00+00:00,2025-05-27 01:00:00+00:00,long,108328.36,109307.52,2.092,0.8812,0.421,main,2.98,tp1:110308.35x0.000528|stop:108306.70x0.000528
A1:ETHUSDT,2025-05-29 18:00:00+00:00,2025-05-30 00:00:00+00:00,long,2659.01,2600.35,2.074,-2.1843,-1.053,main,2.79,stop:2600.35x0.035679
A3:BNBUSDT,2025-06-11 00:00:00+00:00,2025-06-12 12:00:00+00:00,long,673.80,663.41,2.589,-0.9537,-0.368,sat,2.75,avortee:663.41x0.086703
A1:BTCUSDT,2025-06-17 01:00:00+00:00,2025-06-17 15:00:00+00:00,long,107227.94,104531.87,2.108,-2.2044,-1.046,main,2.72,stop:104531.87x0.000788
A3:BTCUSDT,2025-06-17 16:00:00+00:00,2025-06-20 08:00:00+00:00,short,104178.36,105784.75,3.134,-1.0291,-0.328,main,2.72,avortee:105784.75x0.000614
A3:BTCUSDT,2025-06-20 20:00:00+00:00,2025-06-23 18:00:00+00:00,short,103243.15,101445.59,3.113,1.5053,0.484,main,2.71,tp1:99627.39x0.000430|stop:103263.80x0.000430
A3:TRXUSDT,2025-06-22 16:00:00+00:00,2025-06-23 16:00:00+00:00,short,0.27,0.27,2.659,-1.2001,-0.451,sat,2.89,avortee:0.27x234.086284
A1:BTCUSDT,2025-06-23 15:00:00+00:00,2025-06-23 17:00:00+00:00,short,101564.98,100879.84,2.066,0.9101,0.440,main,3.08,tp1:100174.38x0.000743|stop:101585.30x0.000743
A3:BTCUSDT,2025-07-01 16:00:00+00:00,2025-07-02 08:00:00+00:00,short,105887.12,107047.51,3.153,-1.2032,-0.382,main,2.47,avortee:107047.51x0.000962
A1:BTCUSDT,2025-07-05 07:00:00+00:00,2025-07-07 13:00:00+00:00,long,108249.75,108951.39,2.091,0.8846,0.423,main,2.50,tp1:109674.69x0.000734|stop:108228.10x0.000734
A4:BTCUSDT,2025-07-05 08:00:00+00:00,2025-07-07 13:00:00+00:00,long,108022.40,108610.40,2.617,1.0769,0.411,main,2.50,tp1:109220.00x0.001093|stop:108000.80x0.001093
A3:TRXUSDT,2025-07-09 20:00:00+00:00,2025-07-15 08:00:00+00:00,long,0.29,0.30,2.637,2.6615,1.009,sat,2.24,tp1:0.30x177.501486|avortee:0.30x177.501486
A3:BNBUSDT,2025-07-10 20:00:00+00:00,2025-07-14 20:00:00+00:00,long,676.22,694.10,2.568,2.0199,0.787,sat,2.28,tp1:698.23x0.058330|avortee:689.97x0.058330
A1:BTCUSDT,2025-07-18 10:00:00+00:00,2025-07-18 20:00:00+00:00,long,118908.78,116978.45,2.107,-2.2633,-1.074,main,2.55,stop:116978.45x0.001105
A3:BTCUSDT,2025-08-07 12:00:00+00:00,2025-08-12 12:00:00+00:00,long,116492.39,119618.47,3.120,2.1149,0.678,main,2.36,tp1:120796.43x0.000362|avortee:118440.51x0.000362
A3:TRXUSDT,2025-08-11 16:00:00+00:00,2025-08-15 16:00:00+00:00,long,0.34,0.35,2.698,1.9581,0.726,sat,2.20,tp1:0.36x121.181162|avortee:0.35x121.181162
A3:BTCUSDT,2025-08-18 04:00:00+00:00,2025-08-22 16:00:00+00:00,short,115241.75,116342.66,3.172,-0.8176,-0.258,main,2.44,avortee:116342.66x0.000728
A4:ORDIUSDT,2025-08-21 08:00:00+00:00,2025-08-22 14:00:00+00:00,short,8.94,8.69,2.591,2.8383,1.095,sat,2.54,tp1:8.71x5.738452|tp2:8.37x2.869226|trail:8.94x2.869226
A4:FETUSDT,2025-08-28 16:00:00+00:00,2025-08-28 22:00:00+00:00,short,0.65,0.64,2.589,1.1753,0.454,sat,2.92,tp1:0.64x106.715728|stop:0.65x106.715728
A4:1000PEPEUSDT,2025-08-28 16:00:00+00:00,2025-09-05 12:00:00+00:00,short,0.01,0.01,2.762,4.0940,1.482,sat,2.92,tp1:0.01x6295.727376|tp2:0.01x3147.863688|trail:0.01x3147.863688
A4:BTCUSDT,2025-08-28 20:00:00+00:00,2025-09-02 16:00:00+00:00,short,111842.43,110335.46,2.627,1.9508,0.743,main,2.92,tp1:109858.85x0.000662|flipST:110812.06x0.000662
A1:BTCUSDT,2025-09-01 10:00:00+00:00,2025-09-01 13:00:00+00:00,short,109463.40,109005.85,2.081,0.9778,0.470,main,2.86,tp1:108526.40x0.001308|stop:109485.30x0.001308
A1:BTCUSDT,2025-09-02 11:00:00+00:00,2025-09-02 13:00:00+00:00,short,110180.66,109738.28,2.100,0.8293,0.395,main,2.80,tp1:109273.87x0.001158|stop:110202.70x0.001158
A4:XRPUSDT,2025-09-03 08:00:00+00:00,2025-09-03 14:00:00+00:00,short,2.82,2.88,2.308,-2.4367,-1.056,sat,2.78,stop:2.88x41.072539
A4:UNIUSDT,2025-09-04 04:00:00+00:00,2025-09-05 07:00:00+00:00,short,9.53,9.40,2.619,1.2407,0.474,sat,2.70,tp1:9.26x4.921206|stop:9.53x4.921206
A3:TRXUSDT,2025-09-05 16:00:00+00:00,2025-09-08 00:00:00+00:00,short,0.33,0.32,2.752,3.0054,1.092,sat,2.71,tp1:0.32x128.196955|tp2:0.31x64.098478|avortee:0.33x64.098478
A3:AAVEUSDT,2025-09-09 16:00:00+00:00,2025-09-10 16:00:00+00:00,short,296.23,303.62,2.508,-1.2943,-0.516,sat,2.47,avortee:303.62x0.169551
A4:TRXUSDT,2025-09-15 04:00:00+00:00,2025-09-15 10:00:00+00:00,long,0.35,0.34,2.102,-2.2377,-1.065,sat,2.15,stop:0.34x343.882059
A1:BTCUSDT,2025-09-15 12:00:00+00:00,2025-09-16 13:00:00+00:00,long,115032.00,115443.03,2.127,0.7762,0.365,main,2.15,tp1:115877.06x0.001259|stop:115009.00x0.001259
A3:BNBUSDT,2025-09-16 20:00:00+00:00,2025-09-22 00:00:00+00:00,long,955.61,1029.14,2.613,3.9483,1.511,sat,2.14,tp1:1003.41x0.027335|tp2:1075.11x0.013667|trail:1034.61x0.013667
A3:BTCUSDT,2025-09-18 04:00:00+00:00,2025-09-19 12:00:00+00:00,long,117554.81,116320.03,3.156,-1.1846,-0.375,main,2.12,avortee:116320.03x0.000873
A1:BTCUSDT,2025-09-25 01:00:00+00:00,2025-09-28 22:00:00+00:00,short,112979.40,111121.32,2.126,2.9044,1.366,main,2.05,tp1:111664.36x0.000808|tp2:109691.81x0.000404|trail:111464.73x0.000404
A4:BTCUSDT,2025-09-25 04:00:00+00:00,2025-09-29 00:00:00+00:00,short,112463.20,111387.05,2.679,1.4934,0.557,main,2.05,tp1:110631.97x0.000731|flipST:112142.12x0.000731
A3:BTCUSDT,2025-09-25 20:00:00+00:00,2025-09-28 20:00:00+00:00,short,109298.64,110303.76,3.119,-0.6619,-0.212,main,2.05,avortee:110303.76x0.000624
A4:LTCUSDT,2025-09-28 04:00:00+00:00,2025-09-28 18:00:00+00:00,short,103.79,105.30,2.598,-2.7760,-1.068,sat,2.11,stop:105.30x1.746198
A4:APTUSDT,2025-09-28 04:00:00+00:00,2025-09-28 17:00:00+00:00,short,4.17,4.12,2.723,1.2366,0.454,sat,2.11,tp1:4.06x12.304346|stop:4.17x12.304346
A4:ARBUSDT,2025-09-28 04:00:00+00:00,2025-09-28 22:00:00+00:00,short,0.42,0.43,2.488,-2.5721,-1.034,sat,2.11,stop:0.43x202.451110
A3:BTCUSDT,2025-09-29 00:00:00+00:00,2025-10-07 16:00:00+00:00,long,112142.12,118998.17,3.107,5.2496,1.690,main,2.11,tp1:116098.23x0.000393|tp2:122032.39x0.000196|avortee:121763.84x0.000196
A4:LTCUSDT,2025-09-29 08:00:00+00:00,2025-09-29 14:00:00+00:00,short,105.97,107.61,2.526,-2.7095,-1.073,sat,2.12,stop:107.61x1.562526
A4:DOGEUSDT,2025-09-29 08:00:00+00:00,2025-09-29 20:00:00+00:00,short,0.23,0.24,2.338,-2.4406,-1.044,sat,2.12,stop:0.24x387.167216
A4:INJUSDT,2025-09-29 08:00:00+00:00,2025-09-29 13:00:00+00:00,short,11.97,11.86,2.690,1.2239,0.455,sat,2.12,tp1:11.74x5.847759|stop:11.98x5.847759
A4:OPUSDT,2025-09-29 08:00:00+00:00,2025-09-30 20:00:00+00:00,short,0.67,0.67,2.308,1.0667,0.462,sat,2.12,tp1:0.66x80.522115|stop:0.67x80.522115
A4:SEIUSDT,2025-09-29 12:00:00+00:00,2025-09-30 20:00:00+00:00,short,0.28,0.27,2.519,1.1878,0.471,sat,2.12,tp1:0.27x173.705201|stop:0.28x173.705201
A4:AAVEUSDT,2025-09-29 12:00:00+00:00,2025-09-29 14:00:00+00:00,short,271.14,278.03,2.863,-2.9898,-1.044,sat,2.12,stop:278.03x0.418944
A4:ETCUSDT,2025-09-29 12:00:00+00:00,2025-09-29 15:00:00+00:00,short,18.26,18.64,3.091,-3.2590,-1.054,sat,2.12,stop:18.64x8.251254
A4:STXUSDT,2025-09-29 12:00:00+00:00,2025-09-29 14:00:00+00:00,short,0.58,0.59,2.575,-2.7084,-1.052,sat,2.12,stop:0.59x206.441971
A4:FILUSDT,2025-09-29 12:00:00+00:00,2025-09-29 20:00:00+00:00,short,2.17,2.23,2.812,-2.9359,-1.044,sat,2.12,stop:2.23x50.934102
A4:BCHUSDT,2025-09-29 12:00:00+00:00,2025-09-29 13:00:00+00:00,short,552.56,561.72,2.556,-2.7294,-1.068,sat,2.12,stop:561.72x0.282456
A4:ATOMUSDT,2025-09-29 12:00:00+00:00,2025-09-30 22:00:00+00:00,short,4.10,4.05,2.488,1.1510,0.463,sat,2.12,tp1:4.00x12.505247|stop:4.10x12.505247
A4:DOTUSDT,2025-09-29 12:00:00+00:00,2025-09-30 21:00:00+00:00,short,3.93,3.87,2.816,1.3444,0.477,sat,2.12,tp1:3.82x12.584532|stop:3.93x12.584532
A4:1000SHIBUSDT,2025-09-29 12:00:00+00:00,2025-10-01 08:00:00+00:00,short,0.01,0.01,2.441,-2.5692,-1.053,sat,2.12,stop:0.01x8861.209188
A3:TRXUSDT,2025-10-01 12:00:00+00:00,2025-10-04 08:00:00+00:00,long,0.34,0.34,2.834,0.6109,0.216,sat,2.10,avortee:0.34x347.925798
A1:BTCUSDT,2025-10-08 09:00:00+00:00,2025-10-09 16:00:00+00:00,long,122357.17,120070.18,2.185,-2.3296,-1.066,main,2.37,stop:120070.18x0.000966
A4:BTCUSDT,2025-10-13 16:00:00+00:00,2025-10-20 08:00:00+00:00,short,114237.95,111125.86,2.713,3.9366,1.451,main,3.81,tp1:112158.20x0.000652|tp2:109038.59x0.000326|flipST:111148.43x0.000326
A1:ETHUSDT,2025-10-16 14:00:00+00:00,2025-10-18 07:00:00+00:00,short,4018.07,3876.74,2.017,2.8019,1.389,main,3.86,tp1:3918.19x0.010098|tp2:3768.38x0.005049|trail:3902.19x0.005049
A4:SOLUSDT,2025-10-19 20:00:00+00:00,2025-10-20 03:00:00+00:00,short,188.76,186.75,2.686,1.2245,0.456,sat,3.89,tp1:184.70x0.330737|stop:188.80x0.330737
A4:LTCUSDT,2025-10-20 00:00:00+00:00,2025-10-20 05:00:00+00:00,short,93.26,95.09,2.437,-2.5762,-1.057,sat,3.89,stop:95.09x1.345955
A4:DOGEUSDT,2025-10-20 00:00:00+00:00,2025-10-20 03:00:00+00:00,short,0.20,0.20,2.281,-2.4019,-1.053,sat,3.89,stop:0.20x558.376915
A4:VETUSDT,2025-10-20 00:00:00+00:00,2025-10-20 04:00:00+00:00,short,0.02,0.02,2.789,-2.9112,-1.044,sat,3.89,stop:0.02x6203.472028
A4:INJUSDT,2025-10-20 00:00:00+00:00,2025-10-20 03:00:00+00:00,short,8.55,8.78,2.712,-2.8259,-1.042,sat,3.89,stop:8.78x11.880426
A4:LDOUSDT,2025-10-20 00:00:00+00:00,2025-10-20 06:00:00+00:00,short,0.90,0.93,2.610,-2.7072,-1.037,sat,3.89,stop:0.93x96.604157
A4:ETHUSDT,2025-10-20 00:00:00+00:00,2025-10-20 04:00:00+00:00,short,3979.80,4044.91,2.201,-2.3525,-1.069,main,3.89,stop:4044.91x0.034232
A4:1000PEPEUSDT,2025-10-20 00:00:00+00:00,2025-10-20 03:00:00+00:00,short,0.01,0.01,2.864,-2.9965,-1.046,sat,3.89,stop:0.01x16932.855854
A4:WLDUSDT,2025-10-20 00:00:00+00:00,2025-10-20 06:00:00+00:00,short,0.91,0.94,2.519,-2.6279,-1.043,sat,3.89,stop:0.94x106.558460
A1:BTCUSDT,2025-10-20 01:00:00+00:00,2025-10-20 03:00:00+00:00,short,107989.50,109804.76,2.129,-2.2712,-1.067,main,3.78,stop:109804.76x0.001187
A1:ETHUSDT,2025-10-20 01:00:00+00:00,2025-10-20 04:00:00+00:00,short,3939.45,4044.91,2.087,-2.1744,-1.042,main,3.78,stop:4044.91x0.019939
A4:NEARUSDT,2025-10-20 16:00:00+00:00,2025-10-21 14:00:00+00:00,short,2.29,2.27,2.116,0.9919,0.469,sat,3.78,tp1:2.24x20.097299|stop:2.29x20.097299
A4:DOGEUSDT,2025-10-20 16:00:00+00:00,2025-10-21 14:00:00+00:00,short,0.20,0.20,2.215,1.0242,0.462,sat,3.78,tp1:0.20x279.839441|stop:0.20x279.839441
A4:ETCUSDT,2025-10-20 16:00:00+00:00,2025-10-21 12:00:00+00:00,short,15.96,15.80,3.011,1.3563,0.450,sat,3.78,tp1:15.64x4.704931|stop:15.96x4.704931
A4:VETUSDT,2025-10-20 16:00:00+00:00,2025-10-21 14:00:00+00:00,short,0.02,0.02,2.744,1.2770,0.465,sat,3.78,tp1:0.02x3605.818215|stop:0.02x3605.818215
A4:GALAUSDT,2025-10-20 16:00:00+00:00,2025-10-21 14:00:00+00:00,short,0.01,0.01,2.591,1.2237,0.472,sat,3.78,tp1:0.01x3887.908460|stop:0.01x3887.908460
A4:OPUSDT,2025-10-20 16:00:00+00:00,2025-10-21 14:00:00+00:00,short,0.45,0.44,2.371,1.1047,0.466,sat,3.78,tp1:0.44x109.860829|stop:0.45x109.860829
A4:LDOUSDT,2025-10-20 16:00:00+00:00,2025-10-21 14:00:00+00:00,short,0.92,0.91,2.533,1.1935,0.471,sat,3.78,tp1:0.89x47.996607|stop:0.92x47.996607
A4:1000PEPEUSDT,2025-10-20 16:00:00+00:00,2025-10-21 14:00:00+00:00,short,0.01,0.01,2.793,1.3145,0.471,sat,3.78,tp1:0.01x7807.745896|stop:0.01x7807.745896
A4:ATOMUSDT,2025-10-20 16:00:00+00:00,2025-10-21 14:00:00+00:00,short,3.27,3.24,2.522,1.0718,0.425,sat,3.78,tp1:3.21x19.926372|stop:3.27x19.926372
A4:ADAUSDT,2025-10-20 16:00:00+00:00,2025-10-21 14:00:00+00:00,short,0.66,0.66,2.904,1.3410,0.462,sat,3.78,tp1:0.65x102.998271|stop:0.66x102.998271
A4:1000SHIBUSDT,2025-10-20 16:00:00+00:00,2025-10-21 14:00:00+00:00,short,0.01,0.01,2.391,1.0921,0.457,sat,3.78,tp1:0.01x5884.962102|stop:0.01x5884.962102
A4:SOLUSDT,2025-10-20 16:00:00+00:00,2025-10-20 20:00:00+00:00,short,190.36,188.00,2.706,1.2598,0.465,sat,3.78,tp1:185.60x0.284373|stop:190.40x0.284373
A4:ORDIUSDT,2025-10-20 16:00:00+00:00,2025-10-21 14:00:00+00:00,short,5.33,5.27,2.710,1.2541,0.463,sat,3.78,tp1:5.21x11.190854|stop:5.33x11.190854
A4:ARBUSDT,2025-10-20 16:00:00+00:00,2025-10-21 14:00:00+00:00,short,0.32,0.32,2.464,1.1478,0.466,sat,3.78,tp1:0.32x175.636815|stop:0.32x175.636815
A4:SEIUSDT,2025-10-20 20:00:00+00:00,2025-10-21 14:00:00+00:00,short,0.20,0.20,2.552,1.1698,0.458,sat,3.78,tp1:0.20x274.215800|stop:0.20x274.215800
A4:BCHUSDT,2025-10-21 00:00:00+00:00,2025-10-21 12:00:00+00:00,short,478.37,473.75,2.482,1.1263,0.454,sat,3.78,tp1:469.03x0.132773|stop:478.47x0.132773
A1:BTCUSDT,2025-10-23 11:00:00+00:00,2025-10-23 17:00:00+00:00,short,109361.82,110684.00,2.081,-2.2685,-1.090,main,3.89,stop:110684.00x0.001601
A3:TRXUSDT,2025-10-23 16:00:00+00:00,2025-10-31 16:00:00+00:00,short,0.32,0.30,2.839,4.2186,1.486,sat,3.89,tp1:0.31x133.162749|tp2:0.29x66.581374|avortee:0.30x66.581374
A4:OPUSDT,2025-10-24 20:00:00+00:00,2025-10-26 11:00:00+00:00,short,0.44,0.46,2.374,-2.4885,-1.048,sat,3.78,stop:0.46x193.317789
A4:ETHUSDT,2025-10-24 20:00:00+00:00,2025-10-26 11:00:00+00:00,short,3923.88,4041.38,2.130,-2.1946,-1.030,main,3.78,stop:4041.38x0.018250
A4:ORDIUSDT,2025-10-24 20:00:00+00:00,2025-10-26 09:00:00+00:00,short,5.21,5.34,2.715,-2.8092,-1.035,sat,3.78,stop:5.34x20.618704
A4:SEIUSDT,2025-10-25 12:00:00+00:00,2025-10-25 18:00:00+00:00,short,0.19,0.20,2.576,-2.6868,-1.043,sat,3.63,stop:0.20x448.936921
A4:DOGEUSDT,2025-11-02 12:00:00+00:00,2025-11-07 16:00:00+00:00,short,0.19,0.18,2.257,5.8821,2.606,sat,3.36,tp1:0.18x436.012216|tp2:0.18x218.006108|trail:0.17x218.006108
A4:ETHUSDT,2025-11-02 12:00:00+00:00,2025-11-02 23:00:00+00:00,short,3888.15,3867.26,2.098,0.8867,0.423,main,3.36,tp1:3845.59x0.024654|stop:3888.93x0.024654
A4:XRPUSDT,2025-11-02 16:00:00+00:00,2025-11-05 20:00:00+00:00,short,2.50,2.38,2.238,3.8425,1.717,sat,3.36,tp1:2.43x17.174772|tp2:2.34x8.587386|trail:2.34x8.587386
A4:BTCUSDT,2025-11-02 16:00:00+00:00,2025-11-10 00:00:00+00:00,short,110044.19,107274.04,2.821,4.9388,1.751,main,3.36,tp1:108483.12x0.000904|tp2:106141.51x0.000452|trail:105988.39x0.000452
A4:1000SHIBUSDT,2025-11-02 16:00:00+00:00,2025-11-07 16:00:00+00:00,short,0.01,0.01,2.413,3.9118,1.621,sat,3.36,tp1:0.01x4925.646690|tp2:0.01x2462.823345|trail:0.01x2462.823345
A3:TRXUSDT,2025-11-03 16:00:00+00:00,2025-11-05 20:00:00+00:00,short,0.29,0.29,2.940,-0.5729,-0.195,sat,3.23,avortee:0.29x244.525791
A4:SOLUSDT,2025-11-08 08:00:00+00:00,2025-11-09 14:00:00+00:00,short,160.92,158.69,2.742,1.2803,0.467,sat,4.05,tp1:156.44x0.306104|stop:160.95x0.306104
A1:ETHUSDT,2025-11-08 12:00:00+00:00,2025-11-09 14:00:00+00:00,short,3410.86,3502.92,2.031,-2.1053,-1.036,main,4.05,stop:3502.92x0.022235
A4:ETHUSDT,2025-11-08 12:00:00+00:00,2025-11-09 14:00:00+00:00,short,3410.86,3502.92,2.098,-2.1746,-1.036,main,4.05,stop:3502.92x0.022967
A4:BNBUSDT,2025-11-08 12:00:00+00:00,2025-11-10 00:00:00+00:00,short,989.08,1011.22,2.557,-2.6853,-1.050,sat,4.05,stop:1011.22x0.116567
A4:TRXUSDT,2025-11-16 16:00:00+00:00,2025-11-27 12:00:00+00:00,short,0.29,0.28,2.030,3.1101,1.532,sat,4.36,tp1:0.28x121.319765|tp2:0.27x60.659883|flipST:0.28x60.659883
A4:DOGEUSDT,2025-11-19 08:00:00+00:00,2025-11-20 12:00:00+00:00,short,0.16,0.15,2.393,2.6351,1.101,sat,4.54,tp1:0.15x256.073832|tp2:0.15x128.036916|trail:0.16x128.036916
A4:BNBUSDT,2025-11-19 08:00:00+00:00,2025-11-23 04:00:00+00:00,short,931.43,896.90,2.501,6.1963,2.478,sat,4.54,tp1:917.72x0.091176|tp2:897.15x0.045588|trail:855.01x0.045588
A1:BTCUSDT,2025-11-20 07:00:00+00:00,2025-11-23 01:00:00+00:00,short,91919.81,88621.71,2.013,4.2102,2.091,main,4.62,tp1:90363.60x0.000647|tp2:88029.28x0.000323|trail:85730.38x0.000323
A1:ETHUSDT,2025-11-23 17:00:00+00:00,2025-11-24 04:00:00+00:00,short,2798.10,2867.57,1.980,-2.0693,-1.045,main,5.23,stop:2867.57x0.028731
A1:BTCUSDT,2025-11-24 00:00:00+00:00,2025-11-24 18:00:00+00:00,short,86790.24,88426.03,2.118,-2.2386,-1.057,main,5.23,stop:88426.03x0.001309
A4:AAVEUSDT,2025-11-24 00:00:00+00:00,2025-11-24 03:00:00+00:00,short,167.33,172.08,2.779,-2.8894,-1.040,sat,5.23,stop:172.08x0.588393
A4:ETCUSDT,2025-11-24 00:00:00+00:00,2025-11-24 02:00:00+00:00,short,13.55,13.84,3.034,-3.1922,-1.052,sat,5.23,stop:13.84x10.498788
A4:ETHUSDT,2025-11-24 00:00:00+00:00,2025-11-24 04:00:00+00:00,short,2800.18,2867.57,2.045,-2.1408,-1.047,main,5.23,stop:2867.57x0.030608
A4:BTCUSDT,2025-11-24 00:00:00+00:00,2025-11-24 18:00:00+00:00,short,86790.24,88426.03,2.937,-3.1043,-1.057,main,5.23,stop:88426.03x0.001815
A4:WLDUSDT,2025-11-24 08:00:00+00:00,2025-11-24 15:00:00+00:00,short,0.61,0.60,2.468,1.1545,0.468,sat,5.03,tp1:0.60x75.164804|stop:0.61x75.164804
A4:LTCUSDT,2025-11-25 04:00:00+00:00,2025-11-25 16:00:00+00:00,short,85.33,84.27,2.391,1.1117,0.465,sat,4.91,tp1:83.18x0.555367|stop:85.35x0.555367
A4:OPUSDT,2025-11-25 04:00:00+00:00,2025-11-25 23:00:00+00:00,short,0.32,0.33,2.311,-2.4165,-1.045,sat,4.91,stop:0.33x259.685896
A4:ARBUSDT,2025-11-25 04:00:00+00:00,2025-11-25 22:00:00+00:00,short,0.22,0.21,2.452,1.1598,0.473,sat,4.91,tp1:0.21x200.399600|stop:0.22x200.399600
A4:BNBUSDT,2025-11-25 08:00:00+00:00,2025-11-26 17:00:00+00:00,short,856.24,880.25,2.642,-2.7469,-1.040,sat,4.91,stop:880.25x0.110848
A4:BTCUSDT,2025-11-25 08:00:00+00:00,2025-11-26 17:00:00+00:00,short,87344.73,89507.32,2.851,-2.9733,-1.043,main,4.91,stop:89507.32x0.001329
A1:ETHUSDT,2025-11-26 08:00:00+00:00,2025-11-26 14:00:00+00:00,short,2942.45,2916.85,1.934,0.8721,0.451,main,4.81,tp1:2890.66x0.018671|stop:2943.04x0.018671
A4:ETHUSDT,2025-11-26 12:00:00+00:00,2025-11-26 17:00:00+00:00,short,2912.24,2994.84,1.989,-2.0666,-1.039,main,4.81,stop:2994.84x0.024254
A1:ETHUSDT,2025-11-26 15:00:00+00:00,2025-11-26 17:00:00+00:00,short,2908.75,2994.84,1.947,-2.0202,-1.037,main,4.81,stop:2994.84x0.022777
A4:LTCUSDT,2025-11-27 12:00:00+00:00,2025-11-28 15:00:00+00:00,short,86.36,85.56,2.399,1.0852,0.452,sat,4.66,tp1:84.74x0.738536|stop:86.38x0.738536
A4:SEIUSDT,2025-11-27 12:00:00+00:00,2025-11-28 15:00:00+00:00,short,0.14,0.14,2.437,-2.6135,-1.072,sat,4.66,stop:0.14x755.448317
A4:ADAUSDT,2025-11-27 12:00:00+00:00,2025-12-02 15:00:00+00:00,short,0.43,0.42,2.935,3.2235,1.098,sat,4.66,tp1:0.42x142.158520|tp2:0.40x71.079260|trail:0.43x71.079260
A4:DOTUSDT,2025-11-27 12:00:00+00:00,2025-11-27 18:00:00+00:00,short,2.33,2.38,2.886,-3.0460,-1.055,sat,4.66,stop:2.38x55.764459
A4:DOTUSDT,2025-11-28 00:00:00+00:00,2025-12-02 16:00:00+00:00,short,2.33,2.25,2.749,3.6911,1.343,sat,4.66,tp1:2.27x21.530212|tp2:2.17x10.765106|trail:2.26x10.765106
A3:TRXUSDT,2025-12-01 04:00:00+00:00,2025-12-02 16:00:00+00:00,short,0.28,0.28,2.940,-2.2470,-0.764,sat,3.99,avortee:0.28x401.827231
A4:DOGEUSDT,2025-12-08 20:00:00+00:00,2025-12-09 15:00:00+00:00,short,0.14,0.14,2.461,1.1423,0.464,sat,4.18,tp1:0.14x422.030783|stop:0.14x422.030783
A4:ETCUSDT,2025-12-08 20:00:00+00:00,2025-12-09 15:00:00+00:00,short,13.38,13.67,2.943,-3.0715,-1.044,sat,4.18,stop:13.67x10.169214
A4:GALAUSDT,2025-12-08 20:00:00+00:00,2025-12-09 15:00:00+00:00,short,0.01,0.01,2.622,-2.7228,-1.039,sat,4.18,stop:0.01x12046.770767
A4:HBARUSDT,2025-12-08 20:00:00+00:00,2025-12-09 15:00:00+00:00,short,0.13,0.14,2.489,-2.5904,-1.041,sat,4.18,stop:0.14x752.531997
A4:FILUSDT,2025-12-08 20:00:00+00:00,2025-12-09 16:00:00+00:00,short,1.50,1.53,2.688,-2.7953,-1.040,sat,4.18,stop:1.53x75.395059
A1:BTCUSDT,2025-12-08 23:00:00+00:00,2025-12-09 15:00:00+00:00,short,90770.44,92604.04,2.060,-2.1668,-1.052,main,4.18,stop:92604.04x0.001135
A4:JUPUSDT,2025-12-09 00:00:00+00:00,2025-12-09 15:00:00+00:00,short,0.23,0.22,2.519,1.1822,0.469,sat,4.18,tp1:0.22x191.997200|stop:0.23x191.997200
A3:TRXUSDT,2025-12-12 16:00:00+00:00,2025-12-14 16:00:00+00:00,short,0.27,0.28,2.874,-0.4622,-0.161,sat,4.09,avortee:0.28x292.727817
A1:ETHUSDT,2025-12-20 14:00:00+00:00,2025-12-22 00:00:00+00:00,short,2978.05,3029.16,1.906,-2.0255,-1.063,main,4.32,stop:3029.16x0.037747
A4:XRPUSDT,2025-12-20 20:00:00+00:00,2025-12-29 04:00:00+00:00,short,1.92,1.90,2.348,1.3812,0.588,sat,4.32,tp1:1.88x28.745562|flipST:1.91x28.745562
A4:ATOMUSDT,2025-12-20 20:00:00+00:00,2025-12-22 00:00:00+00:00,short,1.97,1.95,2.549,1.1282,0.443,sat,4.32,tp1:1.93x33.188516|stop:1.97x33.188516
A4:ADAUSDT,2025-12-21 00:00:00+00:00,2025-12-22 00:00:00+00:00,short,0.37,0.37,3.016,1.4054,0.466,sat,4.32,tp1:0.36x171.274966|stop:0.37x171.274966
A4:HBARUSDT,2025-12-21 04:00:00+00:00,2025-12-22 15:00:00+00:00,short,0.11,0.12,2.407,-2.5059,-1.041,sat,4.07,stop:0.12x823.229395
A1:BTCUSDT,2025-12-23 00:00:00+00:00,2026-01-02 17:00:00+00:00,short,88563.78,90934.28,2.000,-1.9394,-0.970,main,3.88,stop:90934.28x0.000850
A4:AAVEUSDT,2025-12-27 00:00:00+00:00,2025-12-29 04:00:00+00:00,short,154.21,157.85,2.709,-2.7995,-1.033,sat,3.55,stop:157.85x0.750117
A1:ETHUSDT,2025-12-28 05:00:00+00:00,2025-12-29 00:00:00+00:00,short,2937.15,2970.79,1.865,-2.0124,-1.079,main,3.32,stop:2970.79x0.056443
A4:ETCUSDT,2025-12-28 20:00:00+00:00,2025-12-29 01:00:00+00:00,short,12.05,12.37,2.880,-3.0016,-1.042,sat,3.32,stop:12.37x9.156280
A4:DOGEUSDT,2025-12-29 12:00:00+00:00,2026-01-01 15:00:00+00:00,short,0.12,0.12,2.490,2.7233,1.094,sat,3.14,tp1:0.12x341.706630|tp2:0.12x170.853315|trail:0.12x170.853315
A1:BTCUSDT,2026-01-06 19:00:00+00:00,2026-01-07 09:00:00+00:00,long,92024.80,92583.12,1.968,0.8325,0.423,main,2.69,tp1:93159.83x0.000867|stop:92006.40x0.000867
A4:TRXUSDT,2026-01-07 00:00:00+00:00,2026-01-08 18:00:00+00:00,long,0.29,0.30,2.125,0.8883,0.418,sat,2.69,tp1:0.30x242.724539|stop:0.29x242.724539
A3:TRXUSDT,2026-01-07 16:00:00+00:00,2026-01-08 20:00:00+00:00,long,0.30,0.29,2.871,-0.9661,-0.336,sat,2.74,avortee:0.29x428.773888
A1:BTCUSDT,2026-01-08 00:00:00+00:00,2026-01-08 01:00:00+00:00,long,91346.37,91338.53,1.993,-0.1743,-0.087,main,2.74,trendflip:91338.53x0.001936
A3:BTCUSDT,2026-01-13 20:00:00+00:00,2026-01-16 16:00:00+00:00,long,94198.44,94518.69,3.234,0.1525,0.047,main,2.56,avortee:94518.69x0.000727
A1:BTCUSDT,2026-01-18 06:00:00+00:00,2026-01-18 23:00:00+00:00,long,95173.63,94468.73,2.009,-2.3591,-1.174,main,2.53,stop:94468.73x0.002928
A3:BTCUSDT,2026-01-19 04:00:00+00:00,2026-01-27 04:00:00+00:00,short,92638.17,88932.78,3.241,3.3963,1.048,main,2.53,tp1:89103.11x0.000458|avortee:88762.45x0.000458
A1:BTCUSDT,2026-01-23 20:00:00+00:00,2026-01-28 11:00:00+00:00,short,89920.31,89132.37,1.915,0.9151,0.478,main,2.83,tp1:88326.44x0.000601|stop:89938.30x0.000601
A4:BNBUSDT,2026-01-23 20:00:00+00:00,2026-01-27 16:00:00+00:00,short,894.26,877.46,2.581,2.8621,1.109,sat,2.83,tp1:879.57x0.087845|tp2:857.54x0.043923|trail:893.17x0.043923
A4:JUPUSDT,2026-01-24 20:00:00+00:00,2026-01-27 12:00:00+00:00,short,0.20,0.19,2.500,2.8961,1.158,sat,2.84,tp1:0.19x253.013926|tp2:0.18x126.506963|trail:0.20x126.506963
A4:APTUSDT,2026-01-27 04:00:00+00:00,2026-01-27 22:00:00+00:00,short,1.55,1.60,2.759,-2.8861,-1.046,sat,2.80,stop:1.60x60.794945
A4:LTCUSDT,2026-01-27 12:00:00+00:00,2026-01-27 23:00:00+00:00,short,69.00,70.35,2.441,-2.5813,-1.058,sat,2.80,stop:70.35x1.822492
A4:ADAUSDT,2026-01-27 12:00:00+00:00,2026-01-27 20:00:00+00:00,short,0.35,0.36,3.048,-3.1649,-1.038,sat,2.80,stop:0.36x320.033415
A4:SEIUSDT,2026-01-28 08:00:00+00:00,2026-02-02 16:00:00+00:00,short,0.11,0.10,2.452,7.5614,3.083,sat,2.75,tp1:0.10x613.572208|tp2:0.10x306.786104|trail:0.09x306.786104
A4:1000SHIBUSDT,2026-01-28 08:00:00+00:00,2026-01-28 12:00:00+00:00,short,0.01,0.01,2.503,-1.8560,-0.742,sat,2.75,flipST:0.01x14044.331380
A4:INJUSDT,2026-01-28 16:00:00+00:00,2026-02-03 20:00:00+00:00,short,4.44,4.15,2.619,7.0161,2.679,sat,2.75,tp1:4.33x12.152723|tp2:4.17x6.076361|trail:3.75x6.076361
A4:FETUSDT,2026-01-28 16:00:00+00:00,2026-01-28 22:00:00+00:00,short,0.23,0.23,2.610,-2.7155,-1.040,sat,2.75,stop:0.23x417.210133
A4:FILUSDT,2026-01-28 16:00:00+00:00,2026-02-03 20:00:00+00:00,short,1.26,1.18,2.613,5.6839,2.175,sat,2.75,tp1:1.22x35.529246|tp2:1.17x17.764623|trail:1.10x17.764623
A4:ARBUSDT,2026-01-28 16:00:00+00:00,2026-02-06 16:00:00+00:00,short,0.17,0.15,2.431,9.1184,3.750,sat,2.75,tp1:0.16x246.107143|tp2:0.16x123.053571|trail:0.12x123.053571
A4:UNIUSDT,2026-01-28 16:00:00+00:00,2026-02-03 20:00:00+00:00,short,4.81,4.51,2.653,9.6125,3.624,sat,2.75,tp1:4.73x16.369597|tp2:4.61x8.184798|trail:3.99x8.184798
A1:BTCUSDT,2026-01-28 23:00:00+00:00,2026-02-02 15:00:00+00:00,short,89329.23,85030.19,1.939,5.2169,2.691,main,2.75,tp1:87748.69x0.000613|tp2:85377.87x0.000307|trail:79245.52x0.000307
A4:ATOMUSDT,2026-02-03 20:00:00+00:00,2026-02-03 21:00:00+00:00,short,1.98,2.04,2.613,-3.0208,-1.156,sat,4.22,stop:2.04x44.677514
A4:TRXUSDT,2026-02-04 16:00:00+00:00,2026-02-08 16:00:00+00:00,short,0.28,0.28,2.149,2.6201,1.219,sat,4.66,tp1:0.28x229.445520|tp2:0.27x114.722760|flipST:0.28x114.722760
A4:AAVEUSDT,2026-02-08 16:00:00+00:00,2026-02-09 16:00:00+00:00,short,113.08,111.56,2.643,1.2481,0.472,sat,6.80,tp1:110.02x0.432161|stop:113.10x0.432161
A1:BTCUSDT,2026-02-17 02:00:00+00:00,2026-02-21 14:00:00+00:00,short,68568.98,67682.19,2.063,0.9732,0.472,main,5.63,tp1:66781.68x0.000577|stop:68582.70x0.000577
A4:APTUSDT,2026-02-21 20:00:00+00:00,2026-02-24 16:00:00+00:00,short,0.89,0.86,2.702,5.0889,1.883,sat,5.06,tp1:0.87x72.404967|tp2:0.85x36.202483|trail:0.83x36.202483
A4:XRPUSDT,2026-02-21 20:00:00+00:00,2026-02-23 12:00:00+00:00,short,1.44,1.41,2.381,3.2121,1.349,sat,5.06,tp1:1.42x45.237794|tp2:1.38x22.618897|trail:1.41x22.618897
A1:ETHUSDT,2026-02-22 13:00:00+00:00,2026-02-25 01:00:00+00:00,short,1965.06,1899.63,1.801,2.9753,1.652,main,4.83,tp1:1926.49x0.023343|tp2:1868.63x0.011671|trail:1876.90x0.011671
A3:TRXUSDT,2026-02-28 12:00:00+00:00,2026-03-02 16:00:00+00:00,short,0.28,0.28,2.838,-1.1348,-0.400,sat,4.98,avortee:0.28x294.665399
A4:BTCUSDT,2026-03-01 12:00:00+00:00,2026-03-02 15:00:00+00:00,short,66425.71,68441.35,2.772,-2.8739,-1.037,main,5.05,stop:68441.35x0.001384
A3:TRXUSDT,2026-03-17 12:00:00+00:00,2026-03-19 16:00:00+00:00,long,0.30,0.30,2.814,-0.7657,-0.272,sat,4.04,avortee:0.30x286.922390
A4:LTCUSDT,2026-03-21 16:00:00+00:00,2026-03-23 11:00:00+00:00,short,55.71,54.53,2.376,2.5681,1.081,sat,4.24,tp1:54.66x1.132435|tp2:53.09x0.566218|trail:55.72x0.566218
A4:VETUSDT,2026-03-25 16:00:00+00:00,2026-03-30 08:00:00+00:00,short,0.01,0.01,2.740,4.3024,1.570,sat,4.22,tp1:0.01x9025.176758|tp2:0.01x4512.588379|trail:0.01x4512.588379
A4:SEIUSDT,2026-03-25 20:00:00+00:00,2026-04-01 08:00:00+00:00,short,0.06,0.06,2.620,5.3591,2.045,sat,4.22,tp1:0.06x1057.541050|tp2:0.06x528.770525|flipST:0.06x528.770525
A4:ORDIUSDT,2026-03-25 20:00:00+00:00,2026-03-30 04:00:00+00:00,short,2.41,2.32,2.629,5.1709,1.967,sat,4.22,tp1:2.37x27.345617|tp2:2.29x13.672809|trail:2.25x13.672809
A3:HBARUSDT,2026-03-30 00:00:00+00:00,2026-03-30 08:00:00+00:00,short,0.09,0.09,2.602,-1.3956,-0.536,sat,4.30,avortee:0.09x606.697579
A1:BTCUSDT,2026-03-30 07:00:00+00:00,2026-03-30 13:00:00+00:00,short,67260.05,68027.82,2.109,-2.3161,-1.098,main,4.25,stop:68027.82x0.002796
A1:BTCUSDT,2026-03-30 14:00:00+00:00,2026-03-31 01:00:00+00:00,short,67477.30,67029.24,2.044,0.8923,0.437,main,4.25,tp1:66567.68x0.001124|stop:67490.80x0.001124
A4:XRPUSDT,2026-03-30 16:00:00+00:00,2026-03-31 01:00:00+00:00,short,1.34,1.33,2.450,1.1136,0.454,sat,4.25,tp1:1.32x45.969109|stop:1.34x45.969109
A4:VETUSDT,2026-03-30 20:00:00+00:00,2026-04-01 06:00:00+00:00,short,0.01,0.01,2.859,-2.9585,-1.035,sat,4.25,stop:0.01x16125.456834
A4:BTCUSDT,2026-03-30 20:00:00+00:00,2026-03-31 17:00:00+00:00,short,66502.60,68400.60,2.701,-2.8116,-1.041,main,4.25,stop:68400.60x0.001433
A1:BTCUSDT,2026-03-31 09:00:00+00:00,2026-04-01 05:00:00+00:00,short,66731.75,68630.04,2.050,-2.1361,-1.042,main,4.15,stop:68630.04x0.001088
A4:1000PEPEUSDT,2026-03-31 16:00:00+00:00,2026-03-31 17:00:00+00:00,short,0.00,0.00,2.822,-2.9600,-1.049,sat,4.15,stop:0.00x37204.586953
A4:ORDIUSDT,2026-03-31 16:00:00+00:00,2026-03-31 17:00:00+00:00,short,2.24,2.29,2.761,-3.3823,-1.225,sat,4.15,stop:2.29x65.116853
A4:LTCUSDT,2026-04-01 12:00:00+00:00,2026-04-05 23:00:00+00:00,short,54.00,52.95,2.417,2.6017,1.076,sat,4.05,tp1:53.07x1.296197|tp2:51.67x0.648099|trail:54.01x0.648099
A4:AAVEUSDT,2026-04-01 12:00:00+00:00,2026-04-06 00:00:00+00:00,short,99.04,95.46,2.690,4.2363,1.575,sat,4.05,tp1:96.81x0.602407|tp2:93.46x0.301203|trail:94.75x0.301203
A4:SOLUSDT,2026-04-01 16:00:00+00:00,2026-04-01 17:00:00+00:00,short,83.56,85.21,2.781,-3.3367,-1.200,sat,4.05,stop:85.21x1.940270
A4:BNBUSDT,2026-04-05 04:00:00+00:00,2026-04-05 09:00:00+00:00,short,593.63,591.02,2.684,1.0845,0.404,sat,3.67,tp1:588.28x0.250939|stop:593.75x0.250939
A3:BCHUSDT,2026-04-05 08:00:00+00:00,2026-04-06 12:00:00+00:00,short,435.34,438.92,3.090,-0.5737,-0.186,sat,3.67,avortee:438.92x0.141689
A3:BTCUSDT,2026-04-06 00:00:00+00:00,2026-04-07 16:00:00+00:00,long,69011.70,68124.87,3.324,-1.0625,-0.320,main,3.67,avortee:68124.87x0.001107
A4:UNIUSDT,2026-04-06 20:00:00+00:00,2026-04-07 21:00:00+00:00,short,3.15,3.12,2.888,1.3123,0.454,sat,3.59,tp1:3.08x21.283127|stop:3.15x21.283127
A1:BTCUSDT,2026-04-12 03:00:00+00:00,2026-04-12 12:00:00+00:00,long,71738.04,70995.39,2.022,-2.2327,-1.104,main,3.40,stop:70995.39x0.002776
A4:ETHUSDT,2026-04-13 04:00:00+00:00,2026-04-19 20:00:00+00:00,long,2193.71,2245.74,1.953,3.4935,1.788,main,3.52,tp1:2222.02x0.034496|tp2:2264.49x0.017248|trail:2274.41x0.017248
A1:BTCUSDT,2026-04-13 13:00:00+00:00,2026-04-19 07:00:00+00:00,long,71057.21,72954.98,1.960,4.3172,2.203,main,3.52,tp1:71902.82x0.001159|tp2:73171.24x0.000579|trail:74843.06x0.000579
A3:XRPUSDT,2026-04-14 00:00:00+00:00,2026-04-15 08:00:00+00:00,long,1.38,1.35,2.435,-1.0103,-0.415,sat,3.52,avortee:1.35x39.276633
A1:ETHUSDT,2026-04-17 07:00:00+00:00,2026-04-19 03:00:00+00:00,long,2330.43,2358.05,1.872,0.8784,0.469,main,3.37,tp1:2386.14x0.016803|stop:2329.96x0.016803
A1:BTCUSDT,2026-04-20 08:00:00+00:00,2026-04-21 19:00:00+00:00,long,74810.46,75502.63,2.057,0.9461,0.460,main,3.49,tp1:76209.76x0.000735|stop:74795.50x0.000735
A4:DOGEUSDT,2026-04-28 00:00:00+00:00,2026-05-07 16:00:00+00:00,long,0.10,0.10,2.566,5.1693,2.015,sat,2.96,tp1:0.10x534.788166|tp2:0.10x267.394083|flipST:0.11x267.394083
A3:SOLUSDT,2026-05-04 04:00:00+00:00,2026-05-04 12:00:00+00:00,long,85.40,83.88,2.515,-1.3641,-0.542,sat,2.79,avortee:83.88x0.853362
A3:BNBUSDT,2026-05-04 08:00:00+00:00,2026-05-08 00:00:00+00:00,long,628.97,641.64,2.720,1.8860,0.693,sat,2.79,tp1:646.08x0.079459|avortee:637.19x0.079459
A3:LINKUSDT,2026-05-04 12:00:00+00:00,2026-05-12 08:00:00+00:00,long,9.42,10.12,2.506,4.3184,1.723,sat,2.79,tp1:9.82x3.174926|tp2:10.41x1.587463|avortee:10.43x1.587463
A1:BTCUSDT,2026-05-08 09:00:00+00:00,2026-05-12 16:00:00+00:00,long,79865.17,80991.52,2.091,2.2093,1.056,main,2.76,tp1:80869.92x0.001041|tp2:82377.05x0.000520|trail:79849.20x0.000520
A4:BTCUSDT,2026-05-08 12:00:00+00:00,2026-05-12 15:00:00+00:00,long,80197.84,80858.53,2.643,1.1535,0.437,main,2.76,tp1:81535.25x0.000988|stop:80181.80x0.000988
A3:BTCUSDT,2026-05-11 00:00:00+00:00,2026-05-11 04:00:00+00:00,long,82194.14,80677.26,3.299,-1.5734,-0.477,main,2.55,avortee:80677.26x0.000989
A1:BTCUSDT,2026-05-13 02:00:00+00:00,2026-05-13 14:00:00+00:00,long,80976.29,79505.79,2.137,-2.2732,-1.064,main,2.55,stop:79505.79x0.001469
A3:TRXUSDT,2026-05-14 12:00:00+00:00,2026-05-15 16:00:00+00:00,long,0.35,0.35,2.794,-1.1780,-0.422,sat,2.64,avortee:0.35x316.237291
A1:BTCUSDT,2026-05-15 15:00:00+00:00,2026-05-16 07:00:00+00:00,long,79136.42,78319.20,2.098,-2.3358,-1.113,main,2.67,stop:78319.20x0.002617
A3:TRXUSDT,2026-05-21 16:00:00+00:00,2026-05-23 08:00:00+00:00,long,0.36,0.36,2.761,-0.8068,-0.292,sat,2.60,avortee:0.36x253.516640
A3:BTCUSDT,2026-05-22 20:00:00+00:00,2026-05-24 00:00:00+00:00,short,75811.93,76730.64,3.262,-1.2010,-0.368,main,2.55,avortee:76730.64x0.001235
A4:XRPUSDT,2026-05-24 16:00:00+00:00,2026-05-30 00:00:00+00:00,short,1.35,1.33,2.475,1.1475,0.464,sat,2.75,tp1:1.31x37.636905|stop:1.35x37.636905
A3:1000SHIBUSDT,2026-05-28 00:00:00+00:00,2026-05-30 04:00:00+00:00,short,0.01,0.01,2.511,-0.8008,-0.319,sat,2.66,avortee:0.01x9698.771995
A3:LTCUSDT,2026-05-28 04:00:00+00:00,2026-05-29 16:00:00+00:00,short,50.97,52.19,2.653,-1.4164,-0.534,sat,2.71,avortee:52.19x1.126127
A4:LTCUSDT,2026-05-30 20:00:00+00:00,2026-06-13 08:00:00+00:00,short,52.48,49.78,2.483,14.2251,5.730,sat,2.73,tp1:52.01x2.668715|tp2:51.32x1.334358|trail:43.77x1.334358
A4:DOGEUSDT,2026-05-31 00:00:00+00:00,2026-05-31 22:00:00+00:00,short,0.10,0.10,2.697,1.2197,0.452,sat,2.73,tp1:0.10x850.171820|stop:0.10x850.171820
A1:BTCUSDT,2026-05-31 06:00:00+00:00,2026-05-31 23:00:00+00:00,short,74012.99,73771.96,2.060,0.7912,0.384,main,2.62,tp1:73516.11x0.002073|stop:74027.80x0.002073
A4:OPUSDT,2026-05-31 08:00:00+00:00,2026-05-31 23:00:00+00:00,short,0.12,0.12,2.250,1.0672,0.474,sat,2.62,tp1:0.12x316.703614|stop:0.12x316.703614
A4:LINKUSDT,2026-05-31 08:00:00+00:00,2026-05-31 23:00:00+00:00,short,9.19,9.13,2.612,1.1571,0.443,sat,2.62,tp1:9.06x9.575463|stop:9.20x9.575463
A4:BTCUSDT,2026-05-31 08:00:00+00:00,2026-06-07 08:00:00+00:00,short,73818.43,70262.06,2.698,13.7594,5.100,main,2.62,tp1:73126.99x0.001951|tp2:72089.83x0.000975|trail:62704.44x0.000975
A1:ETHUSDT,2026-05-31 10:00:00+00:00,2026-05-31 23:00:00+00:00,short,2019.74,2007.47,1.910,0.8242,0.431,main,2.62,tp1:1994.79x0.038292|stop:2020.14x0.038292
A3:ETHUSDT,2026-06-01 16:00:00+00:00,2026-06-07 08:00:00+00:00,short,1967.22,1786.57,2.653,5.5548,2.094,main,2.52,tp1:1881.27x0.015432|tp2:1752.36x0.007716|trail:1631.39x0.007716
A3:BTCUSDT,2026-06-01 16:00:00+00:00,2026-06-07 08:00:00+00:00,short,71085.28,65088.74,3.226,5.5545,1.722,main,2.52,tp1:67617.43x0.000465|tp2:62415.67x0.000233|trail:62704.44x0.000233
A4:ETCUSDT,2026-06-08 00:00:00+00:00,2026-06-08 09:00:00+00:00,short,7.11,7.03,2.799,1.2909,0.461,sat,4.13,tp1:6.95x9.045290|stop:7.11x9.045290
A4:LINKUSDT,2026-06-08 04:00:00+00:00,2026-06-08 15:00:00+00:00,short,7.85,8.07,2.593,-2.6957,-1.040,sat,4.09,stop:8.07x11.966319
A4:BNBUSDT,2026-06-08 08:00:00+00:00,2026-06-12 15:00:00+00:00,short,596.48,613.45,2.670,-2.7683,-1.037,sat,4.09,stop:613.45x0.158495
A4:STXUSDT,2026-06-08 20:00:00+00:00,2026-06-11 17:00:00+00:00,short,0.19,0.18,2.433,2.6943,1.107,sat,4.09,tp1:0.18x238.097787|tp2:0.17x119.048894|trail:0.19x119.048894
A4:ETCUSDT,2026-06-09 00:00:00+00:00,2026-06-11 03:00:00+00:00,short,7.10,7.03,2.854,1.4222,0.498,sat,4.09,tp1:6.95x9.930720|stop:7.10x9.930720
A4:GALAUSDT,2026-06-09 00:00:00+00:00,2026-06-10 15:00:00+00:00,short,0.00,0.00,2.587,1.2306,0.476,sat,4.09,tp1:0.00x16591.870148|stop:0.00x16591.870148
A4:ADAUSDT,2026-06-09 00:00:00+00:00,2026-06-09 06:00:00+00:00,short,0.17,0.17,2.906,1.3632,0.469,sat,4.09,tp1:0.17x306.285825|stop:0.17x306.285825
A4:DOTUSDT,2026-06-09 00:00:00+00:00,2026-06-09 04:00:00+00:00,short,0.97,0.96,2.843,1.3248,0.466,sat,4.09,tp1:0.95x57.608501|stop:0.97x57.608501
A4:1000SHIBUSDT,2026-06-09 00:00:00+00:00,2026-06-10 13:00:00+00:00,short,0.00,0.00,2.479,1.1281,0.455,sat,4.09,tp1:0.00x11501.987311|stop:0.00x11501.987311
A1:ETHUSDT,2026-06-09 08:00:00+00:00,2026-06-11 17:00:00+00:00,short,1678.85,1658.34,1.915,0.8819,0.461,main,4.01,tp1:1637.49x0.023145|stop:1679.19x0.023145
A1:BTCUSDT,2026-06-09 09:00:00+00:00,2026-06-10 15:00:00+00:00,short,62804.44,62010.87,2.034,0.9471,0.466,main,4.01,tp1:61204.74x0.000636|stop:62817.00x0.000636
A4:LDOUSDT,2026-06-12 04:00:00+00:00,2026-06-13 12:00:00+00:00,short,0.27,0.26,2.529,1.1994,0.474,sat,3.95,tp1:0.26x166.298007|stop:0.27x166.298007
A4:DOTUSDT,2026-06-13 00:00:00+00:00,2026-06-13 06:00:00+00:00,short,0.96,0.98,3.020,-3.1695,-1.049,sat,3.95,stop:0.98x139.836384
A4:UNIUSDT,2026-06-13 00:00:00+00:00,2026-06-13 15:00:00+00:00,short,2.50,2.57,2.874,-2.9765,-1.036,sat,3.95,stop:2.57x40.219054
A4:APTUSDT,2026-06-13 20:00:00+00:00,2026-06-14 21:00:00+00:00,short,0.67,0.66,2.811,1.2605,0.448,sat,3.85,tp1:0.65x81.089438|stop:0.67x81.089438
A4:DOTUSDT,2026-06-13 20:00:00+00:00,2026-06-14 21:00:00+00:00,short,0.98,0.97,2.801,1.2436,0.444,sat,3.85,tp1:0.96x67.733027|stop:0.98x67.733027
A4:AVAXUSDT,2026-06-21 20:00:00+00:00,2026-06-22 01:00:00+00:00,short,6.26,6.19,2.623,1.2055,0.460,sat,3.38,tp1:6.12x9.748916|stop:6.26x9.748916
A4:ETCUSDT,2026-06-26 08:00:00+00:00,2026-06-26 16:00:00+00:00,short,7.02,7.19,2.882,-3.0143,-1.046,sat,4.02,stop:7.19x16.706166
A4:SUIUSDT,2026-06-27 12:00:00+00:00,2026-06-29 12:00:00+00:00,short,0.70,0.69,2.575,1.2062,0.468,sat,4.01,tp1:0.68x64.208473|stop:0.70x64.208473
A4:DOGEUSDT,2026-06-27 20:00:00+00:00,2026-07-02 12:00:00+00:00,short,0.07,0.07,2.714,2.9773,1.097,sat,4.01,tp1:0.07x688.033533|tp2:0.07x344.016767|trail:0.07x344.016767
A4:VETUSDT,2026-06-28 16:00:00+00:00,2026-07-01 04:00:00+00:00,short,0.00,0.00,2.746,3.6023,1.312,sat,3.86,tp1:0.00x11897.910492|tp2:0.00x5948.955246|trail:0.00x5948.955246
A1:BTCUSDT,2026-06-29 19:00:00+00:00,2026-07-01 14:00:00+00:00,short,60263.34,59350.47,2.077,2.5796,1.242,main,3.81,tp1:59555.74x0.001468|tp2:58494.32x0.000734|trail:59796.09x0.000734
A3:LTCUSDT,2026-06-30 16:00:00+00:00,2026-07-01 04:00:00+00:00,short,41.68,42.83,2.618,-1.6483,-0.630,sat,3.72,avortee:42.83x1.392394
A3:BTCUSDT,2026-06-30 16:00:00+00:00,2026-07-01 16:00:00+00:00,short,58344.53,60130.62,3.366,-2.2060,-0.655,main,3.72,avortee:60130.62x0.001205
A4:DOTUSDT,2026-07-01 20:00:00+00:00,2026-07-02 12:00:00+00:00,short,0.83,0.85,2.970,-3.1156,-1.049,sat,3.81,stop:0.85x140.464201
A4:ATOMUSDT,2026-07-02 16:00:00+00:00,2026-07-03 06:00:00+00:00,short,1.54,1.59,2.493,-2.6028,-1.044,sat,3.88,stop:1.59x56.868318
A4:DOTUSDT,2026-07-02 16:00:00+00:00,2026-07-03 11:00:00+00:00,short,0.85,0.87,2.625,-2.7499,-1.048,sat,3.88,stop:0.87x123.780858
A4:OPUSDT,2026-07-03 00:00:00+00:00,2026-07-03 01:00:00+00:00,short,0.10,0.10,2.278,-2.3720,-1.041,sat,3.88,stop:0.10x852.138565
A4:ETCUSDT,2026-07-10 08:00:00+00:00,2026-07-13 08:00:00+00:00,short,7.04,6.93,2.778,3.1374,1.129,sat,3.47,tp1:6.95x14.890806|tp2:6.81x7.445403|trail:7.03x7.445403
A4:GALAUSDT,2026-07-11 00:00:00+00:00,2026-07-16 20:00:00+00:00,short,0.00,0.00,2.531,3.9428,1.558,sat,3.47,tp1:0.00x31567.761762|tp2:0.00x15783.880881|trail:0.00x15783.880881
A3:XRPUSDT,2026-07-13 04:00:00+00:00,2026-07-14 16:00:00+00:00,short,1.07,1.10,2.409,-1.6021,-0.665,sat,3.08,avortee:1.10x47.017502
A3:TRXUSDT,2026-07-13 12:00:00+00:00,2026-07-15 08:00:00+00:00,short,0.33,0.33,2.749,-0.3936,-0.143,sat,3.08,avortee:0.33x368.351099
A4:FETUSDT,2026-07-15 04:00:00+00:00,2026-07-17 19:00:00+00:00,short,0.16,0.16,2.548,1.1319,0.444,sat,3.19,tp1:0.16x385.468444|stop:0.16x385.468444
A4:APTUSDT,2026-07-15 08:00:00+00:00,2026-07-15 13:00:00+00:00,short,0.61,0.63,2.824,-2.9366,-1.040,sat,3.19,stop:0.63x163.979960
A4:HBARUSDT,2026-07-16 04:00:00+00:00,2026-07-21 07:00:00+00:00,short,0.07,0.07,2.362,1.0515,0.445,sat,3.10,tp1:0.07x1033.406953|stop:0.07x1033.406953
A1:BTCUSDT,2026-07-29 13:00:00+00:00,2026-07-30 01:00:00+00:00,short,64235.35,63888.25,2.145,0.9195,0.429,main,2.64,tp1:63528.30x0.001517|stop:64248.20x0.001517
A4:ETCUSDT,2026-07-31 00:00:00+00:00,2026-08-19 16:00:00+00:00,short,6.76,6.55,2.857,7.7738,2.721,sat,2.62,tp1:6.69x18.265849|tp2:6.57x9.132924|flipST:6.26x9.132924
A4:SUIUSDT,2026-07-31 00:00:00+00:00,2026-08-02 04:00:00+00:00,short,0.69,0.68,2.634,1.2384,0.470,sat,2.62,tp1:0.67x72.316125|stop:0.69x72.316125
A4:DOTUSDT,2026-07-31 04:00:00+00:00,2026-07-31 17:00:00+00:00,short,0.77,0.76,2.690,1.2226,0.454,sat,2.58,tp1:0.75x100.525697|stop:0.77x100.525697
A4:GALAUSDT,2026-08-01 12:00:00+00:00,2026-08-02 22:00:00+00:00,short,0.00,0.00,2.685,1.2662,0.472,sat,2.80,tp1:0.00x27511.771216|stop:0.00x27511.771216
A3:LTCUSDT,2026-08-01 20:00:00+00:00,2026-08-02 20:00:00+00:00,short,43.97,45.02,2.576,-1.3542,-0.526,sat,2.80,avortee:45.02x1.244923
A1:BTCUSDT,2026-08-02 06:00:00+00:00,2026-08-02 18:00:00+00:00,short,63415.91,63208.88,2.194,0.8568,0.391,main,2.71,tp1:62989.16x0.002570|stop:63428.60x0.002570
A4:APTUSDT,2026-08-03 00:00:00+00:00,2026-08-03 18:00:00+00:00,short,0.56,0.57,2.802,-2.9632,-1.058,sat,2.71,stop:0.57x259.147994
A4:IMXUSDT,2026-08-03 04:00:00+00:00,2026-08-03 14:00:00+00:00,short,0.11,0.11,2.687,-2.7872,-1.037,sat,2.60,stop:0.11x835.586717
A4:FETUSDT,2026-08-03 04:00:00+00:00,2026-08-03 19:00:00+00:00,short,0.14,0.14,2.573,-2.7188,-1.057,sat,2.60,stop:0.14x773.075046
A4:ATOMUSDT,2026-08-03 04:00:00+00:00,2026-08-03 09:00:00+00:00,short,1.26,1.28,2.440,-2.6094,-1.069,sat,2.60,stop:1.28x117.836640
A1:BTCUSDT,2026-08-03 16:00:00+00:00,2026-08-04 04:00:00+00:00,short,63646.77,64196.70,2.203,-2.4834,-1.127,main,2.60,stop:64196.70x0.004101
A4:GALAUSDT,2026-08-04 08:00:00+00:00,2026-08-04 20:00:00+00:00,short,0.00,0.00,2.733,1.2080,0.442,sat,2.61,tp1:0.00x49234.944807|stop:0.00x49234.944807
A4:SEIUSDT,2026-08-04 12:00:00+00:00,2026-08-04 17:00:00+00:00,short,0.04,0.04,2.793,1.1959,0.428,sat,2.61,tp1:0.04x2610.314716|stop:0.04x2610.314716
A3:SUIUSDT,2026-08-06 12:00:00+00:00,2026-08-08 04:00:00+00:00,short,0.68,0.68,2.513,-0.4338,-0.173,sat,2.47,avortee:0.68x94.517958
A3:BTCUSDT,2026-08-10 20:00:00+00:00,2026-08-17 04:00:00+00:00,short,64004.40,63422.38,3.322,1.1498,0.346,main,2.15,avortee:63422.38x0.001945
A3:ETCUSDT,2026-08-11 16:00:00+00:00,2026-08-12 12:00:00+00:00,short,6.30,6.46,2.523,-1.3343,-0.529,sat,2.20,avortee:6.46x8.078500
A3:ETHUSDT,2026-08-11 16:00:00+00:00,2026-08-12 12:00:00+00:00,short,1861.64,1915.25,2.792,-1.8538,-0.664,main,2.20,avortee:1915.25x0.033712
A3:SUIUSDT,2026-08-11 16:00:00+00:00,2026-08-12 00:00:00+00:00,short,0.68,0.69,2.499,-1.2994,-0.520,sat,2.20,avortee:0.69x74.582543
A4:DOTUSDT,2026-08-15 20:00:00+00:00,2026-08-19 10:00:00+00:00,short,0.77,0.75,2.712,2.9699,1.095,sat,2.14,tp1:0.75x74.118089|tp2:0.72x37.059044|trail:0.77x37.059044
A4:LTCUSDT,2026-08-17 00:00:00+00:00,2026-08-19 08:00:00+00:00,short,44.11,44.96,2.866,-3.0152,-1.052,sat,2.02,stop:44.96x3.429896
A3:1000FLOKIUSDT,2026-08-17 00:00:00+00:00,2026-08-19 14:00:00+00:00,short,0.02,0.02,2.480,-2.6144,-1.054,sat,2.02,stop:0.02x3413.039175
A3:BTCUSDT,2026-08-17 16:00:00+00:00,2026-08-26 16:00:00+00:00,long,64182.63,69785.02,3.348,9.6142,2.872,main,1.96,tp1:66099.76x0.000873|tp2:68975.46x0.000437|avortee:77965.10x0.000437
A4:XRPUSDT,2026-08-17 20:00:00+00:00,2026-08-18 11:00:00+00:00,short,1.00,0.99,2.558,1.0808,0.422,sat,1.96,tp1:0.99x111.918065|stop:1.00x111.918065
A4:HBARUSDT,2026-08-18 00:00:00+00:00,2026-08-18 06:00:00+00:00,short,0.07,0.07,2.372,0.9797,0.413,sat,1.96,tp1:0.07x1809.292303|stop:0.07x1809.292303
A3:LTCUSDT,2026-08-19 12:00:00+00:00,2026-08-25 12:00:00+00:00,long,44.82,47.70,2.551,6.1416,2.408,sat,1.95,tp1:45.99x1.088029|tp2:47.75x0.544015|avortee:51.06x0.544015
A1:BTCUSDT,2026-08-29 15:00:00+00:00,2026-09-01 18:00:00+00:00,long,77994.80,76568.80,2.112,-2.3384,-1.107,main,3.18,stop:76568.80x0.001497
A1:ETHUSDT,2026-08-29 15:00:00+00:00,2026-08-30 23:00:00+00:00,long,2447.84,2473.83,1.940,0.8768,0.452,main,3.18,tp1:2500.31x0.018484|stop:2447.35x0.018484
A4:VETUSDT,2026-09-02 12:00:00+00:00,2026-09-03 01:00:00+00:00,long,0.01,0.01,2.863,-3.0257,-1.057,sat,3.07,stop:0.01x19215.897679
A4:VETUSDT,2026-09-03 04:00:00+00:00,2026-09-04 14:00:00+00:00,long,0.01,0.01,2.786,1.2595,0.452,sat,3.00,tp1:0.01x9297.889192|stop:0.01x9297.889192
A3:TRXUSDT,2026-09-08 08:00:00+00:00,2026-09-11 12:00:00+00:00,long,0.34,0.34,2.738,-0.6652,-0.243,sat,2.92,avortee:0.34x339.418199
A1:BTCUSDT,2026-09-09 12:00:00+00:00,2026-09-10 12:00:00+00:00,long,79297.46,77313.03,2.046,-2.1489,-1.050,main,2.91,stop:77313.03x0.001039
A4:ETHUSDT,2026-09-14 04:00:00+00:00,2026-09-14 23:00:00+00:00,long,2512.49,2542.64,2.028,0.9316,0.459,main,2.79,tp1:2573.30x0.016674|stop:2511.99x0.016674
A1:ETHUSDT,2026-09-14 15:00:00+00:00,2026-09-15 03:00:00+00:00,long,2500.87,2524.81,1.963,0.8893,0.453,main,2.79,tp1:2549.25x0.020287|stop:2500.37x0.020287
A1:BTCUSDT,2026-09-24 08:00:00+00:00,2026-09-24 09:00:00+00:00,long,84484.89,83141.39,2.002,-2.1407,-1.069,main,3.04,stop:83141.39x0.001509
A1:ETHUSDT,2026-09-24 16:00:00+00:00,2026-09-29 15:00:00+00:00,long,2682.79,2715.50,1.982,0.8605,0.434,main,3.04,tp1:2748.75x0.015020|stop:2682.25x0.015020
A3:TRXUSDT,2026-09-30 08:00:00+00:00,2026-09-30 23:00:00+00:00,long,0.34,0.34,2.722,-0.5219,-0.192,sat,2.70,fin:0.34x347.237243
