timestamp,strategy_id,event_type,mode,symbols,allowed_entry_utc_hours,persist_allowed,health_status,rows_inserted,deduped_rows,would_insert_rows,closed_in_session,realized_pnl_session,session_win_rate,active_positions_count,active_unrealized_pnl_usd,new_trades_replayed_total,ledger_total_entries,ledger_total_exits,ledger_win_rate,ledger_profit_factor,ledger_net_pnl_usd,ledger_max_drawdown_usd,failed_symbols_count
2026-05-26T14:44:19.840944+00:00,baseline,forward_optimized_long_ms_baseline,dry_run,"INJUSDT,NEARUSDT,TIAUSDT",,True,active,0,0,1,0,0.0,,2,6.834507,104,4,2,0.5,1.194326,0.932807,0.0,0
2026-05-26T14:44:20.454422+00:00,regime_filtered,forward_optimized_long_ms_regime_filtered,dry_run,"INJUSDT,NEARUSDT,TIAUSDT","0-12,14-18,21-23",True,active,0,0,0,0,0.0,,1,4.997273,200,3,2,0.5,1.194326,0.932807,0.0,0
2026-05-26T14:44:21.068399+00:00,utc_01_cluster,forward_optimized_long_ms_utc01,dry_run,"INJUSDT,NEARUSDT,TIAUSDT",1,True,active,0,0,0,0,0.0,,0,0,300,0,0,,,0.0,0.0,0
2026-05-26T14:46:38.588082+00:00,baseline,forward_optimized_long_ms_baseline,persist,"INJUSDT,NEARUSDT,TIAUSDT",,True,active,1,0,0,0,0.0,,2,7.067806,510,4,2,0.5,1.194326,0.932807,0.0,0
2026-05-26T14:46:39.219319+00:00,regime_filtered,forward_optimized_long_ms_regime_filtered,persist,"INJUSDT,NEARUSDT,TIAUSDT","0-12,14-18,21-23",True,active,0,0,0,0,0.0,,1,4.997273,807,3,2,0.5,1.194326,0.932807,0.0,0
2026-05-26T14:46:39.879719+00:00,utc_01_cluster,forward_optimized_long_ms_utc01,persist,"INJUSDT,NEARUSDT,TIAUSDT",1,True,active,0,0,0,0,0.0,,0,0,2399,0,0,,,0.0,0.0,0
2026-05-26T14:48:02.959224+00:00,baseline,forward_optimized_long_ms_baseline,persist,"INJUSDT,NEARUSDT,TIAUSDT",,True,active,0,0,0,0,0.0,,2,7.067806,498,4,2,0.5,1.194326,0.932807,0.0,0
2026-05-26T14:48:03.588153+00:00,regime_filtered,forward_optimized_long_ms_regime_filtered,persist,"INJUSDT,NEARUSDT,TIAUSDT","0-12,14-18,21-23",True,active,0,0,0,0,0.0,,1,4.997273,807,3,2,0.5,1.194326,0.932807,0.0,0
2026-05-26T14:48:04.246234+00:00,utc_01_cluster,forward_optimized_long_ms_utc01,persist,"INJUSDT,NEARUSDT,TIAUSDT",1,True,active,0,0,0,0,0.0,,0,0,2399,0,0,,,0.0,0.0,0
2026-05-26T14:53:06.168194+00:00,baseline,forward_optimized_long_ms_baseline,persist,"INJUSDT,NEARUSDT,TIAUSDT",,True,active,2,0,0,0,0.0,,2,8.772146,509,4,2,0.5,1.194326,0.932807,0.0,0
2026-05-26T14:53:06.801324+00:00,regime_filtered,forward_optimized_long_ms_regime_filtered,persist,"INJUSDT,NEARUSDT,TIAUSDT","0-12,14-18,21-23",True,active,1,0,0,0,0.0,,1,6.205852,818,3,2,0.5,1.194326,0.932807,0.0,0
2026-05-26T14:53:07.462355+00:00,utc_01_cluster,forward_optimized_long_ms_utc01,persist,"INJUSDT,NEARUSDT,TIAUSDT",1,True,active,0,0,0,0,0.0,,0,0,2399,0,0,,,0.0,0.0,0
2026-05-26T16:53:50.064459+00:00,baseline,forward_optimized_long_ms_baseline,persist,"INJUSDT,NEARUSDT,TIAUSDT",,True,active,2,0,0,1,3.191041,1.0,1,-0.699898,737,4,3,0.666667,1.859097,4.123848,0.0,0
2026-05-26T16:53:50.702376+00:00,regime_filtered,forward_optimized_long_ms_regime_filtered,persist,"INJUSDT,NEARUSDT,TIAUSDT","0-12,14-18,21-23",True,active,1,0,0,1,3.191041,1.0,0,0,1053,3,3,0.666667,1.859097,4.123848,0.0,0
2026-05-26T16:53:51.390816+00:00,utc_01_cluster,forward_optimized_long_ms_utc01,persist,"INJUSDT,NEARUSDT,TIAUSDT",1,True,active,0,0,0,0,0.0,,0,0,2399,0,0,,,0.0,0.0,0
2026-05-26T16:58:53.174200+00:00,baseline,forward_optimized_long_ms_baseline,persist,"INJUSDT,NEARUSDT,TIAUSDT",,True,active,0,0,0,0,0.0,,1,-0.699898,594,4,3,0.666667,1.859097,4.123848,0.0,0
2026-05-26T16:58:53.807819+00:00,regime_filtered,forward_optimized_long_ms_regime_filtered,persist,"INJUSDT,NEARUSDT,TIAUSDT","0-12,14-18,21-23",True,active,0,0,0,0,0.0,,0,0,1038,3,3,0.666667,1.859097,4.123848,0.0,0
2026-05-26T16:58:54.465013+00:00,utc_01_cluster,forward_optimized_long_ms_utc01,persist,"INJUSDT,NEARUSDT,TIAUSDT",1,True,active,0,0,0,0,0.0,,0,0,2399,0,0,,,0.0,0.0,0
2026-05-26T17:03:56.427389+00:00,baseline,forward_optimized_long_ms_baseline,persist,"INJUSDT,NEARUSDT,TIAUSDT",,True,active,1,0,0,0,0.0,,1,-0.787386,602,4,3,0.666667,1.859097,4.123848,0.0,0
2026-05-26T17:03:57.068655+00:00,regime_filtered,forward_optimized_long_ms_regime_filtered,persist,"INJUSDT,NEARUSDT,TIAUSDT","0-12,14-18,21-23",True,active,0,0,0,0,0.0,,0,0,1046,3,3,0.666667,1.859097,4.123848,0.0,0
2026-05-26T17:03:57.728686+00:00,utc_01_cluster,forward_optimized_long_ms_utc01,persist,"INJUSDT,NEARUSDT,TIAUSDT",1,True,active,0,0,0,0,0.0,,0,0,2399,0,0,,,0.0,0.0,0
2026-05-26T17:08:59.689410+00:00,baseline,forward_optimized_long_ms_baseline,persist,"INJUSDT,NEARUSDT,TIAUSDT",,True,active,1,0,0,0,0.0,,1,-0.845711,607,4,3,0.666667,1.859097,4.123848,0.0,0
2026-05-26T17:09:00.328190+00:00,regime_filtered,forward_optimized_long_ms_regime_filtered,persist,"INJUSDT,NEARUSDT,TIAUSDT","0-12,14-18,21-23",True,active,0,0,0,0,0.0,,0,0,1052,3,3,0.666667,1.859097,4.123848,0.0,0
2026-05-26T17:09:00.994682+00:00,utc_01_cluster,forward_optimized_long_ms_utc01,persist,"INJUSDT,NEARUSDT,TIAUSDT",1,True,active,0,0,0,0,0.0,,0,0,2399,0,0,,,0.0,0.0,0
2026-05-26T17:14:02.536024+00:00,baseline,forward_optimized_long_ms_baseline,persist,"INJUSDT,NEARUSDT,TIAUSDT",,True,active,0,0,0,0,0.0,,1,-0.845711,602,4,3,0.666667,1.859097,4.123848,0.0,0
2026-05-26T17:14:03.169431+00:00,regime_filtered,forward_optimized_long_ms_regime_filtered,persist,"INJUSDT,NEARUSDT,TIAUSDT","0-12,14-18,21-23",True,active,0,0,0,0,0.0,,0,0,1053,3,3,0.666667,1.859097,4.123848,0.0,0
2026-05-26T17:14:03.825795+00:00,utc_01_cluster,forward_optimized_long_ms_utc01,persist,"INJUSDT,NEARUSDT,TIAUSDT",1,True,active,0,0,0,0,0.0,,0,0,2399,0,0,,,0.0,0.0,0
2026-05-26T17:19:05.895239+00:00,baseline,forward_optimized_long_ms_baseline,persist,"INJUSDT,NEARUSDT,TIAUSDT",,True,active,1,0,0,0,0.0,,1,-1.458122,614,4,3,0.666667,1.859097,4.123848,0.0,0
2026-05-26T17:19:06.533519+00:00,regime_filtered,forward_optimized_long_ms_regime_filtered,persist,"INJUSDT,NEARUSDT,TIAUSDT","0-12,14-18,21-23",True,active,0,0,0,0,0.0,,0,0,1065,3,3,0.666667,1.859097,4.123848,0.0,0
2026-05-26T17:19:07.193804+00:00,utc_01_cluster,forward_optimized_long_ms_utc01,persist,"INJUSDT,NEARUSDT,TIAUSDT",1,True,active,0,0,0,0,0.0,,0,0,2399,0,0,,,0.0,0.0,0
2026-05-26T17:24:08.905978+00:00,baseline,forward_optimized_long_ms_baseline,persist,"INJUSDT,NEARUSDT,TIAUSDT",,True,active,1,0,0,0,0.0,,1,-2.27467,631,4,3,0.666667,1.859097,4.123848,0.0,0
2026-05-26T17:24:09.551434+00:00,regime_filtered,forward_optimized_long_ms_regime_filtered,persist,"INJUSDT,NEARUSDT,TIAUSDT","0-12,14-18,21-23",True,active,0,0,0,0,0.0,,0,0,1093,3,3,0.666667,1.859097,4.123848,0.0,0
2026-05-26T17:24:10.251219+00:00,utc_01_cluster,forward_optimized_long_ms_utc01,persist,"INJUSDT,NEARUSDT,TIAUSDT",1,True,active,0,0,0,0,0.0,,0,0,2399,0,0,,,0.0,0.0,0
2026-05-26T17:29:12.033952+00:00,baseline,forward_optimized_long_ms_baseline,persist,"INJUSDT,NEARUSDT,TIAUSDT",,True,active,1,0,0,0,0.0,,1,-2.041371,629,4,3,0.666667,1.859097,4.123848,0.0,0
2026-05-26T17:29:12.676383+00:00,regime_filtered,forward_optimized_long_ms_regime_filtered,persist,"INJUSDT,NEARUSDT,TIAUSDT","0-12,14-18,21-23",True,active,0,0,0,0,0.0,,0,0,1101,3,3,0.666667,1.859097,4.123848,0.0,0
2026-05-26T17:29:13.347214+00:00,utc_01_cluster,forward_optimized_long_ms_utc01,persist,"INJUSDT,NEARUSDT,TIAUSDT",1,True,active,0,0,0,0,0.0,,0,0,2399,0,0,,,0.0,0.0,0
2026-05-26T17:34:15.367591+00:00,baseline,forward_optimized_long_ms_baseline,persist,"INJUSDT,NEARUSDT,TIAUSDT",,True,active,1,0,0,0,0.0,,1,-2.099695,630,4,3,0.666667,1.859097,4.123848,0.0,0
2026-05-26T17:34:16.004322+00:00,regime_filtered,forward_optimized_long_ms_regime_filtered,persist,"INJUSDT,NEARUSDT,TIAUSDT","0-12,14-18,21-23",True,active,0,0,0,0,0.0,,0,0,1106,3,3,0.666667,1.859097,4.123848,0.0,0
2026-05-26T17:34:16.666912+00:00,utc_01_cluster,forward_optimized_long_ms_utc01,persist,"INJUSDT,NEARUSDT,TIAUSDT",1,True,active,0,0,0,0,0.0,,0,0,2399,0,0,,,0.0,0.0,0
2026-05-26T17:39:18.227407+00:00,baseline,forward_optimized_long_ms_baseline,persist,"INJUSDT,NEARUSDT,TIAUSDT",,True,active,1,0,0,0,0.0,,1,-1.953883,632,4,3,0.666667,1.859097,4.123848,0.0,0
2026-05-26T17:39:18.866968+00:00,regime_filtered,forward_optimized_long_ms_regime_filtered,persist,"INJUSDT,NEARUSDT,TIAUSDT","0-12,14-18,21-23",True,active,0,0,0,0,0.0,,0,0,1110,3,3,0.666667,1.859097,4.123848,0.0,0
2026-05-26T17:39:19.533199+00:00,utc_01_cluster,forward_optimized_long_ms_utc01,persist,"INJUSDT,NEARUSDT,TIAUSDT",1,True,active,0,0,0,0,0.0,,0,0,2399,0,0,,,0.0,0.0,0
2026-05-26T17:44:21.135553+00:00,baseline,forward_optimized_long_ms_baseline,persist,"INJUSDT,NEARUSDT,TIAUSDT",,True,active,1,0,0,0,0.0,,1,-2.012208,642,4,3,0.666667,1.859097,4.123848,0.0,0
2026-05-26T17:44:21.781101+00:00,regime_filtered,forward_optimized_long_ms_regime_filtered,persist,"INJUSDT,NEARUSDT,TIAUSDT","0-12,14-18,21-23",True,active,0,0,0,0,0.0,,0,0,1124,3,3,0.666667,1.859097,4.123848,0.0,0
2026-05-26T17:44:22.451840+00:00,utc_01_cluster,forward_optimized_long_ms_utc01,persist,"INJUSDT,NEARUSDT,TIAUSDT",1,True,active,0,0,0,0,0.0,,0,0,2399,0,0,,,0.0,0.0,0
2026-05-26T17:49:24.374269+00:00,baseline,forward_optimized_long_ms_baseline,persist,"INJUSDT,NEARUSDT,TIAUSDT",,True,active,1,0,0,0,0.0,,1,-1.662259,640,4,3,0.666667,1.859097,4.123848,0.0,0
2026-05-26T17:49:25.016786+00:00,regime_filtered,forward_optimized_long_ms_regime_filtered,persist,"INJUSDT,NEARUSDT,TIAUSDT","0-12,14-18,21-23",True,active,0,0,0,0,0.0,,0,0,1127,3,3,0.666667,1.859097,4.123848,0.0,0
2026-05-26T17:49:25.679662+00:00,utc_01_cluster,forward_optimized_long_ms_utc01,persist,"INJUSDT,NEARUSDT,TIAUSDT",1,True,active,0,0,0,0,0.0,,0,0,2399,0,0,,,0.0,0.0,0
2026-05-26T17:54:27.224792+00:00,baseline,forward_optimized_long_ms_baseline,persist,"INJUSDT,NEARUSDT,TIAUSDT",,True,active,1,0,0,0,0.0,,1,-1.808071,645,4,3,0.666667,1.859097,4.123848,0.0,0
2026-05-26T17:54:27.863104+00:00,regime_filtered,forward_optimized_long_ms_regime_filtered,persist,"INJUSDT,NEARUSDT,TIAUSDT","0-12,14-18,21-23",True,active,0,0,0,0,0.0,,0,0,1133,3,3,0.666667,1.859097,4.123848,0.0,0
2026-05-26T17:54:28.556634+00:00,utc_01_cluster,forward_optimized_long_ms_utc01,persist,"INJUSDT,NEARUSDT,TIAUSDT",1,True,active,0,0,0,0,0.0,,0,0,2399,0,0,,,0.0,0.0,0
2026-05-26T17:59:30.340176+00:00,baseline,forward_optimized_long_ms_baseline,persist,"INJUSDT,NEARUSDT,TIAUSDT",,True,active,1,0,0,0,0.0,,1,-1.662259,646,4,3,0.666667,1.859097,4.123848,0.0,0
2026-05-26T17:59:30.981298+00:00,regime_filtered,forward_optimized_long_ms_regime_filtered,persist,"INJUSDT,NEARUSDT,TIAUSDT","0-12,14-18,21-23",True,active,0,0,0,0,0.0,,0,0,1137,3,3,0.666667,1.859097,4.123848,0.0,0
2026-05-26T17:59:31.649686+00:00,utc_01_cluster,forward_optimized_long_ms_utc01,persist,"INJUSDT,NEARUSDT,TIAUSDT",1,True,active,0,0,0,0,0.0,,0,0,2399,0,0,,,0.0,0.0,0
2026-05-26T18:04:34.246872+00:00,baseline,forward_optimized_long_ms_baseline,persist,"INJUSDT,NEARUSDT,TIAUSDT",,True,active,1,0,0,0,0.0,,1,-1.778909,698,4,3,0.666667,1.859097,4.123848,0.0,0
2026-05-26T18:04:34.897605+00:00,regime_filtered,forward_optimized_long_ms_regime_filtered,persist,"INJUSDT,NEARUSDT,TIAUSDT","0-12,14-18,21-23",True,active,2,0,0,0,0.0,,1,-0.027591,1192,4,3,0.666667,1.859097,4.123848,0.0,0
2026-05-26T18:04:35.560730+00:00,utc_01_cluster,forward_optimized_long_ms_utc01,persist,"INJUSDT,NEARUSDT,TIAUSDT",1,True,active,0,0,0,0,0.0,,0,0,2398,0,0,,,0.0,0.0,0
2026-05-26T18:09:37.100664+00:00,baseline,forward_optimized_long_ms_baseline,persist,"INJUSDT,NEARUSDT,TIAUSDT",,True,active,1,0,0,0,0.0,,1,-1.924721,653,4,3,0.666667,1.859097,4.123848,0.0,0
2026-05-26T18:09:37.731063+00:00,regime_filtered,forward_optimized_long_ms_regime_filtered,persist,"INJUSDT,NEARUSDT,TIAUSDT","0-12,14-18,21-23",True,active,1,0,0,0,0.0,,1,-0.165545,653,4,3,0.666667,1.859097,4.123848,0.0,0
2026-05-26T18:09:38.409991+00:00,utc_01_cluster,forward_optimized_long_ms_utc01,persist,"INJUSDT,NEARUSDT,TIAUSDT",1,True,active,0,0,0,0,0.0,,0,0,2398,0,0,,,0.0,0.0,0
2026-05-26T18:14:40.373515+00:00,baseline,forward_optimized_long_ms_baseline,persist,"INJUSDT,NEARUSDT,TIAUSDT",,True,active,1,0,0,0,0.0,,1,-2.682944,658,4,3,0.666667,1.859097,4.123848,0.0,0
2026-05-26T18:14:41.012970+00:00,regime_filtered,forward_optimized_long_ms_regime_filtered,persist,"INJUSDT,NEARUSDT,TIAUSDT","0-12,14-18,21-23",True,active,1,0,0,0,0.0,,1,-0.882906,658,4,3,0.666667,1.859097,4.123848,0.0,0
2026-05-26T18:14:41.709417+00:00,utc_01_cluster,forward_optimized_long_ms_utc01,persist,"INJUSDT,NEARUSDT,TIAUSDT",1,True,active,0,0,0,0,0.0,,0,0,2398,0,0,,,0.0,0.0,0
2026-05-26T18:19:43.737260+00:00,baseline,forward_optimized_long_ms_baseline,persist,"INJUSDT,NEARUSDT,TIAUSDT",,True,active,1,0,0,0,0.0,,1,-2.128858,654,4,3,0.666667,1.859097,4.123848,0.0,0
2026-05-26T18:19:44.368806+00:00,regime_filtered,forward_optimized_long_ms_regime_filtered,persist,"INJUSDT,NEARUSDT,TIAUSDT","0-12,14-18,21-23",True,active,1,0,0,0,0.0,,1,-0.358681,654,4,3,0.666667,1.859097,4.123848,0.0,0
2026-05-26T18:19:45.032879+00:00,utc_01_cluster,forward_optimized_long_ms_utc01,persist,"INJUSDT,NEARUSDT,TIAUSDT",1,True,active,0,0,0,0,0.0,,0,0,2398,0,0,,,0.0,0.0,0
2026-05-26T18:24:46.550111+00:00,baseline,forward_optimized_long_ms_baseline,persist,"INJUSDT,NEARUSDT,TIAUSDT",,True,active,0,0,0,0,0.0,,1,-2.128858,653,4,3,0.666667,1.859097,4.123848,0.0,0
2026-05-26T18:24:47.178870+00:00,regime_filtered,forward_optimized_long_ms_regime_filtered,persist,"INJUSDT,NEARUSDT,TIAUSDT","0-12,14-18,21-23",True,active,0,0,0,0,0.0,,1,-0.358681,653,4,3,0.666667,1.859097,4.123848,0.0,0
2026-05-26T18:24:47.840960+00:00,utc_01_cluster,forward_optimized_long_ms_utc01,persist,"INJUSDT,NEARUSDT,TIAUSDT",1,True,active,0,0,0,0,0.0,,0,0,2398,0,0,,,0.0,0.0,0
2026-05-26T18:29:50.203428+00:00,baseline,forward_optimized_long_ms_baseline,persist,"INJUSDT,NEARUSDT,TIAUSDT",,True,active,1,0,0,0,0.0,,1,-3.178706,669,4,3,0.666667,1.859097,4.123848,0.0,0
2026-05-26T18:29:50.852059+00:00,regime_filtered,forward_optimized_long_ms_regime_filtered,persist,"INJUSDT,NEARUSDT,TIAUSDT","0-12,14-18,21-23",True,active,1,0,0,0,0.0,,1,-1.35195,669,4,3,0.666667,1.859097,4.123848,0.0,0
2026-05-26T18:29:51.520408+00:00,utc_01_cluster,forward_optimized_long_ms_utc01,persist,"INJUSDT,NEARUSDT,TIAUSDT",1,True,active,0,0,0,0,0.0,,0,0,2398,0,0,,,0.0,0.0,0
2026-05-26T18:34:53.040280+00:00,baseline,forward_optimized_long_ms_baseline,persist,"INJUSDT,NEARUSDT,TIAUSDT",,True,active,1,0,0,0,0.0,,1,-3.091218,658,4,3,0.666667,1.859097,4.123848,0.0,0
2026-05-26T18:34:53.673102+00:00,regime_filtered,forward_optimized_long_ms_regime_filtered,persist,"INJUSDT,NEARUSDT,TIAUSDT","0-12,14-18,21-23",True,active,1,0,0,0,0.0,,1,-1.269177,658,4,3,0.666667,1.859097,4.123848,0.0,0
2026-05-26T18:34:54.346243+00:00,utc_01_cluster,forward_optimized_long_ms_utc01,persist,"INJUSDT,NEARUSDT,TIAUSDT",1,True,active,0,0,0,0,0.0,,0,0,2398,0,0,,,0.0,0.0,0
2026-05-26T18:39:55.897758+00:00,baseline,forward_optimized_long_ms_baseline,persist,"INJUSDT,NEARUSDT,TIAUSDT",,True,active,1,0,0,1,-4.969652,0.0,0,0,708,4,4,0.5,0.913427,-0.845804,0.0,0
2026-05-26T18:39:56.537759+00:00,regime_filtered,forward_optimized_long_ms_regime_filtered,persist,"INJUSDT,NEARUSDT,TIAUSDT","0-12,14-18,21-23",True,active,1,0,0,0,0.0,,1,-2.73149,708,4,3,0.666667,1.859097,4.123848,0.0,0
2026-05-26T18:39:57.266296+00:00,utc_01_cluster,forward_optimized_long_ms_utc01,persist,"INJUSDT,NEARUSDT,TIAUSDT",1,True,active,0,0,0,0,0.0,,0,0,2398,0,0,,,0.0,0.0,0
2026-05-26T18:44:59.003175+00:00,baseline,forward_optimized_long_ms_baseline,persist,"INJUSDT,NEARUSDT,TIAUSDT",,True,active,0,0,0,0,0.0,,0,0,669,4,4,0.5,0.913427,-0.845804,0.0,0
2026-05-26T18:44:59.634770+00:00,regime_filtered,forward_optimized_long_ms_regime_filtered,persist,"INJUSDT,NEARUSDT,TIAUSDT","0-12,14-18,21-23",True,active,1,0,0,0,0.0,,1,-2.483173,663,4,3,0.666667,1.859097,4.123848,0.0,0
2026-05-26T18:45:00.302620+00:00,utc_01_cluster,forward_optimized_long_ms_utc01,persist,"INJUSDT,NEARUSDT,TIAUSDT",1,True,active,0,0,0,0,0.0,,0,0,2398,0,0,,,0.0,0.0,0
2026-05-26T18:50:01.798764+00:00,baseline,forward_optimized_long_ms_baseline,persist,"INJUSDT,NEARUSDT,TIAUSDT",,True,active,0,0,0,0,0.0,,0,0,671,4,4,0.5,0.913427,-0.845804,0.0,0
2026-05-26T18:50:02.429250+00:00,regime_filtered,forward_optimized_long_ms_regime_filtered,persist,"INJUSDT,NEARUSDT,TIAUSDT","0-12,14-18,21-23",True,active,1,0,0,0,0.0,,1,-2.4004,661,4,3,0.666667,1.859097,4.123848,0.0,0
2026-05-26T18:50:03.092511+00:00,utc_01_cluster,forward_optimized_long_ms_utc01,persist,"INJUSDT,NEARUSDT,TIAUSDT",1,True,active,0,0,0,0,0.0,,0,0,2398,0,0,,,0.0,0.0,0
2026-05-26T18:55:04.814374+00:00,baseline,forward_optimized_long_ms_baseline,persist,"INJUSDT,NEARUSDT,TIAUSDT",,True,active,0,0,0,0,0.0,,0,0,674,4,4,0.5,0.913427,-0.845804,0.0,0
2026-05-26T18:55:05.449393+00:00,regime_filtered,forward_optimized_long_ms_regime_filtered,persist,"INJUSDT,NEARUSDT,TIAUSDT","0-12,14-18,21-23",True,active,1,0,0,0,0.0,,1,-1.876175,663,4,3,0.666667,1.859097,4.123848,0.0,0
2026-05-26T18:55:06.114985+00:00,utc_01_cluster,forward_optimized_long_ms_utc01,persist,"INJUSDT,NEARUSDT,TIAUSDT",1,True,active,0,0,0,0,0.0,,0,0,2398,0,0,,,0.0,0.0,0
2026-05-26T19:00:07.774344+00:00,baseline,forward_optimized_long_ms_baseline,persist,"INJUSDT,NEARUSDT,TIAUSDT",,True,active,0,0,0,0,0.0,,0,0,677,4,4,0.5,0.913427,-0.845804,0.0,0
2026-05-26T19:00:08.412910+00:00,regime_filtered,forward_optimized_long_ms_regime_filtered,persist,"INJUSDT,NEARUSDT,TIAUSDT","0-12,14-18,21-23",True,active,1,0,0,0,0.0,,1,-2.014129,663,4,3,0.666667,1.859097,4.123848,0.0,0
2026-05-26T19:00:09.080573+00:00,utc_01_cluster,forward_optimized_long_ms_utc01,persist,"INJUSDT,NEARUSDT,TIAUSDT",1,True,active,0,0,0,0,0.0,,0,0,2398,0,0,,,0.0,0.0,0
2026-05-26T19:05:10.654428+00:00,baseline,forward_optimized_long_ms_baseline,persist,"INJUSDT,NEARUSDT,TIAUSDT",,True,active,0,0,0,0,0.0,,0,0,681,4,4,0.5,0.913427,-0.845804,0.0,0
2026-05-26T19:05:11.286625+00:00,regime_filtered,forward_optimized_long_ms_regime_filtered,persist,"INJUSDT,NEARUSDT,TIAUSDT","0-12,14-18,21-23",True,active,1,0,0,0,0.0,,1,-2.069311,664,4,3,0.666667,1.859097,4.123848,0.0,0
2026-05-26T19:05:11.949918+00:00,utc_01_cluster,forward_optimized_long_ms_utc01,persist,"INJUSDT,NEARUSDT,TIAUSDT",1,True,active,0,0,0,0,0.0,,0,0,2398,0,0,,,0.0,0.0,0
2026-05-26T19:07:28.262061+00:00,baseline,forward_optimized_long_ms_baseline,persist,"INJUSDT,NEARUSDT,TIAUSDT",,True,active,0,0,0,0,0.0,,0,0,681,4,4,0.5,0.913427,-0.845804,0.0,0
2026-05-26T19:07:28.892644+00:00,regime_filtered,forward_optimized_long_ms_regime_filtered,persist,"INJUSDT,NEARUSDT,TIAUSDT","0-12,14-18,21-23",True,active,0,0,0,0,0.0,,1,-2.069311,660,4,3,0.666667,1.859097,4.123848,0.0,0
2026-05-26T19:07:29.558604+00:00,utc_01_cluster,forward_optimized_long_ms_utc01,persist,"INJUSDT,NEARUSDT,TIAUSDT",1,True,active,0,0,0,0,0.0,,0,0,2398,0,0,,,0.0,0.0,0
2026-05-26T19:12:31.535032+00:00,baseline,forward_optimized_long_ms_baseline,persist,"INJUSDT,NEARUSDT,TIAUSDT",,True,active,0,0,0,0,0.0,,0,0,682,4,4,0.5,0.913427,-0.845804,0.0,0
2026-05-26T19:12:32.173770+00:00,regime_filtered,forward_optimized_long_ms_regime_filtered,persist,"INJUSDT,NEARUSDT,TIAUSDT","0-12,14-18,21-23",True,active,0,0,0,0,0.0,,1,-2.069311,661,4,3,0.666667,1.859097,4.123848,0.0,0
2026-05-26T19:12:32.859397+00:00,utc_01_cluster,forward_optimized_long_ms_utc01,persist,"INJUSDT,NEARUSDT,TIAUSDT",1,True,active,0,0,0,0,0.0,,0,0,2398,0,0,,,0.0,0.0,0
2026-05-26T19:17:34.581247+00:00,baseline,forward_optimized_long_ms_baseline,persist,"INJUSDT,NEARUSDT,TIAUSDT",,True,active,0,0,0,0,0.0,,0,0,688,4,4,0.5,0.913427,-0.845804,0.0,0
2026-05-26T19:17:35.221205+00:00,regime_filtered,forward_optimized_long_ms_regime_filtered,persist,"INJUSDT,NEARUSDT,TIAUSDT","0-12,14-18,21-23",True,active,1,0,0,0,0.0,,1,-2.648718,667,4,3,0.666667,1.859097,4.123848,0.0,0
2026-05-26T19:17:35.904578+00:00,utc_01_cluster,forward_optimized_long_ms_utc01,persist,"INJUSDT,NEARUSDT,TIAUSDT",1,True,active,0,0,0,0,0.0,,0,0,2398,0,0,,,0.0,0.0,0
2026-05-26T19:22:37.419714+00:00,baseline,forward_optimized_long_ms_baseline,persist,"INJUSDT,NEARUSDT,TIAUSDT",,True,active,0,0,0,0,0.0,,0,0,689,4,4,0.5,0.913427,-0.845804,0.0,0
2026-05-26T19:22:38.051828+00:00,regime_filtered,forward_optimized_long_ms_regime_filtered,persist,"INJUSDT,NEARUSDT,TIAUSDT","0-12,14-18,21-23",True,active,1,0,0,0,0.0,,1,-2.262446,665,4,3,0.666667,1.859097,4.123848,0.0,0
2026-05-26T19:22:38.716118+00:00,utc_01_cluster,forward_optimized_long_ms_utc01,persist,"INJUSDT,NEARUSDT,TIAUSDT",1,True,active,0,0,0,0,0.0,,0,0,2398,0,0,,,0.0,0.0,0
2026-05-26T19:27:40.438976+00:00,baseline,forward_optimized_long_ms_baseline,persist,"INJUSDT,NEARUSDT,TIAUSDT",,True,active,0,0,0,0,0.0,,0,0,696,4,4,0.5,0.913427,-0.845804,0.0,0
2026-05-26T19:27:41.072832+00:00,regime_filtered,forward_optimized_long_ms_regime_filtered,persist,"INJUSDT,NEARUSDT,TIAUSDT","0-12,14-18,21-23",True,active,1,0,0,0,0.0,,1,-1.683039,671,4,3,0.666667,1.859097,4.123848,0.0,0
2026-05-26T19:27:41.736302+00:00,utc_01_cluster,forward_optimized_long_ms_utc01,persist,"INJUSDT,NEARUSDT,TIAUSDT",1,True,active,0,0,0,0,0.0,,0,0,2398,0,0,,,0.0,0.0,0
2026-05-26T19:32:43.266443+00:00,baseline,forward_optimized_long_ms_baseline,persist,"INJUSDT,NEARUSDT,TIAUSDT",,True,active,0,0,0,0,0.0,,0,0,699,4,4,0.5,0.913427,-0.845804,0.0,0
2026-05-26T19:32:43.907972+00:00,regime_filtered,forward_optimized_long_ms_regime_filtered,persist,"INJUSDT,NEARUSDT,TIAUSDT","0-12,14-18,21-23",True,active,1,0,0,0,0.0,,1,-1.572676,669,4,3,0.666667,1.859097,4.123848,0.0,0
2026-05-26T19:32:44.587597+00:00,utc_01_cluster,forward_optimized_long_ms_utc01,persist,"INJUSDT,NEARUSDT,TIAUSDT",1,True,active,0,0,0,0,0.0,,0,0,2398,0,0,,,0.0,0.0,0
2026-05-26T19:37:46.111959+00:00,baseline,forward_optimized_long_ms_baseline,persist,"INJUSDT,NEARUSDT,TIAUSDT",,True,active,0,0,0,0,0.0,,0,0,702,4,4,0.5,0.913427,-0.845804,0.0,0
2026-05-26T19:37:46.744615+00:00,regime_filtered,forward_optimized_long_ms_regime_filtered,persist,"INJUSDT,NEARUSDT,TIAUSDT","0-12,14-18,21-23",True,active,1,0,0,0,0.0,,1,-1.434722,670,4,3,0.666667,1.859097,4.123848,0.0,0
2026-05-26T19:37:47.407848+00:00,utc_01_cluster,forward_optimized_long_ms_utc01,persist,"INJUSDT,NEARUSDT,TIAUSDT",1,True,active,0,0,0,0,0.0,,0,0,2398,0,0,,,0.0,0.0,0
2026-05-26T19:42:48.912131+00:00,baseline,forward_optimized_long_ms_baseline,persist,"INJUSDT,NEARUSDT,TIAUSDT",,True,active,0,0,0,0,0.0,,0,0,702,4,4,0.5,0.913427,-0.845804,0.0,0
2026-05-26T19:42:49.543207+00:00,regime_filtered,forward_optimized_long_ms_regime_filtered,persist,"INJUSDT,NEARUSDT,TIAUSDT","0-12,14-18,21-23",True,active,0,0,0,0,0.0,,1,-1.434722,668,4,3,0.666667,1.859097,4.123848,0.0,0
2026-05-26T19:42:50.211032+00:00,utc_01_cluster,forward_optimized_long_ms_utc01,persist,"INJUSDT,NEARUSDT,TIAUSDT",1,True,active,0,0,0,0,0.0,,0,0,2398,0,0,,,0.0,0.0,0
2026-05-26T19:47:51.753370+00:00,baseline,forward_optimized_long_ms_baseline,persist,"INJUSDT,NEARUSDT,TIAUSDT",,True,active,0,0,0,0,0.0,,0,0,703,4,4,0.5,0.913427,-0.845804,0.0,0
2026-05-26T19:47:52.389030+00:00,regime_filtered,forward_optimized_long_ms_regime_filtered,persist,"INJUSDT,NEARUSDT,TIAUSDT","0-12,14-18,21-23",True,active,0,0,0,0,0.0,,1,-1.434722,669,4,3,0.666667,1.859097,4.123848,0.0,0
2026-05-26T19:47:53.090694+00:00,utc_01_cluster,forward_optimized_long_ms_utc01,persist,"INJUSDT,NEARUSDT,TIAUSDT",1,True,active,0,0,0,0,0.0,,0,0,2398,0,0,,,0.0,0.0,0
2026-05-26T19:52:54.834500+00:00,baseline,forward_optimized_long_ms_baseline,persist,"INJUSDT,NEARUSDT,TIAUSDT",,True,active,0,0,0,0,0.0,,0,0,703,4,4,0.5,0.913427,-0.845804,0.0,0
2026-05-26T19:52:55.469950+00:00,regime_filtered,forward_optimized_long_ms_regime_filtered,persist,"INJUSDT,NEARUSDT,TIAUSDT","0-12,14-18,21-23",True,active,0,0,0,0,0.0,,1,-1.434722,669,4,3,0.666667,1.859097,4.123848,0.0,0
2026-05-26T19:52:56.145290+00:00,utc_01_cluster,forward_optimized_long_ms_utc01,persist,"INJUSDT,NEARUSDT,TIAUSDT",1,True,active,0,0,0,0,0.0,,0,0,2398,0,0,,,0.0,0.0,0
2026-05-26T19:57:57.691201+00:00,baseline,forward_optimized_long_ms_baseline,persist,"INJUSDT,NEARUSDT,TIAUSDT",,True,active,0,0,0,0,0.0,,0,0,707,4,4,0.5,0.913427,-0.845804,0.0,0
2026-05-26T19:57:58.327889+00:00,regime_filtered,forward_optimized_long_ms_regime_filtered,persist,"INJUSDT,NEARUSDT,TIAUSDT","0-12,14-18,21-23",True,active,1,0,0,0,0.0,,1,-1.186405,673,4,3,0.666667,1.859097,4.123848,0.0,0
2026-05-26T19:57:59.004059+00:00,utc_01_cluster,forward_optimized_long_ms_utc01,persist,"INJUSDT,NEARUSDT,TIAUSDT",1,True,active,0,0,0,0,0.0,,0,0,2398,0,0,,,0.0,0.0,0
2026-05-26T20:03:00.936589+00:00,baseline,forward_optimized_long_ms_baseline,persist,"INJUSDT,NEARUSDT,TIAUSDT",,True,active,0,0,0,0,0.0,,0,0,719,4,4,0.5,0.913427,-0.845804,0.0,0
2026-05-26T20:03:01.571524+00:00,regime_filtered,forward_optimized_long_ms_regime_filtered,persist,"INJUSDT,NEARUSDT,TIAUSDT","0-12,14-18,21-23",True,active,1,0,0,0,0.0,,1,-1.269177,683,4,3,0.666667,1.859097,4.123848,0.0,0
2026-05-26T20:03:02.244845+00:00,utc_01_cluster,forward_optimized_long_ms_utc01,persist,"INJUSDT,NEARUSDT,TIAUSDT",1,True,active,0,0,0,0,0.0,,0,0,2398,0,0,,,0.0,0.0,0
2026-05-26T20:08:03.977712+00:00,baseline,forward_optimized_long_ms_baseline,persist,"INJUSDT,NEARUSDT,TIAUSDT",,True,active,0,0,0,0,0.0,,0,0,728,4,4,0.5,0.913427,-0.845804,0.0,0
2026-05-26T20:08:04.617803+00:00,regime_filtered,forward_optimized_long_ms_regime_filtered,persist,"INJUSDT,NEARUSDT,TIAUSDT","0-12,14-18,21-23",True,active,1,0,0,0,0.0,,1,-1.02086,691,4,3,0.666667,1.859097,4.123848,0.0,0
2026-05-26T20:08:05.287868+00:00,utc_01_cluster,forward_optimized_long_ms_utc01,persist,"INJUSDT,NEARUSDT,TIAUSDT",1,True,active,0,0,0,0,0.0,,0,0,2398,0,0,,,0.0,0.0,0
2026-05-26T20:13:07.221940+00:00,baseline,forward_optimized_long_ms_baseline,persist,"INJUSDT,NEARUSDT,TIAUSDT",,True,active,0,0,0,0,0.0,,0,0,729,4,4,0.5,0.913427,-0.845804,0.0,0
2026-05-26T20:13:07.858649+00:00,regime_filtered,forward_optimized_long_ms_regime_filtered,persist,"INJUSDT,NEARUSDT,TIAUSDT","0-12,14-18,21-23",True,active,1,0,0,0,0.0,,1,-1.02086,685,4,3,0.666667,1.859097,4.123848,0.0,0
2026-05-26T20:13:08.526773+00:00,utc_01_cluster,forward_optimized_long_ms_utc01,persist,"INJUSDT,NEARUSDT,TIAUSDT",1,True,active,0,0,0,0,0.0,,0,0,2398,0,0,,,0.0,0.0,0
2026-05-26T20:18:10.470136+00:00,baseline,forward_optimized_long_ms_baseline,persist,"INJUSDT,NEARUSDT,TIAUSDT",,True,active,0,0,0,0,0.0,,0,0,731,4,4,0.5,0.913427,-0.845804,0.0,0
2026-05-26T20:18:11.113631+00:00,regime_filtered,forward_optimized_long_ms_regime_filtered,persist,"INJUSDT,NEARUSDT,TIAUSDT","0-12,14-18,21-23",True,active,1,0,0,0,0.0,,1,-0.717361,686,4,3,0.666667,1.859097,4.123848,0.0,0
2026-05-26T20:18:11.813090+00:00,utc_01_cluster,forward_optimized_long_ms_utc01,persist,"INJUSDT,NEARUSDT,TIAUSDT",1,True,active,0,0,0,0,0.0,,0,0,2398,0,0,,,0.0,0.0,0
2026-05-26T20:23:13.328238+00:00,baseline,forward_optimized_long_ms_baseline,persist,"INJUSDT,NEARUSDT,TIAUSDT",,True,active,0,0,0,0,0.0,,0,0,732,4,4,0.5,0.913427,-0.845804,0.0,0
2026-05-26T20:23:13.967319+00:00,regime_filtered,forward_optimized_long_ms_regime_filtered,persist,"INJUSDT,NEARUSDT,TIAUSDT","0-12,14-18,21-23",True,active,0,0,0,0,0.0,,1,-0.717361,685,4,3,0.666667,1.859097,4.123848,0.0,0
2026-05-26T20:23:14.633023+00:00,utc_01_cluster,forward_optimized_long_ms_utc01,persist,"INJUSDT,NEARUSDT,TIAUSDT",1,True,active,0,0,0,0,0.0,,0,0,2398,0,0,,,0.0,0.0,0
2026-05-26T20:28:16.569262+00:00,baseline,forward_optimized_long_ms_baseline,persist,"INJUSDT,NEARUSDT,TIAUSDT",,True,active,0,0,0,0,0.0,,0,0,737,4,4,0.5,0.913427,-0.845804,0.0,0
2026-05-26T20:28:17.206026+00:00,regime_filtered,forward_optimized_long_ms_regime_filtered,persist,"INJUSDT,NEARUSDT,TIAUSDT","0-12,14-18,21-23",True,active,1,0,0,0,0.0,,1,-1.462313,690,4,3,0.666667,1.859097,4.123848,0.0,0
2026-05-26T20:28:17.882098+00:00,utc_01_cluster,forward_optimized_long_ms_utc01,persist,"INJUSDT,NEARUSDT,TIAUSDT",1,True,active,0,0,0,0,0.0,,0,0,2398,0,0,,,0.0,0.0,0
2026-05-26T20:33:19.394391+00:00,baseline,forward_optimized_long_ms_baseline,persist,"INJUSDT,NEARUSDT,TIAUSDT",,True,active,0,0,0,0,0.0,,0,0,738,4,4,0.5,0.913427,-0.845804,0.0,0
2026-05-26T20:33:20.032910+00:00,regime_filtered,forward_optimized_long_ms_regime_filtered,persist,"INJUSDT,NEARUSDT,TIAUSDT","0-12,14-18,21-23",True,active,0,0,0,0,0.0,,1,-1.462313,689,4,3,0.666667,1.859097,4.123848,0.0,0
2026-05-26T20:33:20.708845+00:00,utc_01_cluster,forward_optimized_long_ms_utc01,persist,"INJUSDT,NEARUSDT,TIAUSDT",1,True,active,0,0,0,0,0.0,,0,0,2398,0,0,,,0.0,0.0,0
2026-05-26T20:38:22.603238+00:00,baseline,forward_optimized_long_ms_baseline,persist,"INJUSDT,NEARUSDT,TIAUSDT",,True,active,0,0,0,0,0.0,,0,0,739,4,4,0.5,0.913427,-0.845804,0.0,0
2026-05-26T20:38:23.238938+00:00,regime_filtered,forward_optimized_long_ms_regime_filtered,persist,"INJUSDT,NEARUSDT,TIAUSDT","0-12,14-18,21-23",True,active,1,0,0,0,0.0,,1,-1.572676,690,4,3,0.666667,1.859097,4.123848,0.0,0
2026-05-26T20:38:23.903435+00:00,utc_01_cluster,forward_optimized_long_ms_utc01,persist,"INJUSDT,NEARUSDT,TIAUSDT",1,True,active,0,0,0,0,0.0,,0,0,2398,0,0,,,0.0,0.0,0
2026-05-26T20:43:25.412860+00:00,baseline,forward_optimized_long_ms_baseline,persist,"INJUSDT,NEARUSDT,TIAUSDT",,True,active,0,0,0,0,0.0,,0,0,742,4,4,0.5,0.913427,-0.845804,0.0,0
2026-05-26T20:43:26.048057+00:00,regime_filtered,forward_optimized_long_ms_regime_filtered,persist,"INJUSDT,NEARUSDT,TIAUSDT","0-12,14-18,21-23",True,active,0,0,0,0,0.0,,1,-1.572676,692,4,3,0.666667,1.859097,4.123848,0.0,0
2026-05-26T20:43:26.713629+00:00,utc_01_cluster,forward_optimized_long_ms_utc01,persist,"INJUSDT,NEARUSDT,TIAUSDT",1,True,active,0,0,0,0,0.0,,0,0,2398,0,0,,,0.0,0.0,0
2026-05-26T20:48:28.219924+00:00,baseline,forward_optimized_long_ms_baseline,persist,"INJUSDT,NEARUSDT,TIAUSDT",,True,active,0,0,0,0,0.0,,0,0,744,4,4,0.5,0.913427,-0.845804,0.0,0
2026-05-26T20:48:28.857994+00:00,regime_filtered,forward_optimized_long_ms_regime_filtered,persist,"INJUSDT,NEARUSDT,TIAUSDT","0-12,14-18,21-23",True,active,1,0,0,0,0.0,,1,-1.545085,694,4,3,0.666667,1.859097,4.123848,0.0,0
2026-05-26T20:48:29.536734+00:00,utc_01_cluster,forward_optimized_long_ms_utc01,persist,"INJUSDT,NEARUSDT,TIAUSDT",1,True,active,0,0,0,0,0.0,,0,0,2398,0,0,,,0.0,0.0,0
2026-05-26T20:53:31.066095+00:00,baseline,forward_optimized_long_ms_baseline,persist,"INJUSDT,NEARUSDT,TIAUSDT",,True,active,0,0,0,0,0.0,,0,0,745,4,4,0.5,0.913427,-0.845804,0.0,0
2026-05-26T20:53:31.705565+00:00,regime_filtered,forward_optimized_long_ms_regime_filtered,persist,"INJUSDT,NEARUSDT,TIAUSDT","0-12,14-18,21-23",True,active,0,0,0,0,0.0,,1,-1.545085,694,4,3,0.666667,1.859097,4.123848,0.0,0
2026-05-26T20:53:32.377611+00:00,utc_01_cluster,forward_optimized_long_ms_utc01,persist,"INJUSDT,NEARUSDT,TIAUSDT",1,True,active,0,0,0,0,0.0,,0,0,2398,0,0,,,0.0,0.0,0
2026-05-26T20:58:34.120098+00:00,baseline,forward_optimized_long_ms_baseline,persist,"INJUSDT,NEARUSDT,TIAUSDT",,True,active,0,0,0,0,0.0,,0,0,747,4,4,0.5,0.913427,-0.845804,0.0,0
2026-05-26T20:58:34.756977+00:00,regime_filtered,forward_optimized_long_ms_regime_filtered,persist,"INJUSDT,NEARUSDT,TIAUSDT","0-12,14-18,21-23",True,active,1,0,0,0,0.0,,1,-1.462313,696,4,3,0.666667,1.859097,4.123848,0.0,0
2026-05-26T20:58:35.428088+00:00,utc_01_cluster,forward_optimized_long_ms_utc01,persist,"INJUSDT,NEARUSDT,TIAUSDT",1,True,active,0,0,0,0,0.0,,0,0,2398,0,0,,,0.0,0.0,0
2026-05-26T21:03:36.954102+00:00,baseline,forward_optimized_long_ms_baseline,persist,"INJUSDT,NEARUSDT,TIAUSDT",,True,active,0,0,0,0,0.0,,0,0,755,4,4,0.5,0.913427,-0.845804,0.0,0
2026-05-26T21:03:37.602513+00:00,regime_filtered,forward_optimized_long_ms_regime_filtered,persist,"INJUSDT,NEARUSDT,TIAUSDT","0-12,14-18,21-23",True,active,1,0,0,0,0.0,,1,-1.131223,702,4,3,0.666667,1.859097,4.123848,0.0,0
2026-05-26T21:03:38.341410+00:00,utc_01_cluster,forward_optimized_long_ms_utc01,persist,"INJUSDT,NEARUSDT,TIAUSDT",1,True,active,0,0,0,0,0.0,,0,0,2398,0,0,,,0.0,0.0,0
2026-05-26T21:08:40.262639+00:00,baseline,forward_optimized_long_ms_baseline,persist,"INJUSDT,NEARUSDT,TIAUSDT",,True,active,0,0,0,0,0.0,,0,0,756,4,4,0.5,0.913427,-0.845804,0.0,0
2026-05-26T21:08:40.901002+00:00,regime_filtered,forward_optimized_long_ms_regime_filtered,persist,"INJUSDT,NEARUSDT,TIAUSDT","0-12,14-18,21-23",True,active,1,0,0,0,0.0,,1,-1.683039,700,4,3,0.666667,1.859097,4.123848,0.0,0
2026-05-26T21:08:41.583183+00:00,utc_01_cluster,forward_optimized_long_ms_utc01,persist,"INJUSDT,NEARUSDT,TIAUSDT",1,True,active,0,0,0,0,0.0,,0,0,2398,0,0,,,0.0,0.0,0
2026-05-26T21:13:43.771265+00:00,baseline,forward_optimized_long_ms_baseline,persist,"INJUSDT,NEARUSDT,TIAUSDT",,True,active,0,0,0,0,0.0,,0,0,760,4,4,0.5,0.913427,-0.845804,0.0,0
2026-05-26T21:13:44.418618+00:00,regime_filtered,forward_optimized_long_ms_regime_filtered,persist,"INJUSDT,NEARUSDT,TIAUSDT","0-12,14-18,21-23",True,active,1,0,0,0,0.0,,1,-2.014129,703,4,3,0.666667,1.859097,4.123848,0.0,0
2026-05-26T21:13:45.096549+00:00,utc_01_cluster,forward_optimized_long_ms_utc01,persist,"INJUSDT,NEARUSDT,TIAUSDT",1,True,active,0,0,0,0,0.0,,0,0,2398,0,0,,,0.0,0.0,0
2026-05-26T21:18:46.627832+00:00,baseline,forward_optimized_long_ms_baseline,persist,"INJUSDT,NEARUSDT,TIAUSDT",,True,active,0,0,0,0,0.0,,0,0,767,4,4,0.5,0.913427,-0.845804,0.0,0
2026-05-26T21:18:47.263754+00:00,regime_filtered,forward_optimized_long_ms_regime_filtered,persist,"INJUSDT,NEARUSDT,TIAUSDT","0-12,14-18,21-23",True,active,1,0,0,0,0.0,,1,-2.124492,708,4,3,0.666667,1.859097,4.123848,0.0,0
2026-05-26T21:18:47.929555+00:00,utc_01_cluster,forward_optimized_long_ms_utc01,persist,"INJUSDT,NEARUSDT,TIAUSDT",1,True,active,0,0,0,0,0.0,,0,0,2398,0,0,,,0.0,0.0,0
2026-05-26T21:23:49.633983+00:00,baseline,forward_optimized_long_ms_baseline,persist,"INJUSDT,NEARUSDT,TIAUSDT",,True,active,0,0,0,0,0.0,,0,0,767,4,4,0.5,0.913427,-0.845804,0.0,0
2026-05-26T21:23:50.265693+00:00,regime_filtered,forward_optimized_long_ms_regime_filtered,persist,"INJUSDT,NEARUSDT,TIAUSDT","0-12,14-18,21-23",True,active,0,0,0,0,0.0,,1,-2.124492,703,4,3,0.666667,1.859097,4.123848,0.0,0
2026-05-26T21:23:50.932473+00:00,utc_01_cluster,forward_optimized_long_ms_utc01,persist,"INJUSDT,NEARUSDT,TIAUSDT",1,True,active,0,0,0,0,0.0,,0,0,2398,0,0,,,0.0,0.0,0
2026-05-26T21:28:52.904712+00:00,baseline,forward_optimized_long_ms_baseline,persist,"INJUSDT,NEARUSDT,TIAUSDT",,True,active,0,0,0,0,0.0,,0,0,768,4,4,0.5,0.913427,-0.845804,0.0,0
2026-05-26T21:28:53.540475+00:00,regime_filtered,forward_optimized_long_ms_regime_filtered,persist,"INJUSDT,NEARUSDT,TIAUSDT","0-12,14-18,21-23",True,active,1,0,0,0,0.0,,1,-1.793403,704,4,3,0.666667,1.859097,4.123848,0.0,0
2026-05-26T21:28:54.213617+00:00,utc_01_cluster,forward_optimized_long_ms_utc01,persist,"INJUSDT,NEARUSDT,TIAUSDT",1,True,active,0,0,0,0,0.0,,0,0,2398,0,0,,,0.0,0.0,0
2026-05-26T21:33:55.732759+00:00,baseline,forward_optimized_long_ms_baseline,persist,"INJUSDT,NEARUSDT,TIAUSDT",,True,active,0,0,0,0,0.0,,0,0,769,4,4,0.5,0.913427,-0.845804,0.0,0
2026-05-26T21:33:56.366920+00:00,regime_filtered,forward_optimized_long_ms_regime_filtered,persist,"INJUSDT,NEARUSDT,TIAUSDT","0-12,14-18,21-23",True,active,1,0,0,0,0.0,,1,-1.683039,704,4,3,0.666667,1.859097,4.123848,0.0,0
2026-05-26T21:33:57.059040+00:00,utc_01_cluster,forward_optimized_long_ms_utc01,persist,"INJUSDT,NEARUSDT,TIAUSDT",1,True,active,0,0,0,0,0.0,,0,0,2398,0,0,,,0.0,0.0,0
2026-05-26T21:38:58.573059+00:00,baseline,forward_optimized_long_ms_baseline,persist,"INJUSDT,NEARUSDT,TIAUSDT",,True,active,0,0,0,0,0.0,,0,0,770,4,4,0.5,0.913427,-0.845804,0.0,0
2026-05-26T21:38:59.208808+00:00,regime_filtered,forward_optimized_long_ms_regime_filtered,persist,"INJUSDT,NEARUSDT,TIAUSDT","0-12,14-18,21-23",True,active,0,0,0,0,0.0,,1,-1.683039,704,4,3,0.666667,1.859097,4.123848,0.0,0
2026-05-26T21:38:59.879144+00:00,utc_01_cluster,forward_optimized_long_ms_utc01,persist,"INJUSDT,NEARUSDT,TIAUSDT",1,True,active,0,0,0,0,0.0,,0,0,2398,0,0,,,0.0,0.0,0
2026-05-26T21:44:01.587476+00:00,baseline,forward_optimized_long_ms_baseline,persist,"INJUSDT,NEARUSDT,TIAUSDT",,True,active,0,0,0,0,0.0,,0,0,772,4,4,0.5,0.913427,-0.845804,0.0,0
2026-05-26T21:44:02.225811+00:00,regime_filtered,forward_optimized_long_ms_regime_filtered,persist,"INJUSDT,NEARUSDT,TIAUSDT","0-12,14-18,21-23",True,active,1,0,0,0,0.0,,1,-1.71063,706,4,3,0.666667,1.859097,4.123848,0.0,0
2026-05-26T21:44:02.892965+00:00,utc_01_cluster,forward_optimized_long_ms_utc01,persist,"INJUSDT,NEARUSDT,TIAUSDT",1,True,active,0,0,0,0,0.0,,0,0,2398,0,0,,,0.0,0.0,0
2026-05-26T21:49:04.416926+00:00,baseline,forward_optimized_long_ms_baseline,persist,"INJUSDT,NEARUSDT,TIAUSDT",,True,active,0,0,0,0,0.0,,0,0,773,4,4,0.5,0.913427,-0.845804,0.0,0
2026-05-26T21:49:05.047682+00:00,regime_filtered,forward_optimized_long_ms_regime_filtered,persist,"INJUSDT,NEARUSDT,TIAUSDT","0-12,14-18,21-23",True,active,0,0,0,0,0.0,,1,-1.71063,705,4,3,0.666667,1.859097,4.123848,0.0,0
2026-05-26T21:49:05.709939+00:00,utc_01_cluster,forward_optimized_long_ms_utc01,persist,"INJUSDT,NEARUSDT,TIAUSDT",1,True,active,0,0,0,0,0.0,,0,0,2398,0,0,,,0.0,0.0,0
2026-05-26T21:54:07.252159+00:00,baseline,forward_optimized_long_ms_baseline,persist,"INJUSDT,NEARUSDT,TIAUSDT",,True,active,0,0,0,0,0.0,,0,0,773,4,4,0.5,0.913427,-0.845804,0.0,0
2026-05-26T21:54:07.894918+00:00,regime_filtered,forward_optimized_long_ms_regime_filtered,persist,"INJUSDT,NEARUSDT,TIAUSDT","0-12,14-18,21-23",True,active,0,0,0,0,0.0,,1,-1.71063,705,4,3,0.666667,1.859097,4.123848,0.0,0
2026-05-26T21:54:08.577359+00:00,utc_01_cluster,forward_optimized_long_ms_utc01,persist,"INJUSDT,NEARUSDT,TIAUSDT",1,True,active,0,0,0,0,0.0,,0,0,2398,0,0,,,0.0,0.0,0
2026-05-26T21:59:10.495205+00:00,baseline,forward_optimized_long_ms_baseline,persist,"INJUSDT,NEARUSDT,TIAUSDT",,True,active,0,0,0,0,0.0,,0,0,785,4,4,0.5,0.913427,-0.845804,0.0,0
2026-05-26T21:59:11.139680+00:00,regime_filtered,forward_optimized_long_ms_regime_filtered,persist,"INJUSDT,NEARUSDT,TIAUSDT","0-12,14-18,21-23",True,active,1,0,0,0,0.0,,1,-2.593536,717,4,3,0.666667,1.859097,4.123848,0.0,0
2026-05-26T21:59:11.811912+00:00,utc_01_cluster,forward_optimized_long_ms_utc01,persist,"INJUSDT,NEARUSDT,TIAUSDT",1,True,active,0,0,0,0,0.0,,0,0,2398,0,0,,,0.0,0.0,0
2026-05-26T22:04:13.524232+00:00,baseline,forward_optimized_long_ms_baseline,persist,"INJUSDT,NEARUSDT,TIAUSDT",,True,active,0,0,0,0,0.0,,0,0,795,4,4,0.5,0.913427,-0.845804,0.0,0
2026-05-26T22:04:14.163412+00:00,regime_filtered,forward_optimized_long_ms_regime_filtered,persist,"INJUSDT,NEARUSDT,TIAUSDT","0-12,14-18,21-23",True,active,1,0,0,0,0.0,,1,-2.372809,726,4,3,0.666667,1.859097,4.123848,0.0,0
2026-05-26T22:04:14.865445+00:00,utc_01_cluster,forward_optimized_long_ms_utc01,persist,"INJUSDT,NEARUSDT,TIAUSDT",1,True,active,0,0,0,0,0.0,,0,0,2398,0,0,,,0.0,0.0,0
2026-05-26T22:09:16.373876+00:00,baseline,forward_optimized_long_ms_baseline,persist,"INJUSDT,NEARUSDT,TIAUSDT",,True,active,0,0,0,0,0.0,,0,0,807,4,4,0.5,0.913427,-0.845804,0.0,0
2026-05-26T22:09:17.013339+00:00,regime_filtered,forward_optimized_long_ms_regime_filtered,persist,"INJUSDT,NEARUSDT,TIAUSDT","0-12,14-18,21-23",True,active,1,0,0,0,0.0,,1,-2.73149,729,4,3,0.666667,1.859097,4.123848,0.0,0
2026-05-26T22:09:17.691985+00:00,utc_01_cluster,forward_optimized_long_ms_utc01,persist,"INJUSDT,NEARUSDT,TIAUSDT",1,True,active,0,0,0,0,0.0,,0,0,2398,0,0,,,0.0,0.0,0
2026-05-26T22:14:19.246165+00:00,baseline,forward_optimized_long_ms_baseline,persist,"INJUSDT,NEARUSDT,TIAUSDT",,True,active,0,0,0,0,0.0,,0,0,812,4,4,0.5,0.913427,-0.845804,0.0,0
2026-05-26T22:14:19.885125+00:00,regime_filtered,forward_optimized_long_ms_regime_filtered,persist,"INJUSDT,NEARUSDT,TIAUSDT","0-12,14-18,21-23",True,active,0,0,0,0,0.0,,1,-2.73149,731,4,3,0.666667,1.859097,4.123848,0.0,0
2026-05-26T22:14:20.549673+00:00,utc_01_cluster,forward_optimized_long_ms_utc01,persist,"INJUSDT,NEARUSDT,TIAUSDT",1,True,active,0,0,0,0,0.0,,0,0,2398,0,0,,,0.0,0.0,0
2026-05-26T22:19:22.047680+00:00,baseline,forward_optimized_long_ms_baseline,persist,"INJUSDT,NEARUSDT,TIAUSDT",,True,active,0,0,0,0,0.0,,0,0,825,4,4,0.5,0.913427,-0.845804,0.0,0
2026-05-26T22:19:22.683386+00:00,regime_filtered,forward_optimized_long_ms_regime_filtered,persist,"INJUSDT,NEARUSDT,TIAUSDT","0-12,14-18,21-23",True,active,0,0,0,0,0.0,,1,-2.73149,744,4,3,0.666667,1.859097,4.123848,0.0,0
2026-05-26T22:19:23.358437+00:00,utc_01_cluster,forward_optimized_long_ms_utc01,persist,"INJUSDT,NEARUSDT,TIAUSDT",1,True,active,0,0,0,0,0.0,,0,0,2398,0,0,,,0.0,0.0,0
2026-05-26T22:24:25.096623+00:00,baseline,forward_optimized_long_ms_baseline,persist,"INJUSDT,NEARUSDT,TIAUSDT",,True,active,0,0,0,0,0.0,,0,0,827,4,4,0.5,0.913427,-0.845804,0.0,0
2026-05-26T22:24:25.733445+00:00,regime_filtered,forward_optimized_long_ms_regime_filtered,persist,"INJUSDT,NEARUSDT,TIAUSDT","0-12,14-18,21-23",True,active,0,0,0,0,0.0,,1,-2.73149,746,4,3,0.666667,1.859097,4.123848,0.0,0
2026-05-26T22:24:26.406343+00:00,utc_01_cluster,forward_optimized_long_ms_utc01,persist,"INJUSDT,NEARUSDT,TIAUSDT",1,True,active,0,0,0,0,0.0,,0,0,2398,0,0,,,0.0,0.0,0
2026-05-26T22:29:28.361348+00:00,baseline,forward_optimized_long_ms_baseline,persist,"INJUSDT,NEARUSDT,TIAUSDT",,True,active,0,0,0,0,0.0,,0,0,827,4,4,0.5,0.913427,-0.845804,0.0,0
2026-05-26T22:29:28.995391+00:00,regime_filtered,forward_optimized_long_ms_regime_filtered,persist,"INJUSDT,NEARUSDT,TIAUSDT","0-12,14-18,21-23",True,active,0,0,0,0,0.0,,1,-2.73149,746,4,3,0.666667,1.859097,4.123848,0.0,0
2026-05-26T22:29:29.663380+00:00,utc_01_cluster,forward_optimized_long_ms_utc01,persist,"INJUSDT,NEARUSDT,TIAUSDT",1,True,active,0,0,0,0,0.0,,0,0,2398,0,0,,,0.0,0.0,0
2026-05-26T22:34:31.184261+00:00,baseline,forward_optimized_long_ms_baseline,persist,"INJUSDT,NEARUSDT,TIAUSDT",,True,active,0,0,0,0,0.0,,0,0,827,4,4,0.5,0.913427,-0.845804,0.0,0
2026-05-26T22:34:31.825443+00:00,regime_filtered,forward_optimized_long_ms_regime_filtered,persist,"INJUSDT,NEARUSDT,TIAUSDT","0-12,14-18,21-23",True,active,0,0,0,0,0.0,,1,-2.73149,746,4,3,0.666667,1.859097,4.123848,0.0,0
2026-05-26T22:34:32.534652+00:00,utc_01_cluster,forward_optimized_long_ms_utc01,persist,"INJUSDT,NEARUSDT,TIAUSDT",1,True,active,0,0,0,0,0.0,,0,0,2398,0,0,,,0.0,0.0,0
2026-05-26T22:39:34.039632+00:00,baseline,forward_optimized_long_ms_baseline,persist,"INJUSDT,NEARUSDT,TIAUSDT",,True,active,0,0,0,0,0.0,,0,0,830,4,4,0.5,0.913427,-0.845804,0.0,0
2026-05-26T22:39:34.680543+00:00,regime_filtered,forward_optimized_long_ms_regime_filtered,persist,"INJUSDT,NEARUSDT,TIAUSDT","0-12,14-18,21-23",True,active,1,0,0,0,0.0,,1,-1.738221,749,4,3,0.666667,1.859097,4.123848,0.0,0
2026-05-26T22:39:35.368541+00:00,utc_01_cluster,forward_optimized_long_ms_utc01,persist,"INJUSDT,NEARUSDT,TIAUSDT",1,True,active,0,0,0,0,0.0,,0,0,2398,0,0,,,0.0,0.0,0
2026-05-26T22:44:36.892962+00:00,baseline,forward_optimized_long_ms_baseline,persist,"INJUSDT,NEARUSDT,TIAUSDT",,True,active,0,0,0,0,0.0,,0,0,835,4,4,0.5,0.913427,-0.845804,0.0,0
2026-05-26T22:44:37.527803+00:00,regime_filtered,forward_optimized_long_ms_regime_filtered,persist,"INJUSDT,NEARUSDT,TIAUSDT","0-12,14-18,21-23",True,active,0,0,0,0,0.0,,1,-1.738221,751,4,3,0.666667,1.859097,4.123848,0.0,0
2026-05-26T22:44:38.201183+00:00,utc_01_cluster,forward_optimized_long_ms_utc01,persist,"INJUSDT,NEARUSDT,TIAUSDT",1,True,active,0,0,0,0,0.0,,0,0,2398,0,0,,,0.0,0.0,0
2026-05-26T22:49:39.732453+00:00,baseline,forward_optimized_long_ms_baseline,persist,"INJUSDT,NEARUSDT,TIAUSDT",,True,active,0,0,0,0,0.0,,0,0,839,4,4,0.5,0.913427,-0.845804,0.0,0
2026-05-26T22:49:40.372697+00:00,regime_filtered,forward_optimized_long_ms_regime_filtered,persist,"INJUSDT,NEARUSDT,TIAUSDT","0-12,14-18,21-23",True,active,1,0,0,0,0.0,,1,-1.793403,755,4,3,0.666667,1.859097,4.123848,0.0,0
2026-05-26T22:49:41.036663+00:00,utc_01_cluster,forward_optimized_long_ms_utc01,persist,"INJUSDT,NEARUSDT,TIAUSDT",1,True,active,0,0,0,0,0.0,,0,0,2398,0,0,,,0.0,0.0,0
2026-05-26T22:51:19.780975+00:00,inj_tia_regime_filtered,forward_optimized_long_ms_inj_tia_regime,dry_run,"INJUSDT,TIAUSDT","0-12,14-18,21-23",True,active,0,0,0,0,0.0,,0,0,200,0,0,,,0.0,0.0,0
2026-05-26T22:51:19.791086+00:00,inj_only,forward_optimized_long_ms_inj_only,dry_run,INJUSDT,"0-12,14-18,21-23",True,active,0,0,0,0,0.0,,0,0,100,0,0,,,0.0,0.0,0
2026-05-26T22:51:19.801698+00:00,tia_only,forward_optimized_long_ms_tia_only,dry_run,TIAUSDT,"0-12,14-18,21-23",True,active,0,0,0,0,0.0,,0,0,100,0,0,,,0.0,0.0,0
2026-05-26T22:51:20.079569+00:00,near_only_observation,forward_optimized_long_ms_near_only_observation,dry_run,NEARUSDT,"0-12,14-18,21-23",True,active,0,0,0,0,0.0,,0,0,100,0,0,,,0.0,0.0,0
2026-05-26T22:53:03.182854+00:00,inj_tia_regime_filtered,forward_optimized_long_ms_inj_tia_regime,persist,"INJUSDT,TIAUSDT","0-12,14-18,21-23",True,active,4,0,0,2,8.924063,1.0,0,0,1598,2,2,1.0,,8.924063,0.0,0
2026-05-26T22:53:03.260929+00:00,inj_only,forward_optimized_long_ms_inj_only,persist,INJUSDT,"0-12,14-18,21-23",True,active,2,0,0,1,3.191041,1.0,0,0,800,1,1,1.0,,3.191041,0.0,0
2026-05-26T22:53:03.307382+00:00,tia_only,forward_optimized_long_ms_tia_only,persist,TIAUSDT,"0-12,14-18,21-23",True,active,2,0,0,1,5.733022,1.0,0,0,798,1,1,1.0,,5.733022,0.0,0
2026-05-26T22:53:04.067575+00:00,near_only_observation,forward_optimized_long_ms_near_only_observation,persist,NEARUSDT,"0-12,14-18,21-23",True,active,2,0,0,0,0.0,,1,-1.793403,800,1,0,,,0.0,0.0,0
2026-05-26T22:58:05.787636+00:00,inj_tia_regime_filtered,forward_optimized_long_ms_inj_tia_regime,persist,"INJUSDT,TIAUSDT","0-12,14-18,21-23",True,active,0,0,0,0,0.0,,0,0,754,2,2,1.0,,8.924063,0.0,0
2026-05-26T22:58:05.808661+00:00,inj_only,forward_optimized_long_ms_inj_only,persist,INJUSDT,"0-12,14-18,21-23",True,active,0,0,0,0,0.0,,0,0,198,1,1,1.0,,3.191041,0.0,0
2026-05-26T22:58:05.838943+00:00,tia_only,forward_optimized_long_ms_tia_only,persist,TIAUSDT,"0-12,14-18,21-23",True,active,0,0,0,0,0.0,,0,0,556,1,1,1.0,,5.733022,0.0,0
2026-05-26T22:58:06.139974+00:00,near_only_observation,forward_optimized_long_ms_near_only_observation,persist,NEARUSDT,"0-12,14-18,21-23",True,active,1,0,0,0,0.0,,1,-1.820993,9,1,0,,,0.0,0.0,0
2026-05-26T23:03:07.505140+00:00,inj_tia_regime_filtered,forward_optimized_long_ms_inj_tia_regime,persist,"INJUSDT,TIAUSDT","0-12,14-18,21-23",True,active,0,0,0,0,0.0,,0,0,760,2,2,1.0,,8.924063,0.0,0
2026-05-26T23:03:07.523689+00:00,inj_only,forward_optimized_long_ms_inj_only,persist,INJUSDT,"0-12,14-18,21-23",True,active,0,0,0,0,0.0,,0,0,201,1,1,1.0,,3.191041,0.0,0
2026-05-26T23:03:07.552284+00:00,tia_only,forward_optimized_long_ms_tia_only,persist,TIAUSDT,"0-12,14-18,21-23",True,active,0,0,0,0,0.0,,0,0,559,1,1,1.0,,5.733022,0.0,0
2026-05-26T23:03:07.853729+00:00,near_only_observation,forward_optimized_long_ms_near_only_observation,persist,NEARUSDT,"0-12,14-18,21-23",True,active,1,0,0,0,0.0,,1,-1.683039,2,1,0,,,0.0,0.0,0
2026-05-26T23:08:08.802326+00:00,inj_tia_regime_filtered,forward_optimized_long_ms_inj_tia_regime,persist,"INJUSDT,TIAUSDT","0-12,14-18,21-23",True,active,0,0,0,0,0.0,,0,0,760,2,2,1.0,,8.924063,0.0,0
2026-05-26T23:08:08.819332+00:00,inj_only,forward_optimized_long_ms_inj_only,persist,INJUSDT,"0-12,14-18,21-23",True,active,0,0,0,0,0.0,,0,0,201,1,1,1.0,,3.191041,0.0,0
2026-05-26T23:08:08.843334+00:00,tia_only,forward_optimized_long_ms_tia_only,persist,TIAUSDT,"0-12,14-18,21-23",True,active,0,0,0,0,0.0,,0,0,559,1,1,1.0,,5.733022,0.0,0
2026-05-26T23:08:09.567421+00:00,near_only_observation,forward_optimized_long_ms_near_only_observation,persist,NEARUSDT,"0-12,14-18,21-23",True,active,1,0,0,0,0.0,,1,-1.517494,8,1,0,,,0.0,0.0,0
2026-05-26T23:13:10.492551+00:00,inj_tia_regime_filtered,forward_optimized_long_ms_inj_tia_regime,persist,"INJUSDT,TIAUSDT","0-12,14-18,21-23",True,active,0,0,0,0,0.0,,0,0,760,2,2,1.0,,8.924063,0.0,0
2026-05-26T23:13:10.508271+00:00,inj_only,forward_optimized_long_ms_inj_only,persist,INJUSDT,"0-12,14-18,21-23",True,active,0,0,0,0,0.0,,0,0,201,1,1,1.0,,3.191041,0.0,0
2026-05-26T23:13:10.531372+00:00,tia_only,forward_optimized_long_ms_tia_only,persist,TIAUSDT,"0-12,14-18,21-23",True,active,0,0,0,0,0.0,,0,0,559,1,1,1.0,,5.733022,0.0,0
2026-05-26T23:13:11.036356+00:00,near_only_observation,forward_optimized_long_ms_near_only_observation,persist,NEARUSDT,"0-12,14-18,21-23",True,active,0,0,0,0,0.0,,1,-1.517494,0,1,0,,,0.0,0.0,0
2026-05-26T23:18:12.003803+00:00,inj_tia_regime_filtered,forward_optimized_long_ms_inj_tia_regime,persist,"INJUSDT,TIAUSDT","0-12,14-18,21-23",True,active,0,0,0,0,0.0,,0,0,762,2,2,1.0,,8.924063,0.0,0
2026-05-26T23:18:12.031803+00:00,inj_only,forward_optimized_long_ms_inj_only,persist,INJUSDT,"0-12,14-18,21-23",True,active,0,0,0,0,0.0,,0,0,203,1,1,1.0,,3.191041,0.0,0
2026-05-26T23:18:12.062336+00:00,tia_only,forward_optimized_long_ms_tia_only,persist,TIAUSDT,"0-12,14-18,21-23",True,active,0,0,0,0,0.0,,0,0,559,1,1,1.0,,5.733022,0.0,0
2026-05-26T23:18:12.784353+00:00,near_only_observation,forward_optimized_long_ms_near_only_observation,persist,NEARUSDT,"0-12,14-18,21-23",True,active,1,0,0,0,0.0,,1,-1.600267,2,1,0,,,0.0,0.0,0
2026-05-26T23:23:13.733597+00:00,inj_tia_regime_filtered,forward_optimized_long_ms_inj_tia_regime,persist,"INJUSDT,TIAUSDT","0-12,14-18,21-23",True,active,0,0,0,0,0.0,,0,0,762,2,2,1.0,,8.924063,0.0,0
2026-05-26T23:23:13.758751+00:00,inj_only,forward_optimized_long_ms_inj_only,persist,INJUSDT,"0-12,14-18,21-23",True,active,0,0,0,0,0.0,,0,0,203,1,1,1.0,,3.191041,0.0,0
2026-05-26T23:23:13.795179+00:00,tia_only,forward_optimized_long_ms_tia_only,persist,TIAUSDT,"0-12,14-18,21-23",True,active,0,0,0,0,0.0,,0,0,559,1,1,1.0,,5.733022,0.0,0
2026-05-26T23:23:14.144461+00:00,near_only_observation,forward_optimized_long_ms_near_only_observation,persist,NEARUSDT,"0-12,14-18,21-23",True,active,1,0,0,0,0.0,,1,-1.931357,2,1,0,,,0.0,0.0,0
2026-05-26T23:28:15.277384+00:00,inj_tia_regime_filtered,forward_optimized_long_ms_inj_tia_regime,persist,"INJUSDT,TIAUSDT","0-12,14-18,21-23",True,active,0,0,0,0,0.0,,0,0,762,2,2,1.0,,8.924063,0.0,0
2026-05-26T23:28:15.298474+00:00,inj_only,forward_optimized_long_ms_inj_only,persist,INJUSDT,"0-12,14-18,21-23",True,active,0,0,0,0,0.0,,0,0,203,1,1,1.0,,3.191041,0.0,0
2026-05-26T23:28:15.331880+00:00,tia_only,forward_optimized_long_ms_tia_only,persist,TIAUSDT,"0-12,14-18,21-23",True,active,0,0,0,0,0.0,,0,0,559,1,1,1.0,,5.733022,0.0,0
2026-05-26T23:28:16.042781+00:00,near_only_observation,forward_optimized_long_ms_near_only_observation,persist,NEARUSDT,"0-12,14-18,21-23",True,active,1,0,0,0,0.0,,1,-2.096901,5,1,0,,,0.0,0.0,0
2026-05-26T23:33:17.384616+00:00,inj_tia_regime_filtered,forward_optimized_long_ms_inj_tia_regime,persist,"INJUSDT,TIAUSDT","0-12,14-18,21-23",True,active,0,0,0,0,0.0,,0,0,762,2,2,1.0,,8.924063,0.0,0
2026-05-26T23:33:17.403531+00:00,inj_only,forward_optimized_long_ms_inj_only,persist,INJUSDT,"0-12,14-18,21-23",True,active,0,0,0,0,0.0,,0,0,203,1,1,1.0,,3.191041,0.0,0
2026-05-26T23:33:17.429346+00:00,tia_only,forward_optimized_long_ms_tia_only,persist,TIAUSDT,"0-12,14-18,21-23",True,active,0,0,0,0,0.0,,0,0,559,1,1,1.0,,5.733022,0.0,0
2026-05-26T23:33:17.733436+00:00,near_only_observation,forward_optimized_long_ms_near_only_observation,persist,NEARUSDT,"0-12,14-18,21-23",True,active,0,0,0,0,0.0,,1,-2.096901,0,1,0,,,0.0,0.0,0
2026-05-26T23:38:19.101536+00:00,inj_tia_regime_filtered,forward_optimized_long_ms_inj_tia_regime,persist,"INJUSDT,TIAUSDT","0-12,14-18,21-23",True,active,0,0,0,0,0.0,,0,0,763,2,2,1.0,,8.924063,0.0,0
2026-05-26T23:38:19.119265+00:00,inj_only,forward_optimized_long_ms_inj_only,persist,INJUSDT,"0-12,14-18,21-23",True,active,0,0,0,0,0.0,,0,0,204,1,1,1.0,,3.191041,0.0,0
2026-05-26T23:38:19.144203+00:00,tia_only,forward_optimized_long_ms_tia_only,persist,TIAUSDT,"0-12,14-18,21-23",True,active,0,0,0,0,0.0,,0,0,559,1,1,1.0,,5.733022,0.0,0
2026-05-26T23:38:19.869422+00:00,near_only_observation,forward_optimized_long_ms_near_only_observation,persist,NEARUSDT,"0-12,14-18,21-23",True,active,0,0,0,0,0.0,,1,-2.096901,0,1,0,,,0.0,0.0,0
2026-05-26T23:43:21.009692+00:00,inj_tia_regime_filtered,forward_optimized_long_ms_inj_tia_regime,persist,"INJUSDT,TIAUSDT","0-12,14-18,21-23",True,active,0,0,0,0,0.0,,0,0,764,2,2,1.0,,8.924063,0.0,0
2026-05-26T23:43:21.025927+00:00,inj_only,forward_optimized_long_ms_inj_only,persist,INJUSDT,"0-12,14-18,21-23",True,active,0,0,0,0,0.0,,0,0,205,1,1,1.0,,3.191041,0.0,0
2026-05-26T23:43:21.050027+00:00,tia_only,forward_optimized_long_ms_tia_only,persist,TIAUSDT,"0-12,14-18,21-23",True,active,0,0,0,0,0.0,,0,0,559,1,1,1.0,,5.733022,0.0,0
2026-05-26T23:43:21.562251+00:00,near_only_observation,forward_optimized_long_ms_near_only_observation,persist,NEARUSDT,"0-12,14-18,21-23",True,active,0,0,0,0,0.0,,1,-2.096901,0,1,0,,,0.0,0.0,0
2026-05-26T23:48:23.356826+00:00,inj_tia_regime_filtered,forward_optimized_long_ms_inj_tia_regime,persist,"INJUSDT,TIAUSDT","0-12,14-18,21-23",True,active,0,0,0,0,0.0,,0,0,764,2,2,1.0,,8.924063,0.0,0
2026-05-26T23:48:23.373026+00:00,inj_only,forward_optimized_long_ms_inj_only,persist,INJUSDT,"0-12,14-18,21-23",True,active,0,0,0,0,0.0,,0,0,205,1,1,1.0,,3.191041,0.0,0
2026-05-26T23:48:23.396186+00:00,tia_only,forward_optimized_long_ms_tia_only,persist,TIAUSDT,"0-12,14-18,21-23",True,active,0,0,0,0,0.0,,0,0,559,1,1,1.0,,5.733022,0.0,0
2026-05-26T23:48:23.897089+00:00,near_only_observation,forward_optimized_long_ms_near_only_observation,persist,NEARUSDT,"0-12,14-18,21-23",True,active,1,0,0,0,0.0,,1,-3.09017,3,1,0,,,0.0,0.0,0
2026-05-26T23:53:25.681855+00:00,inj_tia_regime_filtered,forward_optimized_long_ms_inj_tia_regime,persist,"INJUSDT,TIAUSDT","0-12,14-18,21-23",True,active,0,0,0,0,0.0,,0,0,768,2,2,1.0,,8.924063,0.0,0
2026-05-26T23:53:25.698277+00:00,inj_only,forward_optimized_long_ms_inj_only,persist,INJUSDT,"0-12,14-18,21-23",True,active,0,0,0,0,0.0,,0,0,209,1,1,1.0,,3.191041,0.0,0
2026-05-26T23:53:25.721551+00:00,tia_only,forward_optimized_long_ms_tia_only,persist,TIAUSDT,"0-12,14-18,21-23",True,active,0,0,0,0,0.0,,0,0,559,1,1,1.0,,5.733022,0.0,0
2026-05-26T23:53:26.461093+00:00,near_only_observation,forward_optimized_long_ms_near_only_observation,persist,NEARUSDT,"0-12,14-18,21-23",True,active,1,0,0,0,0.0,,1,-4.359348,16,1,0,,,0.0,0.0,0
2026-05-26T23:58:27.708631+00:00,inj_tia_regime_filtered,forward_optimized_long_ms_inj_tia_regime,persist,"INJUSDT,TIAUSDT","0-12,14-18,21-23",True,active,0,0,0,0,0.0,,0,0,776,2,2,1.0,,8.924063,0.0,0
2026-05-26T23:58:27.725236+00:00,inj_only,forward_optimized_long_ms_inj_only,persist,INJUSDT,"0-12,14-18,21-23",True,active,0,0,0,0,0.0,,0,0,213,1,1,1.0,,3.191041,0.0,0
2026-05-26T23:58:27.748560+00:00,tia_only,forward_optimized_long_ms_tia_only,persist,TIAUSDT,"0-12,14-18,21-23",True,active,0,0,0,0,0.0,,0,0,563,1,1,1.0,,5.733022,0.0,0
2026-05-26T23:58:28.043017+00:00,near_only_observation,forward_optimized_long_ms_near_only_observation,persist,NEARUSDT,"0-12,14-18,21-23",True,active,1,0,0,1,-4.726769,0.0,0,0,5,1,1,0.0,0.0,-4.726769,0.0,0
2026-05-27T00:03:29.169894+00:00,inj_tia_regime_filtered,forward_optimized_long_ms_inj_tia_regime,persist,"INJUSDT,TIAUSDT","0-12,14-18,21-23",True,active,0,0,0,0,0.0,,0,0,776,2,2,1.0,,8.924063,0.0,0
2026-05-27T00:03:29.186058+00:00,inj_only,forward_optimized_long_ms_inj_only,persist,INJUSDT,"0-12,14-18,21-23",True,active,0,0,0,0,0.0,,0,0,213,1,1,1.0,,3.191041,0.0,0
2026-05-27T00:03:29.209097+00:00,tia_only,forward_optimized_long_ms_tia_only,persist,TIAUSDT,"0-12,14-18,21-23",True,active,0,0,0,0,0.0,,0,0,563,1,1,1.0,,5.733022,0.0,0
2026-05-27T00:03:29.517396+00:00,near_only_observation,forward_optimized_long_ms_near_only_observation,persist,NEARUSDT,"0-12,14-18,21-23",True,active,0,0,0,0,0.0,,0,0,13,1,1,0.0,0.0,-4.726769,0.0,0
2026-05-27T00:08:30.858848+00:00,inj_tia_regime_filtered,forward_optimized_long_ms_inj_tia_regime,persist,"INJUSDT,TIAUSDT","0-12,14-18,21-23",True,active,0,0,0,0,0.0,,0,0,781,2,2,1.0,,8.924063,0.0,0
2026-05-27T00:08:30.875376+00:00,inj_only,forward_optimized_long_ms_inj_only,persist,INJUSDT,"0-12,14-18,21-23",True,active,0,0,0,0,0.0,,0,0,218,1,1,1.0,,3.191041,0.0,0
2026-05-27T00:08:30.898547+00:00,tia_only,forward_optimized_long_ms_tia_only,persist,TIAUSDT,"0-12,14-18,21-23",True,active,0,0,0,0,0.0,,0,0,563,1,1,1.0,,5.733022,0.0,0
2026-05-27T00:08:31.210463+00:00,near_only_observation,forward_optimized_long_ms_near_only_observation,persist,NEARUSDT,"0-12,14-18,21-23",True,active,0,0,0,0,0.0,,0,0,17,1,1,0.0,0.0,-4.726769,0.0,0
2026-05-27T00:13:32.153397+00:00,inj_tia_regime_filtered,forward_optimized_long_ms_inj_tia_regime,persist,"INJUSDT,TIAUSDT","0-12,14-18,21-23",True,active,0,0,0,0,0.0,,0,0,783,2,2,1.0,,8.924063,0.0,0
2026-05-27T00:13:32.169944+00:00,inj_only,forward_optimized_long_ms_inj_only,persist,INJUSDT,"0-12,14-18,21-23",True,active,0,0,0,0,0.0,,0,0,220,1,1,1.0,,3.191041,0.0,0
2026-05-27T00:13:32.193045+00:00,tia_only,forward_optimized_long_ms_tia_only,persist,TIAUSDT,"0-12,14-18,21-23",True,active,0,0,0,0,0.0,,0,0,563,1,1,1.0,,5.733022,0.0,0
2026-05-27T00:13:32.503026+00:00,near_only_observation,forward_optimized_long_ms_near_only_observation,persist,NEARUSDT,"0-12,14-18,21-23",True,active,0,0,0,0,0.0,,0,0,18,1,1,0.0,0.0,-4.726769,0.0,0
2026-05-27T00:18:33.862873+00:00,inj_tia_regime_filtered,forward_optimized_long_ms_inj_tia_regime,persist,"INJUSDT,TIAUSDT","0-12,14-18,21-23",True,active,0,0,0,0,0.0,,0,0,785,2,2,1.0,,8.924063,0.0,0
2026-05-27T00:18:33.879682+00:00,inj_only,forward_optimized_long_ms_inj_only,persist,INJUSDT,"0-12,14-18,21-23",True,active,0,0,0,0,0.0,,0,0,222,1,1,1.0,,3.191041,0.0,0
2026-05-27T00:18:33.902653+00:00,tia_only,forward_optimized_long_ms_tia_only,persist,TIAUSDT,"0-12,14-18,21-23",True,active,0,0,0,0,0.0,,0,0,563,1,1,1.0,,5.733022,0.0,0
2026-05-27T00:18:34.184145+00:00,near_only_observation,forward_optimized_long_ms_near_only_observation,persist,NEARUSDT,"0-12,14-18,21-23",True,active,0,0,0,0,0.0,,0,0,18,1,1,0.0,0.0,-4.726769,0.0,0
2026-05-27T00:23:35.103086+00:00,inj_tia_regime_filtered,forward_optimized_long_ms_inj_tia_regime,persist,"INJUSDT,TIAUSDT","0-12,14-18,21-23",True,active,0,0,0,0,0.0,,0,0,795,2,2,1.0,,8.924063,0.0,0
2026-05-27T00:23:35.119774+00:00,inj_only,forward_optimized_long_ms_inj_only,persist,INJUSDT,"0-12,14-18,21-23",True,active,0,0,0,0,0.0,,0,0,225,1,1,1.0,,3.191041,0.0,0
2026-05-27T00:23:35.143654+00:00,tia_only,forward_optimized_long_ms_tia_only,persist,TIAUSDT,"0-12,14-18,21-23",True,active,0,0,0,0,0.0,,0,0,570,1,1,1.0,,5.733022,0.0,0
2026-05-27T00:23:35.442666+00:00,near_only_observation,forward_optimized_long_ms_near_only_observation,persist,NEARUSDT,"0-12,14-18,21-23",True,active,0,0,0,0,0.0,,0,0,20,1,1,0.0,0.0,-4.726769,0.0,0
2026-05-27T00:28:36.825085+00:00,inj_tia_regime_filtered,forward_optimized_long_ms_inj_tia_regime,persist,"INJUSDT,TIAUSDT","0-12,14-18,21-23",True,active,0,0,0,0,0.0,,0,0,803,2,2,1.0,,8.924063,0.0,0
2026-05-27T00:28:36.841716+00:00,inj_only,forward_optimized_long_ms_inj_only,persist,INJUSDT,"0-12,14-18,21-23",True,active,0,0,0,0,0.0,,0,0,232,1,1,1.0,,3.191041,0.0,0
2026-05-27T00:28:36.864910+00:00,tia_only,forward_optimized_long_ms_tia_only,persist,TIAUSDT,"0-12,14-18,21-23",True,active,0,0,0,0,0.0,,0,0,571,1,1,1.0,,5.733022,0.0,0
2026-05-27T00:28:37.165222+00:00,near_only_observation,forward_optimized_long_ms_near_only_observation,persist,NEARUSDT,"0-12,14-18,21-23",True,active,0,0,0,0,0.0,,0,0,22,1,1,0.0,0.0,-4.726769,0.0,0
2026-05-27T00:33:38.101913+00:00,inj_tia_regime_filtered,forward_optimized_long_ms_inj_tia_regime,persist,"INJUSDT,TIAUSDT","0-12,14-18,21-23",True,active,0,0,0,0,0.0,,0,0,804,2,2,1.0,,8.924063,0.0,0
2026-05-27T00:33:38.118689+00:00,inj_only,forward_optimized_long_ms_inj_only,persist,INJUSDT,"0-12,14-18,21-23",True,active,0,0,0,0,0.0,,0,0,233,1,1,1.0,,3.191041,0.0,0
2026-05-27T00:33:38.142315+00:00,tia_only,forward_optimized_long_ms_tia_only,persist,TIAUSDT,"0-12,14-18,21-23",True,active,0,0,0,0,0.0,,0,0,571,1,1,1.0,,5.733022,0.0,0
2026-05-27T00:33:38.451043+00:00,near_only_observation,forward_optimized_long_ms_near_only_observation,persist,NEARUSDT,"0-12,14-18,21-23",True,active,0,0,0,0,0.0,,0,0,24,1,1,0.0,0.0,-4.726769,0.0,0
2026-05-27T00:38:39.364318+00:00,inj_tia_regime_filtered,forward_optimized_long_ms_inj_tia_regime,persist,"INJUSDT,TIAUSDT","0-12,14-18,21-23",True,active,0,0,0,0,0.0,,0,0,806,2,2,1.0,,8.924063,0.0,0
2026-05-27T00:38:39.381399+00:00,inj_only,forward_optimized_long_ms_inj_only,persist,INJUSDT,"0-12,14-18,21-23",True,active,0,0,0,0,0.0,,0,0,235,1,1,1.0,,3.191041,0.0,0
2026-05-27T00:38:39.405026+00:00,tia_only,forward_optimized_long_ms_tia_only,persist,TIAUSDT,"0-12,14-18,21-23",True,active,0,0,0,0,0.0,,0,0,571,1,1,1.0,,5.733022,0.0,0
2026-05-27T00:38:39.717832+00:00,near_only_observation,forward_optimized_long_ms_near_only_observation,persist,NEARUSDT,"0-12,14-18,21-23",True,active,0,0,0,0,0.0,,0,0,26,1,1,0.0,0.0,-4.726769,0.0,0
2026-05-27T00:43:40.660169+00:00,inj_tia_regime_filtered,forward_optimized_long_ms_inj_tia_regime,persist,"INJUSDT,TIAUSDT","0-12,14-18,21-23",True,active,0,0,0,0,0.0,,0,0,807,2,2,1.0,,8.924063,0.0,0
2026-05-27T00:43:40.676925+00:00,inj_only,forward_optimized_long_ms_inj_only,persist,INJUSDT,"0-12,14-18,21-23",True,active,0,0,0,0,0.0,,0,0,236,1,1,1.0,,3.191041,0.0,0
2026-05-27T00:43:40.700167+00:00,tia_only,forward_optimized_long_ms_tia_only,persist,TIAUSDT,"0-12,14-18,21-23",True,active,0,0,0,0,0.0,,0,0,571,1,1,1.0,,5.733022,0.0,0
2026-05-27T00:43:41.010004+00:00,near_only_observation,forward_optimized_long_ms_near_only_observation,persist,NEARUSDT,"0-12,14-18,21-23",True,active,0,0,0,0,0.0,,0,0,34,1,1,0.0,0.0,-4.726769,0.0,0
2026-05-27T00:48:41.964828+00:00,inj_tia_regime_filtered,forward_optimized_long_ms_inj_tia_regime,persist,"INJUSDT,TIAUSDT","0-12,14-18,21-23",True,active,0,0,0,0,0.0,,0,0,810,2,2,1.0,,8.924063,0.0,0
2026-05-27T00:48:41.983048+00:00,inj_only,forward_optimized_long_ms_inj_only,persist,INJUSDT,"0-12,14-18,21-23",True,active,0,0,0,0,0.0,,0,0,239,1,1,1.0,,3.191041,0.0,0
2026-05-27T00:48:42.008165+00:00,tia_only,forward_optimized_long_ms_tia_only,persist,TIAUSDT,"0-12,14-18,21-23",True,active,0,0,0,0,0.0,,0,0,571,1,1,1.0,,5.733022,0.0,0
2026-05-27T00:48:42.311056+00:00,near_only_observation,forward_optimized_long_ms_near_only_observation,persist,NEARUSDT,"0-12,14-18,21-23",True,active,0,0,0,0,0.0,,0,0,39,1,1,0.0,0.0,-4.726769,0.0,0
2026-05-27T00:53:43.230974+00:00,inj_tia_regime_filtered,forward_optimized_long_ms_inj_tia_regime,persist,"INJUSDT,TIAUSDT","0-12,14-18,21-23",True,active,0,0,0,0,0.0,,0,0,812,2,2,1.0,,8.924063,0.0,0
2026-05-27T00:53:43.248684+00:00,inj_only,forward_optimized_long_ms_inj_only,persist,INJUSDT,"0-12,14-18,21-23",True,active,0,0,0,0,0.0,,0,0,241,1,1,1.0,,3.191041,0.0,0
2026-05-27T00:53:43.273075+00:00,tia_only,forward_optimized_long_ms_tia_only,persist,TIAUSDT,"0-12,14-18,21-23",True,active,0,0,0,0,0.0,,0,0,571,1,1,1.0,,5.733022,0.0,0
2026-05-27T00:53:43.567873+00:00,near_only_observation,forward_optimized_long_ms_near_only_observation,persist,NEARUSDT,"0-12,14-18,21-23",True,active,0,0,0,0,0.0,,0,0,40,1,1,0.0,0.0,-4.726769,0.0,0
2026-05-27T00:58:44.995622+00:00,inj_tia_regime_filtered,forward_optimized_long_ms_inj_tia_regime,persist,"INJUSDT,TIAUSDT","0-12,14-18,21-23",True,active,0,0,0,0,0.0,,0,0,822,2,2,1.0,,8.924063,0.0,0
2026-05-27T00:58:45.013341+00:00,inj_only,forward_optimized_long_ms_inj_only,persist,INJUSDT,"0-12,14-18,21-23",True,active,0,0,0,0,0.0,,0,0,251,1,1,1.0,,3.191041,0.0,0
2026-05-27T00:58:45.037510+00:00,tia_only,forward_optimized_long_ms_tia_only,persist,TIAUSDT,"0-12,14-18,21-23",True,active,0,0,0,0,0.0,,0,0,571,1,1,1.0,,5.733022,0.0,0
2026-05-27T00:58:45.351836+00:00,near_only_observation,forward_optimized_long_ms_near_only_observation,persist,NEARUSDT,"0-12,14-18,21-23",True,active,0,0,0,0,0.0,,0,0,41,1,1,0.0,0.0,-4.726769,0.0,0
2026-05-27T01:03:46.704425+00:00,inj_tia_regime_filtered,forward_optimized_long_ms_inj_tia_regime,persist,"INJUSDT,TIAUSDT","0-12,14-18,21-23",True,active,0,0,0,0,0.0,,0,0,834,2,2,1.0,,8.924063,0.0,0
2026-05-27T01:03:46.721567+00:00,inj_only,forward_optimized_long_ms_inj_only,persist,INJUSDT,"0-12,14-18,21-23",True,active,0,0,0,0,0.0,,0,0,263,1,1,1.0,,3.191041,0.0,0
2026-05-27T01:03:46.749658+00:00,tia_only,forward_optimized_long_ms_tia_only,persist,TIAUSDT,"0-12,14-18,21-23",True,active,0,0,0,0,0.0,,0,0,571,1,1,1.0,,5.733022,0.0,0
2026-05-27T01:03:47.051372+00:00,near_only_observation,forward_optimized_long_ms_near_only_observation,persist,NEARUSDT,"0-12,14-18,21-23",True,active,0,0,0,0,0.0,,0,0,42,1,1,0.0,0.0,-4.726769,0.0,0
2026-05-27T01:08:48.196468+00:00,inj_tia_regime_filtered,forward_optimized_long_ms_inj_tia_regime,persist,"INJUSDT,TIAUSDT","0-12,14-18,21-23",True,active,0,0,0,0,0.0,,0,0,838,2,2,1.0,,8.924063,0.0,0
2026-05-27T01:08:48.214081+00:00,inj_only,forward_optimized_long_ms_inj_only,persist,INJUSDT,"0-12,14-18,21-23",True,active,0,0,0,0,0.0,,0,0,267,1,1,1.0,,3.191041,0.0,0
2026-05-27T01:08:48.237424+00:00,tia_only,forward_optimized_long_ms_tia_only,persist,TIAUSDT,"0-12,14-18,21-23",True,active,0,0,0,0,0.0,,0,0,571,1,1,1.0,,5.733022,0.0,0
2026-05-27T01:08:48.536262+00:00,near_only_observation,forward_optimized_long_ms_near_only_observation,persist,NEARUSDT,"0-12,14-18,21-23",True,active,0,0,0,0,0.0,,0,0,48,1,1,0.0,0.0,-4.726769,0.0,0
2026-05-27T01:13:49.456545+00:00,inj_tia_regime_filtered,forward_optimized_long_ms_inj_tia_regime,persist,"INJUSDT,TIAUSDT","0-12,14-18,21-23",True,active,0,0,0,0,0.0,,0,0,840,2,2,1.0,,8.924063,0.0,0
2026-05-27T01:13:49.473842+00:00,inj_only,forward_optimized_long_ms_inj_only,persist,INJUSDT,"0-12,14-18,21-23",True,active,0,0,0,0,0.0,,0,0,269,1,1,1.0,,3.191041,0.0,0
2026-05-27T01:13:49.497308+00:00,tia_only,forward_optimized_long_ms_tia_only,persist,TIAUSDT,"0-12,14-18,21-23",True,active,0,0,0,0,0.0,,0,0,571,1,1,1.0,,5.733022,0.0,0
2026-05-27T01:13:49.791987+00:00,near_only_observation,forward_optimized_long_ms_near_only_observation,persist,NEARUSDT,"0-12,14-18,21-23",True,active,0,0,0,0,0.0,,0,0,50,1,1,0.0,0.0,-4.726769,0.0,0
2026-05-27T01:18:50.783431+00:00,inj_tia_regime_filtered,forward_optimized_long_ms_inj_tia_regime,persist,"INJUSDT,TIAUSDT","0-12,14-18,21-23",True,active,0,0,0,0,0.0,,0,0,842,2,2,1.0,,8.924063,0.0,0
2026-05-27T01:18:50.800707+00:00,inj_only,forward_optimized_long_ms_inj_only,persist,INJUSDT,"0-12,14-18,21-23",True,active,0,0,0,0,0.0,,0,0,271,1,1,1.0,,3.191041,0.0,0
2026-05-27T01:18:50.823905+00:00,tia_only,forward_optimized_long_ms_tia_only,persist,TIAUSDT,"0-12,14-18,21-23",True,active,0,0,0,0,0.0,,0,0,571,1,1,1.0,,5.733022,0.0,0
2026-05-27T01:18:51.129156+00:00,near_only_observation,forward_optimized_long_ms_near_only_observation,persist,NEARUSDT,"0-12,14-18,21-23",True,active,0,0,0,0,0.0,,0,0,53,1,1,0.0,0.0,-4.726769,0.0,0
2026-05-27T01:23:52.136445+00:00,inj_tia_regime_filtered,forward_optimized_long_ms_inj_tia_regime,persist,"INJUSDT,TIAUSDT","0-12,14-18,21-23",True,active,0,0,0,0,0.0,,0,0,844,2,2,1.0,,8.924063,0.0,0
2026-05-27T01:23:52.153984+00:00,inj_only,forward_optimized_long_ms_inj_only,persist,INJUSDT,"0-12,14-18,21-23",True,active,0,0,0,0,0.0,,0,0,273,1,1,1.0,,3.191041,0.0,0
2026-05-27T01:23:52.177578+00:00,tia_only,forward_optimized_long_ms_tia_only,persist,TIAUSDT,"0-12,14-18,21-23",True,active,0,0,0,0,0.0,,0,0,571,1,1,1.0,,5.733022,0.0,0
2026-05-27T01:23:52.664786+00:00,near_only_observation,forward_optimized_long_ms_near_only_observation,persist,NEARUSDT,"0-12,14-18,21-23",True,active,0,0,0,0,0.0,,0,0,58,1,1,0.0,0.0,-4.726769,0.0,0
2026-05-27T01:28:54.010348+00:00,inj_tia_regime_filtered,forward_optimized_long_ms_inj_tia_regime,persist,"INJUSDT,TIAUSDT","0-12,14-18,21-23",True,active,0,0,0,0,0.0,,0,0,846,2,2,1.0,,8.924063,0.0,0
2026-05-27T01:28:54.028130+00:00,inj_only,forward_optimized_long_ms_inj_only,persist,INJUSDT,"0-12,14-18,21-23",True,active,0,0,0,0,0.0,,0,0,275,1,1,1.0,,3.191041,0.0,0
2026-05-27T01:28:54.051904+00:00,tia_only,forward_optimized_long_ms_tia_only,persist,TIAUSDT,"0-12,14-18,21-23",True,active,0,0,0,0,0.0,,0,0,571,1,1,1.0,,5.733022,0.0,0
2026-05-27T01:28:54.360648+00:00,near_only_observation,forward_optimized_long_ms_near_only_observation,persist,NEARUSDT,"0-12,14-18,21-23",True,active,0,0,0,0,0.0,,0,0,58,1,1,0.0,0.0,-4.726769,0.0,0
2026-05-27T01:33:55.279454+00:00,inj_tia_regime_filtered,forward_optimized_long_ms_inj_tia_regime,persist,"INJUSDT,TIAUSDT","0-12,14-18,21-23",True,active,0,0,0,0,0.0,,0,0,859,2,2,1.0,,8.924063,0.0,0
2026-05-27T01:33:55.297109+00:00,inj_only,forward_optimized_long_ms_inj_only,persist,INJUSDT,"0-12,14-18,21-23",True,active,0,0,0,0,0.0,,0,0,288,1,1,1.0,,3.191041,0.0,0
2026-05-27T01:33:55.320519+00:00,tia_only,forward_optimized_long_ms_tia_only,persist,TIAUSDT,"0-12,14-18,21-23",True,active,0,0,0,0,0.0,,0,0,571,1,1,1.0,,5.733022,0.0,0
2026-05-27T01:33:55.624249+00:00,near_only_observation,forward_optimized_long_ms_near_only_observation,persist,NEARUSDT,"0-12,14-18,21-23",True,active,0,0,0,0,0.0,,0,0,61,1,1,0.0,0.0,-4.726769,0.0,0
2026-05-27T01:38:56.548589+00:00,inj_tia_regime_filtered,forward_optimized_long_ms_inj_tia_regime,persist,"INJUSDT,TIAUSDT","0-12,14-18,21-23",True,active,1,0,0,0,0.0,,1,0.0,871,3,2,1.0,,8.924063,0.0,0
2026-05-27T01:38:56.566708+00:00,inj_only,forward_optimized_long_ms_inj_only,persist,INJUSDT,"0-12,14-18,21-23",True,active,0,0,0,0,0.0,,0,0,299,1,1,1.0,,3.191041,0.0,0
2026-05-27T01:38:56.591326+00:00,tia_only,forward_optimized_long_ms_tia_only,persist,TIAUSDT,"0-12,14-18,21-23",True,active,1,0,0,0,0.0,,1,0.0,572,2,1,1.0,,5.733022,0.0,0
2026-05-27T01:38:56.897128+00:00,near_only_observation,forward_optimized_long_ms_near_only_observation,persist,NEARUSDT,"0-12,14-18,21-23",True,active,0,0,0,0,0.0,,0,0,66,1,1,0.0,0.0,-4.726769,0.0,0
2026-05-27T01:43:57.824077+00:00,inj_tia_regime_filtered,forward_optimized_long_ms_inj_tia_regime,persist,"INJUSDT,TIAUSDT","0-12,14-18,21-23",True,active,0,0,0,0,0.0,,1,0.0,301,3,2,1.0,,8.924063,0.0,0
2026-05-27T01:43:57.842785+00:00,inj_only,forward_optimized_long_ms_inj_only,persist,INJUSDT,"0-12,14-18,21-23",True,active,0,0,0,0,0.0,,0,0,301,1,1,1.0,,3.191041,0.0,0
2026-05-27T01:43:57.854874+00:00,tia_only,forward_optimized_long_ms_tia_only,persist,TIAUSDT,"0-12,14-18,21-23",True,active,0,0,0,0,0.0,,1,0.0,0,2,1,1.0,,5.733022,0.0,0
2026-05-27T01:43:58.154039+00:00,near_only_observation,forward_optimized_long_ms_near_only_observation,persist,NEARUSDT,"0-12,14-18,21-23",True,active,0,0,0,0,0.0,,0,0,67,1,1,0.0,0.0,-4.726769,0.0,0
2026-05-27T01:48:59.115848+00:00,inj_tia_regime_filtered,forward_optimized_long_ms_inj_tia_regime,persist,"INJUSDT,TIAUSDT","0-12,14-18,21-23",True,active,0,0,0,0,0.0,,1,0.0,304,3,2,1.0,,8.924063,0.0,0
2026-05-27T01:48:59.133857+00:00,inj_only,forward_optimized_long_ms_inj_only,persist,INJUSDT,"0-12,14-18,21-23",True,active,0,0,0,0,0.0,,0,0,304,1,1,1.0,,3.191041,0.0,0
2026-05-27T01:48:59.145738+00:00,tia_only,forward_optimized_long_ms_tia_only,persist,TIAUSDT,"0-12,14-18,21-23",True,active,0,0,0,0,0.0,,1,0.0,0,2,1,1.0,,5.733022,0.0,0
2026-05-27T01:48:59.443373+00:00,near_only_observation,forward_optimized_long_ms_near_only_observation,persist,NEARUSDT,"0-12,14-18,21-23",True,active,0,0,0,0,0.0,,0,0,67,1,1,0.0,0.0,-4.726769,0.0,0
2026-05-27T01:54:00.588041+00:00,inj_tia_regime_filtered,forward_optimized_long_ms_inj_tia_regime,persist,"INJUSDT,TIAUSDT","0-12,14-18,21-23",True,active,0,0,0,0,0.0,,1,0.0,306,3,2,1.0,,8.924063,0.0,0
2026-05-27T01:54:00.606274+00:00,inj_only,forward_optimized_long_ms_inj_only,persist,INJUSDT,"0-12,14-18,21-23",True,active,0,0,0,0,0.0,,0,0,306,1,1,1.0,,3.191041,0.0,0
2026-05-27T01:54:00.618487+00:00,tia_only,forward_optimized_long_ms_tia_only,persist,TIAUSDT,"0-12,14-18,21-23",True,active,0,0,0,0,0.0,,1,0.0,0,2,1,1.0,,5.733022,0.0,0
2026-05-27T01:54:00.928018+00:00,near_only_observation,forward_optimized_long_ms_near_only_observation,persist,NEARUSDT,"0-12,14-18,21-23",True,active,0,0,0,0,0.0,,0,0,69,1,1,0.0,0.0,-4.726769,0.0,0
2026-05-27T01:59:01.860981+00:00,inj_tia_regime_filtered,forward_optimized_long_ms_inj_tia_regime,persist,"INJUSDT,TIAUSDT","0-12,14-18,21-23",True,active,0,0,0,0,0.0,,1,0.0,308,3,2,1.0,,8.924063,0.0,0
2026-05-27T01:59:01.879076+00:00,inj_only,forward_optimized_long_ms_inj_only,persist,INJUSDT,"0-12,14-18,21-23",True,active,0,0,0,0,0.0,,0,0,308,1,1,1.0,,3.191041,0.0,0
2026-05-27T01:59:01.891200+00:00,tia_only,forward_optimized_long_ms_tia_only,persist,TIAUSDT,"0-12,14-18,21-23",True,active,0,0,0,0,0.0,,1,0.0,0,2,1,1.0,,5.733022,0.0,0
2026-05-27T01:59:02.242592+00:00,near_only_observation,forward_optimized_long_ms_near_only_observation,persist,NEARUSDT,"0-12,14-18,21-23",True,active,0,0,0,0,0.0,,0,0,73,1,1,0.0,0.0,-4.726769,0.0,0
2026-05-27T02:04:03.268169+00:00,inj_tia_regime_filtered,forward_optimized_long_ms_inj_tia_regime,persist,"INJUSDT,TIAUSDT","0-12,14-18,21-23",True,active,0,0,0,0,0.0,,1,0.0,310,3,2,1.0,,8.924063,0.0,0
2026-05-27T02:04:03.286374+00:00,inj_only,forward_optimized_long_ms_inj_only,persist,INJUSDT,"0-12,14-18,21-23",True,active,0,0,0,0,0.0,,0,0,310,1,1,1.0,,3.191041,0.0,0
2026-05-27T02:04:03.298629+00:00,tia_only,forward_optimized_long_ms_tia_only,persist,TIAUSDT,"0-12,14-18,21-23",True,active,0,0,0,0,0.0,,1,0.0,0,2,1,1.0,,5.733022,0.0,0
2026-05-27T02:04:03.606455+00:00,near_only_observation,forward_optimized_long_ms_near_only_observation,persist,NEARUSDT,"0-12,14-18,21-23",True,active,0,0,0,0,0.0,,0,0,75,1,1,0.0,0.0,-4.726769,0.0,0
2026-05-27T02:09:04.754130+00:00,inj_tia_regime_filtered,forward_optimized_long_ms_inj_tia_regime,persist,"INJUSDT,TIAUSDT","0-12,14-18,21-23",True,active,1,0,0,0,0.0,,1,-0.742903,313,3,2,1.0,,8.924063,0.0,0
2026-05-27T02:09:04.772321+00:00,inj_only,forward_optimized_long_ms_inj_only,persist,INJUSDT,"0-12,14-18,21-23",True,active,0,0,0,0,0.0,,0,0,312,1,1,1.0,,3.191041,0.0,0
2026-05-27T02:09:04.786476+00:00,tia_only,forward_optimized_long_ms_tia_only,persist,TIAUSDT,"0-12,14-18,21-23",True,active,1,0,0,0,0.0,,1,-0.742903,1,2,1,1.0,,5.733022,0.0,0
2026-05-27T02:09:05.088670+00:00,near_only_observation,forward_optimized_long_ms_near_only_observation,persist,NEARUSDT,"0-12,14-18,21-23",True,active,0,0,0,0,0.0,,0,0,77,1,1,0.0,0.0,-4.726769,0.0,0
2026-05-27T02:14:06.020044+00:00,inj_tia_regime_filtered,forward_optimized_long_ms_inj_tia_regime,persist,"INJUSDT,TIAUSDT","0-12,14-18,21-23",True,active,0,0,0,0,0.0,,1,-0.742903,314,3,2,1.0,,8.924063,0.0,0
2026-05-27T02:14:06.038143+00:00,inj_only,forward_optimized_long_ms_inj_only,persist,INJUSDT,"0-12,14-18,21-23",True,active,0,0,0,0,0.0,,0,0,314,1,1,1.0,,3.191041,0.0,0
2026-05-27T02:14:06.050433+00:00,tia_only,forward_optimized_long_ms_tia_only,persist,TIAUSDT,"0-12,14-18,21-23",True,active,0,0,0,0,0.0,,1,-0.742903,0,2,1,1.0,,5.733022,0.0,0
2026-05-27T02:14:06.350692+00:00,near_only_observation,forward_optimized_long_ms_near_only_observation,persist,NEARUSDT,"0-12,14-18,21-23",True,active,0,0,0,0,0.0,,0,0,77,1,1,0.0,0.0,-4.726769,0.0,0
2026-05-27T02:19:07.520750+00:00,inj_tia_regime_filtered,forward_optimized_long_ms_inj_tia_regime,persist,"INJUSDT,TIAUSDT","0-12,14-18,21-23",True,active,0,0,0,0,0.0,,1,-0.742903,318,3,2,1.0,,8.924063,0.0,0
2026-05-27T02:19:07.539213+00:00,inj_only,forward_optimized_long_ms_inj_only,persist,INJUSDT,"0-12,14-18,21-23",True,active,0,0,0,0,0.0,,0,0,318,1,1,1.0,,3.191041,0.0,0
2026-05-27T02:19:07.551645+00:00,tia_only,forward_optimized_long_ms_tia_only,persist,TIAUSDT,"0-12,14-18,21-23",True,active,0,0,0,0,0.0,,1,-0.742903,0,2,1,1.0,,5.733022,0.0,0
2026-05-27T02:19:07.859558+00:00,near_only_observation,forward_optimized_long_ms_near_only_observation,persist,NEARUSDT,"0-12,14-18,21-23",True,active,0,0,0,0,0.0,,0,0,84,1,1,0.0,0.0,-4.726769,0.0,0
2026-05-27T02:24:08.776389+00:00,inj_tia_regime_filtered,forward_optimized_long_ms_inj_tia_regime,persist,"INJUSDT,TIAUSDT","0-12,14-18,21-23",True,active,0,0,0,0,0.0,,1,-0.742903,320,3,2,1.0,,8.924063,0.0,0
2026-05-27T02:24:08.794877+00:00,inj_only,forward_optimized_long_ms_inj_only,persist,INJUSDT,"0-12,14-18,21-23",True,active,0,0,0,0,0.0,,0,0,320,1,1,1.0,,3.191041,0.0,0
2026-05-27T02:24:08.807016+00:00,tia_only,forward_optimized_long_ms_tia_only,persist,TIAUSDT,"0-12,14-18,21-23",True,active,0,0,0,0,0.0,,1,-0.742903,0,2,1,1.0,,5.733022,0.0,0
2026-05-27T02:24:09.115372+00:00,near_only_observation,forward_optimized_long_ms_near_only_observation,persist,NEARUSDT,"0-12,14-18,21-23",True,active,0,0,0,0,0.0,,0,0,120,1,1,0.0,0.0,-4.726769,0.0,0
2026-05-27T02:29:10.067472+00:00,inj_tia_regime_filtered,forward_optimized_long_ms_inj_tia_regime,persist,"INJUSDT,TIAUSDT","0-12,14-18,21-23",True,active,0,0,0,0,0.0,,1,-0.742903,321,3,2,1.0,,8.924063,0.0,0
2026-05-27T02:29:10.085919+00:00,inj_only,forward_optimized_long_ms_inj_only,persist,INJUSDT,"0-12,14-18,21-23",True,active,0,0,0,0,0.0,,0,0,321,1,1,1.0,,3.191041,0.0,0
2026-05-27T02:29:10.098314+00:00,tia_only,forward_optimized_long_ms_tia_only,persist,TIAUSDT,"0-12,14-18,21-23",True,active,0,0,0,0,0.0,,1,-0.742903,0,2,1,1.0,,5.733022,0.0,0
2026-05-27T02:29:10.407702+00:00,near_only_observation,forward_optimized_long_ms_near_only_observation,persist,NEARUSDT,"0-12,14-18,21-23",True,active,0,0,0,0,0.0,,0,0,122,1,1,0.0,0.0,-4.726769,0.0,0
2026-05-27T02:34:11.339732+00:00,inj_tia_regime_filtered,forward_optimized_long_ms_inj_tia_regime,persist,"INJUSDT,TIAUSDT","0-12,14-18,21-23",True,active,0,0,0,0,0.0,,1,-0.742903,322,3,2,1.0,,8.924063,0.0,0
2026-05-27T02:34:11.358390+00:00,inj_only,forward_optimized_long_ms_inj_only,persist,INJUSDT,"0-12,14-18,21-23",True,active,0,0,0,0,0.0,,0,0,322,1,1,1.0,,3.191041,0.0,0
2026-05-27T02:34:11.370865+00:00,tia_only,forward_optimized_long_ms_tia_only,persist,TIAUSDT,"0-12,14-18,21-23",True,active,0,0,0,0,0.0,,1,-0.742903,0,2,1,1.0,,5.733022,0.0,0
2026-05-27T02:34:11.682298+00:00,near_only_observation,forward_optimized_long_ms_near_only_observation,persist,NEARUSDT,"0-12,14-18,21-23",True,active,0,0,0,0,0.0,,0,0,124,1,1,0.0,0.0,-4.726769,0.0,0
2026-05-27T02:39:12.857142+00:00,inj_tia_regime_filtered,forward_optimized_long_ms_inj_tia_regime,persist,"INJUSDT,TIAUSDT","0-12,14-18,21-23",True,active,0,0,0,0,0.0,,1,-0.742903,326,3,2,1.0,,8.924063,0.0,0
2026-05-27T02:39:12.875706+00:00,inj_only,forward_optimized_long_ms_inj_only,persist,INJUSDT,"0-12,14-18,21-23",True,active,0,0,0,0,0.0,,0,0,326,1,1,1.0,,3.191041,0.0,0
2026-05-27T02:39:12.887922+00:00,tia_only,forward_optimized_long_ms_tia_only,persist,TIAUSDT,"0-12,14-18,21-23",True,active,0,0,0,0,0.0,,1,-0.742903,0,2,1,1.0,,5.733022,0.0,0
2026-05-27T02:39:13.231025+00:00,near_only_observation,forward_optimized_long_ms_near_only_observation,persist,NEARUSDT,"0-12,14-18,21-23",True,active,1,0,0,0,0.0,,1,0.0,125,2,1,0.0,0.0,-4.726769,0.0,0
2026-05-27T02:44:15.022391+00:00,inj_tia_regime_filtered,forward_optimized_long_ms_inj_tia_regime,persist,"INJUSDT,TIAUSDT","0-12,14-18,21-23",True,active,0,0,0,0,0.0,,1,-0.742903,329,3,2,1.0,,8.924063,0.0,0
2026-05-27T02:44:15.041178+00:00,inj_only,forward_optimized_long_ms_inj_only,persist,INJUSDT,"0-12,14-18,21-23",True,active,0,0,0,0,0.0,,0,0,329,1,1,1.0,,3.191041,0.0,0
2026-05-27T02:44:15.053788+00:00,tia_only,forward_optimized_long_ms_tia_only,persist,TIAUSDT,"0-12,14-18,21-23",True,active,0,0,0,0,0.0,,1,-0.742903,0,2,1,1.0,,5.733022,0.0,0
2026-05-27T02:44:15.359618+00:00,near_only_observation,forward_optimized_long_ms_near_only_observation,persist,NEARUSDT,"0-12,14-18,21-23",True,active,1,0,0,0,0.0,,1,0.796052,3,2,1,0.0,0.0,-4.726769,0.0,0
2026-05-27T02:49:16.525877+00:00,inj_tia_regime_filtered,forward_optimized_long_ms_inj_tia_regime,persist,"INJUSDT,TIAUSDT","0-12,14-18,21-23",True,active,0,0,0,0,0.0,,1,-0.742903,330,3,2,1.0,,8.924063,0.0,0
2026-05-27T02:49:16.544746+00:00,inj_only,forward_optimized_long_ms_inj_only,persist,INJUSDT,"0-12,14-18,21-23",True,active,0,0,0,0,0.0,,0,0,330,1,1,1.0,,3.191041,0.0,0
2026-05-27T02:49:16.557159+00:00,tia_only,forward_optimized_long_ms_tia_only,persist,TIAUSDT,"0-12,14-18,21-23",True,active,0,0,0,0,0.0,,1,-0.742903,0,2,1,1.0,,5.733022,0.0,0
2026-05-27T02:49:16.870510+00:00,near_only_observation,forward_optimized_long_ms_near_only_observation,persist,NEARUSDT,"0-12,14-18,21-23",True,active,1,0,0,0,0.0,,1,1.023495,2,2,1,0.0,0.0,-4.726769,0.0,0
2026-05-27T02:54:18.258751+00:00,inj_tia_regime_filtered,forward_optimized_long_ms_inj_tia_regime,persist,"INJUSDT,TIAUSDT","0-12,14-18,21-23",True,active,1,0,0,0,0.0,,1,-0.501028,334,3,2,1.0,,8.924063,0.0,0
2026-05-27T02:54:18.277822+00:00,inj_only,forward_optimized_long_ms_inj_only,persist,INJUSDT,"0-12,14-18,21-23",True,active,0,0,0,0,0.0,,0,0,332,1,1,1.0,,3.191041,0.0,0
2026-05-27T02:54:18.291332+00:00,tia_only,forward_optimized_long_ms_tia_only,persist,TIAUSDT,"0-12,14-18,21-23",True,active,1,0,0,0,0.0,,1,-0.501028,2,2,1,1.0,,5.733022,0.0,0
2026-05-27T02:54:18.597328+00:00,near_only_observation,forward_optimized_long_ms_near_only_observation,persist,NEARUSDT,"0-12,14-18,21-23",True,active,0,0,0,0,0.0,,1,1.023495,0,2,1,0.0,0.0,-4.726769,0.0,0
2026-05-27T02:59:19.954609+00:00,inj_tia_regime_filtered,forward_optimized_long_ms_inj_tia_regime,persist,"INJUSDT,TIAUSDT","0-12,14-18,21-23",True,active,0,0,0,0,0.0,,1,-0.501028,333,3,2,1.0,,8.924063,0.0,0
2026-05-27T02:59:19.973603+00:00,inj_only,forward_optimized_long_ms_inj_only,persist,INJUSDT,"0-12,14-18,21-23",True,active,0,0,0,0,0.0,,0,0,333,1,1,1.0,,3.191041,0.0,0
2026-05-27T02:59:19.986037+00:00,tia_only,forward_optimized_long_ms_tia_only,persist,TIAUSDT,"0-12,14-18,21-23",True,active,0,0,0,0,0.0,,1,-0.501028,0,2,1,1.0,,5.733022,0.0,0
2026-05-27T02:59:20.494409+00:00,near_only_observation,forward_optimized_long_ms_near_only_observation,persist,NEARUSDT,"0-12,14-18,21-23",True,active,1,0,0,0,0.0,,1,0.6539,1,2,1,0.0,0.0,-4.726769,0.0,0
2026-05-27T03:04:21.519707+00:00,inj_tia_regime_filtered,forward_optimized_long_ms_inj_tia_regime,persist,"INJUSDT,TIAUSDT","0-12,14-18,21-23",True,active,1,0,0,0,0.0,,1,-0.76018,343,3,2,1.0,,8.924063,0.0,0
2026-05-27T03:04:21.538491+00:00,inj_only,forward_optimized_long_ms_inj_only,persist,INJUSDT,"0-12,14-18,21-23",True,active,0,0,0,0,0.0,,0,0,338,1,1,1.0,,3.191041,0.0,0
2026-05-27T03:04:21.552170+00:00,tia_only,forward_optimized_long_ms_tia_only,persist,TIAUSDT,"0-12,14-18,21-23",True,active,1,0,0,0,0.0,,1,-0.76018,5,2,1,1.0,,5.733022,0.0,0
2026-05-27T03:04:21.845574+00:00,near_only_observation,forward_optimized_long_ms_near_only_observation,persist,NEARUSDT,"0-12,14-18,21-23",True,active,1,0,0,0,0.0,,1,1.023495,1,2,1,0.0,0.0,-4.726769,0.0,0
2026-05-27T03:09:22.785218+00:00,inj_tia_regime_filtered,forward_optimized_long_ms_inj_tia_regime,persist,"INJUSDT,TIAUSDT","0-12,14-18,21-23",True,active,0,0,0,0,0.0,,1,-0.76018,340,3,2,1.0,,8.924063,0.0,0
2026-05-27T03:09:22.803887+00:00,inj_only,forward_optimized_long_ms_inj_only,persist,INJUSDT,"0-12,14-18,21-23",True,active,0,0,0,0,0.0,,0,0,340,1,1,1.0,,3.191041,0.0,0
2026-05-27T03:09:22.816081+00:00,tia_only,forward_optimized_long_ms_tia_only,persist,TIAUSDT,"0-12,14-18,21-23",True,active,0,0,0,0,0.0,,1,-0.76018,0,2,1,1.0,,5.733022,0.0,0
2026-05-27T03:09:23.117007+00:00,near_only_observation,forward_optimized_long_ms_near_only_observation,persist,NEARUSDT,"0-12,14-18,21-23",True,active,1,0,0,0,0.0,,1,1.393091,1,2,1,0.0,0.0,-4.726769,0.0,0
2026-05-27T03:14:24.049551+00:00,inj_tia_regime_filtered,forward_optimized_long_ms_inj_tia_regime,persist,"INJUSDT,TIAUSDT","0-12,14-18,21-23",True,active,0,0,0,0,0.0,,1,-0.76018,342,3,2,1.0,,8.924063,0.0,0
2026-05-27T03:14:24.068581+00:00,inj_only,forward_optimized_long_ms_inj_only,persist,INJUSDT,"0-12,14-18,21-23",True,active,0,0,0,0,0.0,,0,0,342,1,1,1.0,,3.191041,0.0,0
2026-05-27T03:14:24.080868+00:00,tia_only,forward_optimized_long_ms_tia_only,persist,TIAUSDT,"0-12,14-18,21-23",True,active,0,0,0,0,0.0,,1,-0.76018,0,2,1,1.0,,5.733022,0.0,0
2026-05-27T03:14:24.380103+00:00,near_only_observation,forward_optimized_long_ms_near_only_observation,persist,NEARUSDT,"0-12,14-18,21-23",True,active,0,0,0,0,0.0,,1,1.393091,0,2,1,0.0,0.0,-4.726769,0.0,0
2026-05-27T03:19:25.289066+00:00,inj_tia_regime_filtered,forward_optimized_long_ms_inj_tia_regime,persist,"INJUSDT,TIAUSDT","0-12,14-18,21-23",True,active,0,0,0,0,0.0,,1,-0.76018,344,3,2,1.0,,8.924063,0.0,0
2026-05-27T03:19:25.307841+00:00,inj_only,forward_optimized_long_ms_inj_only,persist,INJUSDT,"0-12,14-18,21-23",True,active,0,0,0,0,0.0,,0,0,344,1,1,1.0,,3.191041,0.0,0
2026-05-27T03:19:25.320331+00:00,tia_only,forward_optimized_long_ms_tia_only,persist,TIAUSDT,"0-12,14-18,21-23",True,active,0,0,0,0,0.0,,1,-0.76018,0,2,1,1.0,,5.733022,0.0,0
2026-05-27T03:19:25.614539+00:00,near_only_observation,forward_optimized_long_ms_near_only_observation,persist,NEARUSDT,"0-12,14-18,21-23",True,active,1,0,0,0,0.0,,1,1.478382,1,2,1,0.0,0.0,-4.726769,0.0,0
2026-05-27T03:24:26.559627+00:00,inj_tia_regime_filtered,forward_optimized_long_ms_inj_tia_regime,persist,"INJUSDT,TIAUSDT","0-12,14-18,21-23",True,active,0,0,0,0,0.0,,1,-0.76018,348,3,2,1.0,,8.924063,0.0,0
2026-05-27T03:24:26.578424+00:00,inj_only,forward_optimized_long_ms_inj_only,persist,INJUSDT,"0-12,14-18,21-23",True,active,0,0,0,0,0.0,,0,0,348,1,1,1.0,,3.191041,0.0,0
2026-05-27T03:24:26.590878+00:00,tia_only,forward_optimized_long_ms_tia_only,persist,TIAUSDT,"0-12,14-18,21-23",True,active,0,0,0,0,0.0,,1,-0.76018,0,2,1,1.0,,5.733022,0.0,0
2026-05-27T03:24:26.890278+00:00,near_only_observation,forward_optimized_long_ms_near_only_observation,persist,NEARUSDT,"0-12,14-18,21-23",True,active,0,0,0,0,0.0,,1,1.478382,0,2,1,0.0,0.0,-4.726769,0.0,0
2026-05-27T03:29:27.999165+00:00,inj_tia_regime_filtered,forward_optimized_long_ms_inj_tia_regime,persist,"INJUSDT,TIAUSDT","0-12,14-18,21-23",True,active,0,0,0,0,0.0,,1,-0.76018,350,3,2,1.0,,8.924063,0.0,0
2026-05-27T03:29:28.018455+00:00,inj_only,forward_optimized_long_ms_inj_only,persist,INJUSDT,"0-12,14-18,21-23",True,active,0,0,0,0,0.0,,0,0,350,1,1,1.0,,3.191041,0.0,0
2026-05-27T03:29:28.030929+00:00,tia_only,forward_optimized_long_ms_tia_only,persist,TIAUSDT,"0-12,14-18,21-23",True,active,0,0,0,0,0.0,,1,-0.76018,0,2,1,1.0,,5.733022,0.0,0
2026-05-27T03:29:28.327982+00:00,near_only_observation,forward_optimized_long_ms_near_only_observation,persist,NEARUSDT,"0-12,14-18,21-23",True,active,1,0,0,0,0.0,,1,1.648964,1,2,1,0.0,0.0,-4.726769,0.0,0
2026-05-27T03:34:29.724032+00:00,inj_tia_regime_filtered,forward_optimized_long_ms_inj_tia_regime,persist,"INJUSDT,TIAUSDT","0-12,14-18,21-23",True,active,1,0,0,0,0.0,,1,-1.036609,356,3,2,1.0,,8.924063,0.0,0
2026-05-27T03:34:29.743109+00:00,inj_only,forward_optimized_long_ms_inj_only,persist,INJUSDT,"0-12,14-18,21-23",True,active,0,0,0,0,0.0,,0,0,353,1,1,1.0,,3.191041,0.0,0
2026-05-27T03:34:29.757042+00:00,tia_only,forward_optimized_long_ms_tia_only,persist,TIAUSDT,"0-12,14-18,21-23",True,active,1,0,0,0,0.0,,1,-1.036609,3,2,1,1.0,,5.733022,0.0,0
2026-05-27T03:34:30.057166+00:00,near_only_observation,forward_optimized_long_ms_near_only_observation,persist,NEARUSDT,"0-12,14-18,21-23",True,active,0,0,0,0,0.0,,1,1.648964,0,2,1,0.0,0.0,-4.726769,0.0,0
2026-05-27T03:39:31.380201+00:00,inj_tia_regime_filtered,forward_optimized_long_ms_inj_tia_regime,persist,"INJUSDT,TIAUSDT","0-12,14-18,21-23",True,active,0,0,0,0,0.0,,1,-1.036609,355,3,2,1.0,,8.924063,0.0,0
2026-05-27T03:39:31.399403+00:00,inj_only,forward_optimized_long_ms_inj_only,persist,INJUSDT,"0-12,14-18,21-23",True,active,0,0,0,0,0.0,,0,0,355,1,1,1.0,,3.191041,0.0,0
2026-05-27T03:39:31.412002+00:00,tia_only,forward_optimized_long_ms_tia_only,persist,TIAUSDT,"0-12,14-18,21-23",True,active,0,0,0,0,0.0,,1,-1.036609,0,2,1,1.0,,5.733022,0.0,0
2026-05-27T03:39:31.709080+00:00,near_only_observation,forward_optimized_long_ms_near_only_observation,persist,NEARUSDT,"0-12,14-18,21-23",True,active,0,0,0,0,0.0,,1,1.648964,0,2,1,0.0,0.0,-4.726769,0.0,0
2026-05-27T03:44:32.702650+00:00,inj_tia_regime_filtered,forward_optimized_long_ms_inj_tia_regime,persist,"INJUSDT,TIAUSDT","0-12,14-18,21-23",True,active,0,0,0,0,0.0,,1,-1.036609,360,3,2,1.0,,8.924063,0.0,0
2026-05-27T03:44:32.721988+00:00,inj_only,forward_optimized_long_ms_inj_only,persist,INJUSDT,"0-12,14-18,21-23",True,active,0,0,0,0,0.0,,0,0,360,1,1,1.0,,3.191041,0.0,0
2026-05-27T03:44:32.734437+00:00,tia_only,forward_optimized_long_ms_tia_only,persist,TIAUSDT,"0-12,14-18,21-23",True,active,0,0,0,0,0.0,,1,-1.036609,0,2,1,1.0,,5.733022,0.0,0
2026-05-27T03:44:33.444418+00:00,near_only_observation,forward_optimized_long_ms_near_only_observation,persist,NEARUSDT,"0-12,14-18,21-23",True,active,0,0,0,0,0.0,,1,1.648964,0,2,1,0.0,0.0,-4.726769,0.0,0
2026-05-27T03:49:34.379605+00:00,inj_tia_regime_filtered,forward_optimized_long_ms_inj_tia_regime,persist,"INJUSDT,TIAUSDT","0-12,14-18,21-23",True,active,1,0,0,0,0.0,,1,-1.46853,362,3,2,1.0,,8.924063,0.0,0
2026-05-27T03:49:34.398755+00:00,inj_only,forward_optimized_long_ms_inj_only,persist,INJUSDT,"0-12,14-18,21-23",True,active,0,0,0,0,0.0,,0,0,361,1,1,1.0,,3.191041,0.0,0
2026-05-27T03:49:34.412700+00:00,tia_only,forward_optimized_long_ms_tia_only,persist,TIAUSDT,"0-12,14-18,21-23",True,active,1,0,0,0,0.0,,1,-1.46853,1,2,1,1.0,,5.733022,0.0,0
2026-05-27T03:49:34.714645+00:00,near_only_observation,forward_optimized_long_ms_near_only_observation,persist,NEARUSDT,"0-12,14-18,21-23",True,active,1,0,0,0,0.0,,1,0.710761,4,2,1,0.0,0.0,-4.726769,0.0,0
2026-05-27T03:54:35.709789+00:00,inj_tia_regime_filtered,forward_optimized_long_ms_inj_tia_regime,persist,"INJUSDT,TIAUSDT","0-12,14-18,21-23",True,active,0,0,0,0,0.0,,1,-1.46853,363,3,2,1.0,,8.924063,0.0,0
2026-05-27T03:54:35.729030+00:00,inj_only,forward_optimized_long_ms_inj_only,persist,INJUSDT,"0-12,14-18,21-23",True,active,0,0,0,0,0.0,,0,0,363,1,1,1.0,,3.191041,0.0,0
2026-05-27T03:54:35.741313+00:00,tia_only,forward_optimized_long_ms_tia_only,persist,TIAUSDT,"0-12,14-18,21-23",True,active,0,0,0,0,0.0,,1,-1.46853,0,2,1,1.0,,5.733022,0.0,0
2026-05-27T03:54:36.047696+00:00,near_only_observation,forward_optimized_long_ms_near_only_observation,persist,NEARUSDT,"0-12,14-18,21-23",True,active,1,0,0,0,0.0,,1,0.454887,1,2,1,0.0,0.0,-4.726769,0.0,0
2026-05-27T03:59:37.698913+00:00,inj_tia_regime_filtered,forward_optimized_long_ms_inj_tia_regime,persist,"INJUSDT,TIAUSDT","0-12,14-18,21-23",True,active,0,0,0,0,0.0,,1,-1.46853,365,3,2,1.0,,8.924063,0.0,0
2026-05-27T03:59:37.718256+00:00,inj_only,forward_optimized_long_ms_inj_only,persist,INJUSDT,"0-12,14-18,21-23",True,active,0,0,0,0,0.0,,0,0,365,1,1,1.0,,3.191041,0.0,0
2026-05-27T03:59:37.730512+00:00,tia_only,forward_optimized_long_ms_tia_only,persist,TIAUSDT,"0-12,14-18,21-23",True,active,0,0,0,0,0.0,,1,-1.46853,0,2,1,1.0,,5.733022,0.0,0
2026-05-27T03:59:38.039237+00:00,near_only_observation,forward_optimized_long_ms_near_only_observation,persist,NEARUSDT,"0-12,14-18,21-23",True,active,1,0,0,0,0.0,,1,0.426456,1,2,1,0.0,0.0,-4.726769,0.0,0
2026-05-27T04:04:39.374520+00:00,inj_tia_regime_filtered,forward_optimized_long_ms_inj_tia_regime,persist,"INJUSDT,TIAUSDT","0-12,14-18,21-23",True,active,1,0,0,0,0.0,,1,-1.08844,369,3,2,1.0,,8.924063,0.0,0
2026-05-27T04:04:39.393975+00:00,inj_only,forward_optimized_long_ms_inj_only,persist,INJUSDT,"0-12,14-18,21-23",True,active,0,0,0,0,0.0,,0,0,368,1,1,1.0,,3.191041,0.0,0
2026-05-27T04:04:39.408355+00:00,tia_only,forward_optimized_long_ms_tia_only,persist,TIAUSDT,"0-12,14-18,21-23",True,active,1,0,0,0,0.0,,1,-1.08844,1,2,1,1.0,,5.733022,0.0,0
2026-05-27T04:04:39.711313+00:00,near_only_observation,forward_optimized_long_ms_near_only_observation,persist,NEARUSDT,"0-12,14-18,21-23",True,active,0,0,0,0,0.0,,1,0.426456,0,2,1,0.0,0.0,-4.726769,0.0,0
2026-05-27T04:09:40.632169+00:00,inj_tia_regime_filtered,forward_optimized_long_ms_inj_tia_regime,persist,"INJUSDT,TIAUSDT","0-12,14-18,21-23",True,active,0,0,0,0,0.0,,1,-1.08844,370,3,2,1.0,,8.924063,0.0,0
2026-05-27T04:09:40.651412+00:00,inj_only,forward_optimized_long_ms_inj_only,persist,INJUSDT,"0-12,14-18,21-23",True,active,0,0,0,0,0.0,,0,0,370,1,1,1.0,,3.191041,0.0,0
2026-05-27T04:09:40.663930+00:00,tia_only,forward_optimized_long_ms_tia_only,persist,TIAUSDT,"0-12,14-18,21-23",True,active,0,0,0,0,0.0,,1,-1.08844,0,2,1,1.0,,5.733022,0.0,0
2026-05-27T04:09:40.971071+00:00,near_only_observation,forward_optimized_long_ms_near_only_observation,persist,NEARUSDT,"0-12,14-18,21-23",True,active,1,0,0,0,0.0,,1,0.625469,5,2,1,0.0,0.0,-4.726769,0.0,0
2026-05-27T04:14:41.911428+00:00,inj_tia_regime_filtered,forward_optimized_long_ms_inj_tia_regime,persist,"INJUSDT,TIAUSDT","0-12,14-18,21-23",True,active,0,0,0,0,0.0,,1,-1.08844,372,3,2,1.0,,8.924063,0.0,0
2026-05-27T04:14:41.930675+00:00,inj_only,forward_optimized_long_ms_inj_only,persist,INJUSDT,"0-12,14-18,21-23",True,active,0,0,0,0,0.0,,0,0,372,1,1,1.0,,3.191041,0.0,0
2026-05-27T04:14:41.942985+00:00,tia_only,forward_optimized_long_ms_tia_only,persist,TIAUSDT,"0-12,14-18,21-23",True,active,0,0,0,0,0.0,,1,-1.08844,0,2,1,1.0,,5.733022,0.0,0
2026-05-27T04:14:42.263555+00:00,near_only_observation,forward_optimized_long_ms_near_only_observation,persist,NEARUSDT,"0-12,14-18,21-23",True,active,0,0,0,0,0.0,,1,0.625469,0,2,1,0.0,0.0,-4.726769,0.0,0
2026-05-27T04:19:43.208447+00:00,inj_tia_regime_filtered,forward_optimized_long_ms_inj_tia_regime,persist,"INJUSDT,TIAUSDT","0-12,14-18,21-23",True,active,1,0,0,0,0.0,,1,-2.211433,376,3,2,1.0,,8.924063,0.0,0
2026-05-27T04:19:43.227922+00:00,inj_only,forward_optimized_long_ms_inj_only,persist,INJUSDT,"0-12,14-18,21-23",True,active,0,0,0,0,0.0,,0,0,374,1,1,1.0,,3.191041,0.0,0
2026-05-27T04:19:43.241745+00:00,tia_only,forward_optimized_long_ms_tia_only,persist,TIAUSDT,"0-12,14-18,21-23",True,active,1,0,0,0,0.0,,1,-2.211433,2,2,1,1.0,,5.733022,0.0,0
2026-05-27T04:19:43.553890+00:00,near_only_observation,forward_optimized_long_ms_near_only_observation,persist,NEARUSDT,"0-12,14-18,21-23",True,active,1,0,0,0,0.0,,1,0.341165,4,2,1,0.0,0.0,-4.726769,0.0,0
2026-05-27T04:24:44.931479+00:00,inj_tia_regime_filtered,forward_optimized_long_ms_inj_tia_regime,persist,"INJUSDT,TIAUSDT","0-12,14-18,21-23",True,active,1,0,0,0,0.0,,1,-2.055942,378,3,2,1.0,,8.924063,0.0,0
2026-05-27T04:24:44.951118+00:00,inj_only,forward_optimized_long_ms_inj_only,persist,INJUSDT,"0-12,14-18,21-23",True,active,0,0,0,0,0.0,,0,0,376,1,1,1.0,,3.191041,0.0,0
2026-05-27T04:24:44.965101+00:00,tia_only,forward_optimized_long_ms_tia_only,persist,TIAUSDT,"0-12,14-18,21-23",True,active,1,0,0,0,0.0,,1,-2.055942,2,2,1,1.0,,5.733022,0.0,0
2026-05-27T04:24:45.264966+00:00,near_only_observation,forward_optimized_long_ms_near_only_observation,persist,NEARUSDT,"0-12,14-18,21-23",True,active,1,0,0,0,0.0,,1,0.227443,4,2,1,0.0,0.0,-4.726769,0.0,0
2026-05-27T04:29:46.205266+00:00,inj_tia_regime_filtered,forward_optimized_long_ms_inj_tia_regime,persist,"INJUSDT,TIAUSDT","0-12,14-18,21-23",True,active,0,0,0,0,0.0,,1,-2.055942,378,3,2,1.0,,8.924063,0.0,0
2026-05-27T04:29:46.224828+00:00,inj_only,forward_optimized_long_ms_inj_only,persist,INJUSDT,"0-12,14-18,21-23",True,active,0,0,0,0,0.0,,0,0,378,1,1,1.0,,3.191041,0.0,0
2026-05-27T04:29:46.237558+00:00,tia_only,forward_optimized_long_ms_tia_only,persist,TIAUSDT,"0-12,14-18,21-23",True,active,0,0,0,0,0.0,,1,-2.055942,0,2,1,1.0,,5.733022,0.0,0
2026-05-27T04:29:46.668728+00:00,near_only_observation,forward_optimized_long_ms_near_only_observation,persist,NEARUSDT,"0-12,14-18,21-23",True,active,1,0,0,0,0.0,,1,0.824482,6,2,1,0.0,0.0,-4.726769,0.0,0
2026-05-27T04:34:47.568250+00:00,inj_tia_regime_filtered,forward_optimized_long_ms_inj_tia_regime,persist,"INJUSDT,TIAUSDT","0-12,14-18,21-23",True,active,1,0,0,0,0.0,,1,-2.93706,428,3,2,1.0,,8.924063,0.0,0
2026-05-27T04:34:47.590090+00:00,inj_only,forward_optimized_long_ms_inj_only,persist,INJUSDT,"0-12,14-18,21-23",True,active,0,0,0,0,0.0,,0,0,426,1,1,1.0,,3.191041,0.0,0
2026-05-27T04:34:47.605487+00:00,tia_only,forward_optimized_long_ms_tia_only,persist,TIAUSDT,"0-12,14-18,21-23",True,active,1,0,0,0,0.0,,1,-2.93706,2,2,1,1.0,,5.733022,0.0,0
2026-05-27T04:34:47.903493+00:00,near_only_observation,forward_optimized_long_ms_near_only_observation,persist,NEARUSDT,"0-12,14-18,21-23",True,active,1,0,0,0,0.0,,1,0.852913,1,2,1,0.0,0.0,-4.726769,0.0,0
2026-05-27T04:39:49.054464+00:00,inj_tia_regime_filtered,forward_optimized_long_ms_inj_tia_regime,persist,"INJUSDT,TIAUSDT","0-12,14-18,21-23",True,active,0,0,0,0,0.0,,1,-2.93706,429,3,2,1.0,,8.924063,0.0,0
2026-05-27T04:39:49.075340+00:00,inj_only,forward_optimized_long_ms_inj_only,persist,INJUSDT,"0-12,14-18,21-23",True,active,0,0,0,0,0.0,,0,0,429,1,1,1.0,,3.191041,0.0,0
2026-05-27T04:39:49.087954+00:00,tia_only,forward_optimized_long_ms_tia_only,persist,TIAUSDT,"0-12,14-18,21-23",True,active,0,0,0,0,0.0,,1,-2.93706,0,2,1,1.0,,5.733022,0.0,0
2026-05-27T04:39:49.597036+00:00,near_only_observation,forward_optimized_long_ms_near_only_observation,persist,NEARUSDT,"0-12,14-18,21-23",True,active,0,0,0,0,0.0,,1,0.852913,0,2,1,0.0,0.0,-4.726769,0.0,0
2026-05-27T04:44:50.949712+00:00,inj_tia_regime_filtered,forward_optimized_long_ms_inj_tia_regime,persist,"INJUSDT,TIAUSDT","0-12,14-18,21-23",True,active,0,0,0,0,0.0,,1,-2.93706,431,3,2,1.0,,8.924063,0.0,0
2026-05-27T04:44:50.970299+00:00,inj_only,forward_optimized_long_ms_inj_only,persist,INJUSDT,"0-12,14-18,21-23",True,active,0,0,0,0,0.0,,0,0,431,1,1,1.0,,3.191041,0.0,0
2026-05-27T04:44:50.982894+00:00,tia_only,forward_optimized_long_ms_tia_only,persist,TIAUSDT,"0-12,14-18,21-23",True,active,0,0,0,0,0.0,,1,-2.93706,0,2,1,1.0,,5.733022,0.0,0
2026-05-27T04:44:51.285092+00:00,near_only_observation,forward_optimized_long_ms_near_only_observation,persist,NEARUSDT,"0-12,14-18,21-23",True,active,1,0,0,0,0.0,,1,0.824482,1,2,1,0.0,0.0,-4.726769,0.0,0
2026-05-27T04:49:52.206147+00:00,inj_tia_regime_filtered,forward_optimized_long_ms_inj_tia_regime,persist,"INJUSDT,TIAUSDT","0-12,14-18,21-23",True,active,0,0,0,0,0.0,,1,-2.93706,434,3,2,1.0,,8.924063,0.0,0
2026-05-27T04:49:52.226899+00:00,inj_only,forward_optimized_long_ms_inj_only,persist,INJUSDT,"0-12,14-18,21-23",True,active,0,0,0,0,0.0,,0,0,434,1,1,1.0,,3.191041,0.0,0
2026-05-27T04:49:52.239695+00:00,tia_only,forward_optimized_long_ms_tia_only,persist,TIAUSDT,"0-12,14-18,21-23",True,active,0,0,0,0,0.0,,1,-2.93706,0,2,1,1.0,,5.733022,0.0,0
2026-05-27T04:49:52.546524+00:00,near_only_observation,forward_optimized_long_ms_near_only_observation,persist,NEARUSDT,"0-12,14-18,21-23",True,active,0,0,0,0,0.0,,1,0.824482,0,2,1,0.0,0.0,-4.726769,0.0,0
2026-05-27T04:54:53.474831+00:00,inj_tia_regime_filtered,forward_optimized_long_ms_inj_tia_regime,persist,"INJUSDT,TIAUSDT","0-12,14-18,21-23",True,active,1,0,0,0,0.0,,1,-2.211433,440,3,2,1.0,,8.924063,0.0,0
2026-05-27T04:54:53.495807+00:00,inj_only,forward_optimized_long_ms_inj_only,persist,INJUSDT,"0-12,14-18,21-23",True,active,0,0,0,0,0.0,,0,0,439,1,1,1.0,,3.191041,0.0,0
2026-05-27T04:54:53.509770+00:00,tia_only,forward_optimized_long_ms_tia_only,persist,TIAUSDT,"0-12,14-18,21-23",True,active,1,0,0,0,0.0,,1,-2.211433,1,2,1,1.0,,5.733022,0.0,0
2026-05-27T04:54:53.817549+00:00,near_only_observation,forward_optimized_long_ms_near_only_observation,persist,NEARUSDT,"0-12,14-18,21-23",True,active,0,0,0,0,0.0,,1,0.824482,0,2,1,0.0,0.0,-4.726769,0.0,0
2026-05-27T04:59:54.819222+00:00,inj_tia_regime_filtered,forward_optimized_long_ms_inj_tia_regime,persist,"INJUSDT,TIAUSDT","0-12,14-18,21-23",True,active,0,0,0,0,0.0,,1,-2.211433,441,3,2,1.0,,8.924063,0.0,0
2026-05-27T04:59:54.839712+00:00,inj_only,forward_optimized_long_ms_inj_only,persist,INJUSDT,"0-12,14-18,21-23",True,active,0,0,0,0,0.0,,0,0,441,1,1,1.0,,3.191041,0.0,0
2026-05-27T04:59:54.852291+00:00,tia_only,forward_optimized_long_ms_tia_only,persist,TIAUSDT,"0-12,14-18,21-23",True,active,0,0,0,0,0.0,,1,-2.211433,0,2,1,1.0,,5.733022,0.0,0
2026-05-27T04:59:55.154789+00:00,near_only_observation,forward_optimized_long_ms_near_only_observation,persist,NEARUSDT,"0-12,14-18,21-23",True,active,0,0,0,0,0.0,,1,0.824482,0,2,1,0.0,0.0,-4.726769,0.0,0
2026-05-27T05:04:56.130266+00:00,inj_tia_regime_filtered,forward_optimized_long_ms_inj_tia_regime,persist,"INJUSDT,TIAUSDT","0-12,14-18,21-23",True,active,1,0,0,0,0.0,,1,-1.762236,444,3,2,1.0,,8.924063,0.0,0
2026-05-27T05:04:56.151165+00:00,inj_only,forward_optimized_long_ms_inj_only,persist,INJUSDT,"0-12,14-18,21-23",True,active,0,0,0,0,0.0,,0,0,443,1,1,1.0,,3.191041,0.0,0
2026-05-27T05:04:56.164996+00:00,tia_only,forward_optimized_long_ms_tia_only,persist,TIAUSDT,"0-12,14-18,21-23",True,active,1,0,0,0,0.0,,1,-1.762236,1,2,1,1.0,,5.733022,0.0,0
2026-05-27T05:04:56.467410+00:00,near_only_observation,forward_optimized_long_ms_near_only_observation,persist,NEARUSDT,"0-12,14-18,21-23",True,active,1,0,0,0,0.0,,1,1.506812,1,2,1,0.0,0.0,-4.726769,0.0,0
2026-05-27T05:09:57.400179+00:00,inj_tia_regime_filtered,forward_optimized_long_ms_inj_tia_regime,persist,"INJUSDT,TIAUSDT","0-12,14-18,21-23",True,active,0,0,0,0,0.0,,1,-1.762236,445,3,2,1.0,,8.924063,0.0,0
2026-05-27T05:09:57.421065+00:00,inj_only,forward_optimized_long_ms_inj_only,persist,INJUSDT,"0-12,14-18,21-23",True,active,0,0,0,0,0.0,,0,0,445,1,1,1.0,,3.191041,0.0,0
2026-05-27T05:09:57.433746+00:00,tia_only,forward_optimized_long_ms_tia_only,persist,TIAUSDT,"0-12,14-18,21-23",True,active,0,0,0,0,0.0,,1,-1.762236,0,2,1,1.0,,5.733022,0.0,0
2026-05-27T05:09:57.738065+00:00,near_only_observation,forward_optimized_long_ms_near_only_observation,persist,NEARUSDT,"0-12,14-18,21-23",True,active,0,0,0,0,0.0,,1,1.506812,0,2,1,0.0,0.0,-4.726769,0.0,0
2026-05-27T05:14:58.663484+00:00,inj_tia_regime_filtered,forward_optimized_long_ms_inj_tia_regime,persist,"INJUSDT,TIAUSDT","0-12,14-18,21-23",True,active,0,0,0,0,0.0,,1,-1.762236,447,3,2,1.0,,8.924063,0.0,0
2026-05-27T05:14:58.684314+00:00,inj_only,forward_optimized_long_ms_inj_only,persist,INJUSDT,"0-12,14-18,21-23",True,active,0,0,0,0,0.0,,0,0,447,1,1,1.0,,3.191041,0.0,0
2026-05-27T05:14:58.697186+00:00,tia_only,forward_optimized_long_ms_tia_only,persist,TIAUSDT,"0-12,14-18,21-23",True,active,0,0,0,0,0.0,,1,-1.762236,0,2,1,1.0,,5.733022,0.0,0
2026-05-27T05:14:59.005566+00:00,near_only_observation,forward_optimized_long_ms_near_only_observation,persist,NEARUSDT,"0-12,14-18,21-23",True,active,1,0,0,0,0.0,,1,1.506812,2,2,1,0.0,0.0,-4.726769,0.0,0
2026-05-27T05:19:59.944690+00:00,inj_tia_regime_filtered,forward_optimized_long_ms_inj_tia_regime,persist,"INJUSDT,TIAUSDT","0-12,14-18,21-23",True,active,0,0,0,0,0.0,,1,-1.762236,449,3,2,1.0,,8.924063,0.0,0
2026-05-27T05:19:59.966071+00:00,inj_only,forward_optimized_long_ms_inj_only,persist,INJUSDT,"0-12,14-18,21-23",True,active,0,0,0,0,0.0,,0,0,449,1,1,1.0,,3.191041,0.0,0
2026-05-27T05:19:59.979291+00:00,tia_only,forward_optimized_long_ms_tia_only,persist,TIAUSDT,"0-12,14-18,21-23",True,active,0,0,0,0,0.0,,1,-1.762236,0,2,1,1.0,,5.733022,0.0,0
2026-05-27T05:20:00.276632+00:00,near_only_observation,forward_optimized_long_ms_near_only_observation,persist,NEARUSDT,"0-12,14-18,21-23",True,active,1,0,0,0,0.0,,1,1.705825,2,2,1,0.0,0.0,-4.726769,0.0,0
2026-05-27T05:25:01.227248+00:00,inj_tia_regime_filtered,forward_optimized_long_ms_inj_tia_regime,persist,"INJUSDT,TIAUSDT","0-12,14-18,21-23",True,active,1,0,0,0,0.0,,1,-1.46853,453,3,2,1.0,,8.924063,0.0,0
2026-05-27T05:25:01.248653+00:00,inj_only,forward_optimized_long_ms_inj_only,persist,INJUSDT,"0-12,14-18,21-23",True,active,0,0,0,0,0.0,,0,0,452,1,1,1.0,,3.191041,0.0,0
2026-05-27T05:25:01.264037+00:00,tia_only,forward_optimized_long_ms_tia_only,persist,TIAUSDT,"0-12,14-18,21-23",True,active,1,0,0,0,0.0,,1,-1.46853,1,2,1,1.0,,5.733022,0.0,0
2026-05-27T05:25:01.781300+00:00,near_only_observation,forward_optimized_long_ms_near_only_observation,persist,NEARUSDT,"0-12,14-18,21-23",True,active,1,0,0,0,0.0,,1,1.904838,6,2,1,0.0,0.0,-4.726769,0.0,0
2026-05-27T05:30:02.716016+00:00,inj_tia_regime_filtered,forward_optimized_long_ms_inj_tia_regime,persist,"INJUSDT,TIAUSDT","0-12,14-18,21-23",True,active,0,0,0,0,0.0,,1,-1.46853,453,3,2,1.0,,8.924063,0.0,0
2026-05-27T05:30:02.737565+00:00,inj_only,forward_optimized_long_ms_inj_only,persist,INJUSDT,"0-12,14-18,21-23",True,active,0,0,0,0,0.0,,0,0,453,1,1,1.0,,3.191041,0.0,0
2026-05-27T05:30:02.750588+00:00,tia_only,forward_optimized_long_ms_tia_only,persist,TIAUSDT,"0-12,14-18,21-23",True,active,0,0,0,0,0.0,,1,-1.46853,0,2,1,1.0,,5.733022,0.0,0
2026-05-27T05:30:03.265359+00:00,near_only_observation,forward_optimized_long_ms_near_only_observation,persist,NEARUSDT,"0-12,14-18,21-23",True,active,1,0,0,0,0.0,,1,1.791117,2,2,1,0.0,0.0,-4.726769,0.0,0
2026-05-27T05:35:04.182470+00:00,inj_tia_regime_filtered,forward_optimized_long_ms_inj_tia_regime,persist,"INJUSDT,TIAUSDT","0-12,14-18,21-23",True,active,0,0,0,0,0.0,,1,-1.46853,455,3,2,1.0,,8.924063,0.0,0
2026-05-27T05:35:04.203621+00:00,inj_only,forward_optimized_long_ms_inj_only,persist,INJUSDT,"0-12,14-18,21-23",True,active,0,0,0,0,0.0,,0,0,455,1,1,1.0,,3.191041,0.0,0
2026-05-27T05:35:04.216673+00:00,tia_only,forward_optimized_long_ms_tia_only,persist,TIAUSDT,"0-12,14-18,21-23",True,active,0,0,0,0,0.0,,1,-1.46853,0,2,1,1.0,,5.733022,0.0,0
2026-05-27T05:35:04.952905+00:00,near_only_observation,forward_optimized_long_ms_near_only_observation,persist,NEARUSDT,"0-12,14-18,21-23",True,active,0,0,0,0,0.0,,1,1.791117,0,2,1,0.0,0.0,-4.726769,0.0,0
2026-05-27T05:40:05.936587+00:00,inj_tia_regime_filtered,forward_optimized_long_ms_inj_tia_regime,persist,"INJUSDT,TIAUSDT","0-12,14-18,21-23",True,active,0,0,0,0,0.0,,1,-1.46853,459,3,2,1.0,,8.924063,0.0,0
2026-05-27T05:40:05.956543+00:00,inj_only,forward_optimized_long_ms_inj_only,persist,INJUSDT,"0-12,14-18,21-23",True,active,0,0,0,0,0.0,,0,0,459,1,1,1.0,,3.191041,0.0,0
2026-05-27T05:40:05.968574+00:00,tia_only,forward_optimized_long_ms_tia_only,persist,TIAUSDT,"0-12,14-18,21-23",True,active,0,0,0,0,0.0,,1,-1.46853,0,2,1,1.0,,5.733022,0.0,0
2026-05-27T05:40:06.261423+00:00,near_only_observation,forward_optimized_long_ms_near_only_observation,persist,NEARUSDT,"0-12,14-18,21-23",True,active,0,0,0,0,0.0,,1,1.791117,0,2,1,0.0,0.0,-4.726769,0.0,0
2026-05-27T05:45:07.243944+00:00,inj_tia_regime_filtered,forward_optimized_long_ms_inj_tia_regime,persist,"INJUSDT,TIAUSDT","0-12,14-18,21-23",True,active,0,0,0,0,0.0,,1,-1.46853,463,3,2,1.0,,8.924063,0.0,0
2026-05-27T05:45:07.265295+00:00,inj_only,forward_optimized_long_ms_inj_only,persist,INJUSDT,"0-12,14-18,21-23",True,active,0,0,0,0,0.0,,0,0,463,1,1,1.0,,3.191041,0.0,0
2026-05-27T05:45:07.278337+00:00,tia_only,forward_optimized_long_ms_tia_only,persist,TIAUSDT,"0-12,14-18,21-23",True,active,0,0,0,0,0.0,,1,-1.46853,0,2,1,1.0,,5.733022,0.0,0
2026-05-27T05:45:07.787141+00:00,near_only_observation,forward_optimized_long_ms_near_only_observation,persist,NEARUSDT,"0-12,14-18,21-23",True,active,1,0,0,0,0.0,,1,1.449951,10,2,1,0.0,0.0,-4.726769,0.0,0
2026-05-27T05:50:08.742743+00:00,inj_tia_regime_filtered,forward_optimized_long_ms_inj_tia_regime,persist,"INJUSDT,TIAUSDT","0-12,14-18,21-23",True,active,0,0,0,0,0.0,,1,-1.46853,468,3,2,1.0,,8.924063,0.0,0
2026-05-27T05:50:08.763975+00:00,inj_only,forward_optimized_long_ms_inj_only,persist,INJUSDT,"0-12,14-18,21-23",True,active,0,0,0,0,0.0,,0,0,468,1,1,1.0,,3.191041,0.0,0
2026-05-27T05:50:08.776762+00:00,tia_only,forward_optimized_long_ms_tia_only,persist,TIAUSDT,"0-12,14-18,21-23",True,active,0,0,0,0,0.0,,1,-1.46853,0,2,1,1.0,,5.733022,0.0,0
2026-05-27T05:50:09.078230+00:00,near_only_observation,forward_optimized_long_ms_near_only_observation,persist,NEARUSDT,"0-12,14-18,21-23",True,active,0,0,0,0,0.0,,1,1.449951,0,2,1,0.0,0.0,-4.726769,0.0,0
2026-05-27T05:55:10.219340+00:00,inj_tia_regime_filtered,forward_optimized_long_ms_inj_tia_regime,persist,"INJUSDT,TIAUSDT","0-12,14-18,21-23",True,active,0,0,0,0,0.0,,1,-1.46853,473,3,2,1.0,,8.924063,0.0,0
2026-05-27T05:55:10.241062+00:00,inj_only,forward_optimized_long_ms_inj_only,persist,INJUSDT,"0-12,14-18,21-23",True,active,0,0,0,0,0.0,,0,0,473,1,1,1.0,,3.191041,0.0,0
2026-05-27T05:55:10.254192+00:00,tia_only,forward_optimized_long_ms_tia_only,persist,TIAUSDT,"0-12,14-18,21-23",True,active,0,0,0,0,0.0,,1,-1.46853,0,2,1,1.0,,5.733022,0.0,0
2026-05-27T05:55:10.559749+00:00,near_only_observation,forward_optimized_long_ms_near_only_observation,persist,NEARUSDT,"0-12,14-18,21-23",True,active,1,0,0,0,0.0,,1,1.648964,1,2,1,0.0,0.0,-4.726769,0.0,0
2026-05-27T06:00:11.702149+00:00,inj_tia_regime_filtered,forward_optimized_long_ms_inj_tia_regime,persist,"INJUSDT,TIAUSDT","0-12,14-18,21-23",True,active,0,0,0,0,0.0,,1,-1.46853,483,3,2,1.0,,8.924063,0.0,0
2026-05-27T06:00:11.723846+00:00,inj_only,forward_optimized_long_ms_inj_only,persist,INJUSDT,"0-12,14-18,21-23",True,active,0,0,0,0,0.0,,0,0,483,1,1,1.0,,3.191041,0.0,0
2026-05-27T06:00:11.736697+00:00,tia_only,forward_optimized_long_ms_tia_only,persist,TIAUSDT,"0-12,14-18,21-23",True,active,0,0,0,0,0.0,,1,-1.46853,0,2,1,1.0,,5.733022,0.0,0
2026-05-27T06:00:12.257059+00:00,near_only_observation,forward_optimized_long_ms_near_only_observation,persist,NEARUSDT,"0-12,14-18,21-23",True,active,0,0,0,0,0.0,,1,1.648964,0,2,1,0.0,0.0,-4.726769,0.0,0
2026-05-27T06:05:13.805345+00:00,inj_tia_regime_filtered,forward_optimized_long_ms_inj_tia_regime,persist,"INJUSDT,TIAUSDT","0-12,14-18,21-23",True,active,1,0,0,0,0.0,,1,-0.742903,487,3,2,1.0,,8.924063,0.0,0
2026-05-27T06:05:13.827185+00:00,inj_only,forward_optimized_long_ms_inj_only,persist,INJUSDT,"0-12,14-18,21-23",True,active,0,0,0,0,0.0,,0,0,486,1,1,1.0,,3.191041,0.0,0
2026-05-27T06:05:13.841328+00:00,tia_only,forward_optimized_long_ms_tia_only,persist,TIAUSDT,"0-12,14-18,21-23",True,active,1,0,0,0,0.0,,1,-0.742903,1,2,1,1.0,,5.733022,0.0,0
2026-05-27T06:05:14.152386+00:00,near_only_observation,forward_optimized_long_ms_near_only_observation,persist,NEARUSDT,"0-12,14-18,21-23",True,active,1,0,0,0,0.0,,1,1.449951,11,2,1,0.0,0.0,-4.726769,0.0,0
2026-05-27T06:10:15.076980+00:00,inj_tia_regime_filtered,forward_optimized_long_ms_inj_tia_regime,persist,"INJUSDT,TIAUSDT","0-12,14-18,21-23",True,active,0,0,0,0,0.0,,1,-0.742903,494,3,2,1.0,,8.924063,0.0,0
2026-05-27T06:10:15.099043+00:00,inj_only,forward_optimized_long_ms_inj_only,persist,INJUSDT,"0-12,14-18,21-23",True,active,0,0,0,0,0.0,,0,0,494,1,1,1.0,,3.191041,0.0,0
2026-05-27T06:10:15.112030+00:00,tia_only,forward_optimized_long_ms_tia_only,persist,TIAUSDT,"0-12,14-18,21-23",True,active,0,0,0,0,0.0,,1,-0.742903,0,2,1,1.0,,5.733022,0.0,0
2026-05-27T06:10:15.421206+00:00,near_only_observation,forward_optimized_long_ms_near_only_observation,persist,NEARUSDT,"0-12,14-18,21-23",True,active,1,0,0,0,0.0,,1,2.246003,51,2,1,0.0,0.0,-4.726769,0.0,0
2026-05-27T06:15:16.362991+00:00,inj_tia_regime_filtered,forward_optimized_long_ms_inj_tia_regime,persist,"INJUSDT,TIAUSDT","0-12,14-18,21-23",True,active,0,0,0,0,0.0,,1,-0.742903,497,3,2,1.0,,8.924063,0.0,0
2026-05-27T06:15:16.385097+00:00,inj_only,forward_optimized_long_ms_inj_only,persist,INJUSDT,"0-12,14-18,21-23",True,active,0,0,0,0,0.0,,0,0,497,1,1,1.0,,3.191041,0.0,0
2026-05-27T06:15:16.398344+00:00,tia_only,forward_optimized_long_ms_tia_only,persist,TIAUSDT,"0-12,14-18,21-23",True,active,0,0,0,0,0.0,,1,-0.742903,0,2,1,1.0,,5.733022,0.0,0
2026-05-27T06:15:17.143541+00:00,near_only_observation,forward_optimized_long_ms_near_only_observation,persist,NEARUSDT,"0-12,14-18,21-23",True,active,1,0,0,0,0.0,,1,1.904838,4,2,1,0.0,0.0,-4.726769,0.0,0
2026-05-27T06:20:18.511196+00:00,inj_tia_regime_filtered,forward_optimized_long_ms_inj_tia_regime,persist,"INJUSDT,TIAUSDT","0-12,14-18,21-23",True,active,0,0,0,0,0.0,,1,-0.742903,499,3,2,1.0,,8.924063,0.0,0
2026-05-27T06:20:18.533631+00:00,inj_only,forward_optimized_long_ms_inj_only,persist,INJUSDT,"0-12,14-18,21-23",True,active,0,0,0,0,0.0,,0,0,499,1,1,1.0,,3.191041,0.0,0
2026-05-27T06:20:18.546680+00:00,tia_only,forward_optimized_long_ms_tia_only,persist,TIAUSDT,"0-12,14-18,21-23",True,active,0,0,0,0,0.0,,1,-0.742903,0,2,1,1.0,,5.733022,0.0,0
2026-05-27T06:20:18.850442+00:00,near_only_observation,forward_optimized_long_ms_near_only_observation,persist,NEARUSDT,"0-12,14-18,21-23",True,active,1,0,0,0,0.0,,1,1.904838,38,2,1,0.0,0.0,-4.726769,0.0,0
2026-05-27T06:25:19.772631+00:00,inj_tia_regime_filtered,forward_optimized_long_ms_inj_tia_regime,persist,"INJUSDT,TIAUSDT","0-12,14-18,21-23",True,active,0,0,0,0,0.0,,1,-0.742903,504,3,2,1.0,,8.924063,0.0,0
2026-05-27T06:25:19.795192+00:00,inj_only,forward_optimized_long_ms_inj_only,persist,INJUSDT,"0-12,14-18,21-23",True,active,0,0,0,0,0.0,,0,0,504,1,1,1.0,,3.191041,0.0,0
2026-05-27T06:25:19.808294+00:00,tia_only,forward_optimized_long_ms_tia_only,persist,TIAUSDT,"0-12,14-18,21-23",True,active,0,0,0,0,0.0,,1,-0.742903,0,2,1,1.0,,5.733022,0.0,0
2026-05-27T06:25:20.130709+00:00,near_only_observation,forward_optimized_long_ms_near_only_observation,persist,NEARUSDT,"0-12,14-18,21-23",True,active,1,0,0,0,0.0,,1,1.705825,6,2,1,0.0,0.0,-4.726769,0.0,0
2026-05-27T06:30:21.491444+00:00,inj_tia_regime_filtered,forward_optimized_long_ms_inj_tia_regime,persist,"INJUSDT,TIAUSDT","0-12,14-18,21-23",True,active,0,0,0,0,0.0,,1,-0.742903,507,3,2,1.0,,8.924063,0.0,0
2026-05-27T06:30:21.514052+00:00,inj_only,forward_optimized_long_ms_inj_only,persist,INJUSDT,"0-12,14-18,21-23",True,active,0,0,0,0,0.0,,0,0,507,1,1,1.0,,3.191041,0.0,0
2026-05-27T06:30:21.527243+00:00,tia_only,forward_optimized_long_ms_tia_only,persist,TIAUSDT,"0-12,14-18,21-23",True,active,0,0,0,0,0.0,,1,-0.742903,0,2,1,1.0,,5.733022,0.0,0
2026-05-27T06:30:22.251240+00:00,near_only_observation,forward_optimized_long_ms_near_only_observation,persist,NEARUSDT,"0-12,14-18,21-23",True,active,0,0,0,0,0.0,,1,1.705825,0,2,1,0.0,0.0,-4.726769,0.0,0
2026-05-27T06:35:23.853797+00:00,inj_tia_regime_filtered,forward_optimized_long_ms_inj_tia_regime,persist,"INJUSDT,TIAUSDT","0-12,14-18,21-23",True,active,1,0,0,0,0.0,,1,0.0,512,3,2,1.0,,8.924063,0.0,0
2026-05-27T06:35:23.876342+00:00,inj_only,forward_optimized_long_ms_inj_only,persist,INJUSDT,"0-12,14-18,21-23",True,active,0,0,0,0,0.0,,0,0,511,1,1,1.0,,3.191041,0.0,0
2026-05-27T06:35:23.891059+00:00,tia_only,forward_optimized_long_ms_tia_only,persist,TIAUSDT,"0-12,14-18,21-23",True,active,1,0,0,0,0.0,,1,0.0,1,2,1,1.0,,5.733022,0.0,0
2026-05-27T06:35:24.176412+00:00,near_only_observation,forward_optimized_long_ms_near_only_observation,persist,NEARUSDT,"0-12,14-18,21-23",True,active,0,0,0,0,0.0,,1,1.705825,0,2,1,0.0,0.0,-4.726769,0.0,0
2026-05-27T06:40:25.202040+00:00,inj_tia_regime_filtered,forward_optimized_long_ms_inj_tia_regime,persist,"INJUSDT,TIAUSDT","0-12,14-18,21-23",True,active,0,0,0,0,0.0,,1,0.0,517,3,2,1.0,,8.924063,0.0,0
2026-05-27T06:40:25.223610+00:00,inj_only,forward_optimized_long_ms_inj_only,persist,INJUSDT,"0-12,14-18,21-23",True,active,0,0,0,0,0.0,,0,0,517,1,1,1.0,,3.191041,0.0,0
2026-05-27T06:40:25.235607+00:00,tia_only,forward_optimized_long_ms_tia_only,persist,TIAUSDT,"0-12,14-18,21-23",True,active,0,0,0,0,0.0,,1,0.0,0,2,1,1.0,,5.733022,0.0,0
2026-05-27T06:40:25.969664+00:00,near_only_observation,forward_optimized_long_ms_near_only_observation,persist,NEARUSDT,"0-12,14-18,21-23",True,active,0,0,0,0,0.0,,1,1.705825,0,2,1,0.0,0.0,-4.726769,0.0,0
2026-05-27T06:45:26.896802+00:00,inj_tia_regime_filtered,forward_optimized_long_ms_inj_tia_regime,persist,"INJUSDT,TIAUSDT","0-12,14-18,21-23",True,active,0,0,0,0,0.0,,1,0.0,518,3,2,1.0,,8.924063,0.0,0
2026-05-27T06:45:26.922988+00:00,inj_only,forward_optimized_long_ms_inj_only,persist,INJUSDT,"0-12,14-18,21-23",True,active,0,0,0,0,0.0,,0,0,518,1,1,1.0,,3.191041,0.0,0
2026-05-27T06:45:26.936061+00:00,tia_only,forward_optimized_long_ms_tia_only,persist,TIAUSDT,"0-12,14-18,21-23",True,active,0,0,0,0,0.0,,1,0.0,0,2,1,1.0,,5.733022,0.0,0
2026-05-27T06:45:27.666234+00:00,near_only_observation,forward_optimized_long_ms_near_only_observation,persist,NEARUSDT,"0-12,14-18,21-23",True,active,1,0,0,0,0.0,,1,1.762686,1,2,1,0.0,0.0,-4.726769,0.0,0
2026-05-27T06:50:29.029024+00:00,inj_tia_regime_filtered,forward_optimized_long_ms_inj_tia_regime,persist,"INJUSDT,TIAUSDT","0-12,14-18,21-23",True,active,0,0,0,0,0.0,,1,0.0,526,3,2,1.0,,8.924063,0.0,0
2026-05-27T06:50:29.051496+00:00,inj_only,forward_optimized_long_ms_inj_only,persist,INJUSDT,"0-12,14-18,21-23",True,active,0,0,0,0,0.0,,0,0,526,1,1,1.0,,3.191041,0.0,0
2026-05-27T06:50:29.064446+00:00,tia_only,forward_optimized_long_ms_tia_only,persist,TIAUSDT,"0-12,14-18,21-23",True,active,0,0,0,0,0.0,,1,0.0,0,2,1,1.0,,5.733022,0.0,0
2026-05-27T06:50:29.789339+00:00,near_only_observation,forward_optimized_long_ms_near_only_observation,persist,NEARUSDT,"0-12,14-18,21-23",True,active,1,0,0,0,0.0,,1,1.847977,1,2,1,0.0,0.0,-4.726769,0.0,0
2026-05-27T06:55:30.940018+00:00,inj_tia_regime_filtered,forward_optimized_long_ms_inj_tia_regime,persist,"INJUSDT,TIAUSDT","0-12,14-18,21-23",True,active,1,0,0,0,0.0,,1,-0.069107,529,3,2,1.0,,8.924063,0.0,0
2026-05-27T06:55:30.962902+00:00,inj_only,forward_optimized_long_ms_inj_only,persist,INJUSDT,"0-12,14-18,21-23",True,active,0,0,0,0,0.0,,0,0,527,1,1,1.0,,3.191041,0.0,0
2026-05-27T06:55:30.977192+00:00,tia_only,forward_optimized_long_ms_tia_only,persist,TIAUSDT,"0-12,14-18,21-23",True,active,1,0,0,0,0.0,,1,-0.069107,2,2,1,1.0,,5.733022,0.0,0
2026-05-27T06:55:31.710888+00:00,near_only_observation,forward_optimized_long_ms_near_only_observation,persist,NEARUSDT,"0-12,14-18,21-23",True,active,1,0,0,0,0.0,,1,1.933269,7,2,1,0.0,0.0,-4.726769,0.0,0
2026-05-27T07:00:32.634072+00:00,inj_tia_regime_filtered,forward_optimized_long_ms_inj_tia_regime,persist,"INJUSDT,TIAUSDT","0-12,14-18,21-23",True,active,0,0,0,0,0.0,,1,-0.069107,531,3,2,1.0,,8.924063,0.0,0
2026-05-27T07:00:32.656950+00:00,inj_only,forward_optimized_long_ms_inj_only,persist,INJUSDT,"0-12,14-18,21-23",True,active,0,0,0,0,0.0,,0,0,531,1,1,1.0,,3.191041,0.0,0
2026-05-27T07:00:32.670296+00:00,tia_only,forward_optimized_long_ms_tia_only,persist,TIAUSDT,"0-12,14-18,21-23",True,active,0,0,0,0,0.0,,1,-0.069107,0,2,1,1.0,,5.733022,0.0,0
2026-05-27T07:00:32.966046+00:00,near_only_observation,forward_optimized_long_ms_near_only_observation,persist,NEARUSDT,"0-12,14-18,21-23",True,active,0,0,0,0,0.0,,1,1.933269,0,2,1,0.0,0.0,-4.726769,0.0,0
2026-05-27T07:05:33.888369+00:00,inj_tia_regime_filtered,forward_optimized_long_ms_inj_tia_regime,persist,"INJUSDT,TIAUSDT","0-12,14-18,21-23",True,active,0,0,0,0,0.0,,1,-0.069107,537,3,2,1.0,,8.924063,0.0,0
2026-05-27T07:05:33.911361+00:00,inj_only,forward_optimized_long_ms_inj_only,persist,INJUSDT,"0-12,14-18,21-23",True,active,0,0,0,0,0.0,,0,0,537,1,1,1.0,,3.191041,0.0,0
2026-05-27T07:05:33.924387+00:00,tia_only,forward_optimized_long_ms_tia_only,persist,TIAUSDT,"0-12,14-18,21-23",True,active,0,0,0,0,0.0,,1,-0.069107,0,2,1,1.0,,5.733022,0.0,0
2026-05-27T07:05:34.431905+00:00,near_only_observation,forward_optimized_long_ms_near_only_observation,persist,NEARUSDT,"0-12,14-18,21-23",True,active,1,0,0,0,0.0,,1,1.876408,1,2,1,0.0,0.0,-4.726769,0.0,0
2026-05-27T07:10:35.557820+00:00,inj_tia_regime_filtered,forward_optimized_long_ms_inj_tia_regime,persist,"INJUSDT,TIAUSDT","0-12,14-18,21-23",True,active,0,0,0,0,0.0,,1,-0.069107,539,3,2,1.0,,8.924063,0.0,0
2026-05-27T07:10:35.580672+00:00,inj_only,forward_optimized_long_ms_inj_only,persist,INJUSDT,"0-12,14-18,21-23",True,active,0,0,0,0,0.0,,0,0,539,1,1,1.0,,3.191041,0.0,0
2026-05-27T07:10:35.593992+00:00,tia_only,forward_optimized_long_ms_tia_only,persist,TIAUSDT,"0-12,14-18,21-23",True,active,0,0,0,0,0.0,,1,-0.069107,0,2,1,1.0,,5.733022,0.0,0
2026-05-27T07:10:35.898393+00:00,near_only_observation,forward_optimized_long_ms_near_only_observation,persist,NEARUSDT,"0-12,14-18,21-23",True,active,1,0,0,0,0.0,,1,1.648964,2,2,1,0.0,0.0,-4.726769,0.0,0
2026-05-27T07:15:36.835530+00:00,inj_tia_regime_filtered,forward_optimized_long_ms_inj_tia_regime,persist,"INJUSDT,TIAUSDT","0-12,14-18,21-23",True,active,0,0,0,0,0.0,,1,-0.069107,546,3,2,1.0,,8.924063,0.0,0
2026-05-27T07:15:36.858672+00:00,inj_only,forward_optimized_long_ms_inj_only,persist,INJUSDT,"0-12,14-18,21-23",True,active,0,0,0,0,0.0,,0,0,546,1,1,1.0,,3.191041,0.0,0
2026-05-27T07:15:36.871807+00:00,tia_only,forward_optimized_long_ms_tia_only,persist,TIAUSDT,"0-12,14-18,21-23",True,active,0,0,0,0,0.0,,1,-0.069107,0,2,1,1.0,,5.733022,0.0,0
2026-05-27T07:15:37.157895+00:00,near_only_observation,forward_optimized_long_ms_near_only_observation,persist,NEARUSDT,"0-12,14-18,21-23",True,active,1,0,0,0,0.0,,1,1.648964,1,2,1,0.0,0.0,-4.726769,0.0,0
2026-05-27T07:20:38.607365+00:00,inj_tia_regime_filtered,forward_optimized_long_ms_inj_tia_regime,persist,"INJUSDT,TIAUSDT","0-12,14-18,21-23",True,active,0,0,0,0,0.0,,1,-0.069107,548,3,2,1.0,,8.924063,0.0,0
2026-05-27T07:20:38.629438+00:00,inj_only,forward_optimized_long_ms_inj_only,persist,INJUSDT,"0-12,14-18,21-23",True,active,0,0,0,0,0.0,,0,0,548,1,1,1.0,,3.191041,0.0,0
2026-05-27T07:20:38.641931+00:00,tia_only,forward_optimized_long_ms_tia_only,persist,TIAUSDT,"0-12,14-18,21-23",True,active,0,0,0,0,0.0,,1,-0.069107,0,2,1,1.0,,5.733022,0.0,0
2026-05-27T07:20:39.157260+00:00,near_only_observation,forward_optimized_long_ms_near_only_observation,persist,NEARUSDT,"0-12,14-18,21-23",True,active,1,0,0,0,0.0,,1,1.36466,1,2,1,0.0,0.0,-4.726769,0.0,0
2026-05-27T07:25:40.092778+00:00,inj_tia_regime_filtered,forward_optimized_long_ms_inj_tia_regime,persist,"INJUSDT,TIAUSDT","0-12,14-18,21-23",True,active,0,0,0,0,0.0,,1,-0.069107,549,3,2,1.0,,8.924063,0.0,0
2026-05-27T07:25:40.115858+00:00,inj_only,forward_optimized_long_ms_inj_only,persist,INJUSDT,"0-12,14-18,21-23",True,active,0,0,0,0,0.0,,0,0,549,1,1,1.0,,3.191041,0.0,0
2026-05-27T07:25:40.129150+00:00,tia_only,forward_optimized_long_ms_tia_only,persist,TIAUSDT,"0-12,14-18,21-23",True,active,0,0,0,0,0.0,,1,-0.069107,0,2,1,1.0,,5.733022,0.0,0
2026-05-27T07:25:40.439247+00:00,near_only_observation,forward_optimized_long_ms_near_only_observation,persist,NEARUSDT,"0-12,14-18,21-23",True,active,1,0,0,0,0.0,,1,1.279369,7,2,1,0.0,0.0,-4.726769,0.0,0
2026-05-27T07:30:41.599407+00:00,inj_tia_regime_filtered,forward_optimized_long_ms_inj_tia_regime,persist,"INJUSDT,TIAUSDT","0-12,14-18,21-23",True,active,0,0,0,0,0.0,,1,-0.069107,551,3,2,1.0,,8.924063,0.0,0
2026-05-27T07:30:41.623184+00:00,inj_only,forward_optimized_long_ms_inj_only,persist,INJUSDT,"0-12,14-18,21-23",True,active,0,0,0,0,0.0,,0,0,551,1,1,1.0,,3.191041,0.0,0
2026-05-27T07:30:41.637041+00:00,tia_only,forward_optimized_long_ms_tia_only,persist,TIAUSDT,"0-12,14-18,21-23",True,active,0,0,0,0,0.0,,1,-0.069107,0,2,1,1.0,,5.733022,0.0,0
2026-05-27T07:30:42.128865+00:00,near_only_observation,forward_optimized_long_ms_near_only_observation,persist,NEARUSDT,"0-12,14-18,21-23",True,active,0,0,0,0,0.0,,1,1.279369,0,2,1,0.0,0.0,-4.726769,0.0,0
2026-05-27T07:35:43.288378+00:00,inj_tia_regime_filtered,forward_optimized_long_ms_inj_tia_regime,persist,"INJUSDT,TIAUSDT","0-12,14-18,21-23",True,active,0,0,0,0,0.0,,1,-0.069107,554,3,2,1.0,,8.924063,0.0,0
2026-05-27T07:35:43.311828+00:00,inj_only,forward_optimized_long_ms_inj_only,persist,INJUSDT,"0-12,14-18,21-23",True,active,0,0,0,0,0.0,,0,0,554,1,1,1.0,,3.191041,0.0,0
2026-05-27T07:35:43.325015+00:00,tia_only,forward_optimized_long_ms_tia_only,persist,TIAUSDT,"0-12,14-18,21-23",True,active,0,0,0,0,0.0,,1,-0.069107,0,2,1,1.0,,5.733022,0.0,0
2026-05-27T07:35:43.611508+00:00,near_only_observation,forward_optimized_long_ms_near_only_observation,persist,NEARUSDT,"0-12,14-18,21-23",True,active,1,0,0,0,0.0,,1,0.796052,3,2,1,0.0,0.0,-4.726769,0.0,0
2026-05-27T07:40:45.379412+00:00,inj_tia_regime_filtered,forward_optimized_long_ms_inj_tia_regime,persist,"INJUSDT,TIAUSDT","0-12,14-18,21-23",True,active,0,0,0,0,0.0,,1,-0.069107,558,3,2,1.0,,8.924063,0.0,0
2026-05-27T07:40:45.402540+00:00,inj_only,forward_optimized_long_ms_inj_only,persist,INJUSDT,"0-12,14-18,21-23",True,active,0,0,0,0,0.0,,0,0,558,1,1,1.0,,3.191041,0.0,0
2026-05-27T07:40:45.415797+00:00,tia_only,forward_optimized_long_ms_tia_only,persist,TIAUSDT,"0-12,14-18,21-23",True,active,0,0,0,0,0.0,,1,-0.069107,0,2,1,1.0,,5.733022,0.0,0
2026-05-27T07:40:45.719600+00:00,near_only_observation,forward_optimized_long_ms_near_only_observation,persist,NEARUSDT,"0-12,14-18,21-23",True,active,1,0,0,0,0.0,,1,0.739191,2,2,1,0.0,0.0,-4.726769,0.0,0
2026-05-27T07:45:46.865812+00:00,inj_tia_regime_filtered,forward_optimized_long_ms_inj_tia_regime,persist,"INJUSDT,TIAUSDT","0-12,14-18,21-23",True,active,1,0,0,0,0.0,,1,0.224599,564,3,2,1.0,,8.924063,0.0,0
2026-05-27T07:45:46.889423+00:00,inj_only,forward_optimized_long_ms_inj_only,persist,INJUSDT,"0-12,14-18,21-23",True,active,0,0,0,0,0.0,,0,0,563,1,1,1.0,,3.191041,0.0,0
2026-05-27T07:45:46.904361+00:00,tia_only,forward_optimized_long_ms_tia_only,persist,TIAUSDT,"0-12,14-18,21-23",True,active,1,0,0,0,0.0,,1,0.224599,1,2,1,1.0,,5.733022,0.0,0
2026-05-27T07:45:47.334232+00:00,near_only_observation,forward_optimized_long_ms_near_only_observation,persist,NEARUSDT,"0-12,14-18,21-23",True,active,1,0,0,0,0.0,,1,0.6539,1,2,1,0.0,0.0,-4.726769,0.0,0
2026-05-27T07:50:48.265048+00:00,inj_tia_regime_filtered,forward_optimized_long_ms_inj_tia_regime,persist,"INJUSDT,TIAUSDT","0-12,14-18,21-23",True,active,1,0,0,0,0.0,,1,0.725627,567,3,2,1.0,,8.924063,0.0,0
2026-05-27T07:50:48.288882+00:00,inj_only,forward_optimized_long_ms_inj_only,persist,INJUSDT,"0-12,14-18,21-23",True,active,0,0,0,0,0.0,,0,0,566,1,1,1.0,,3.191041,0.0,0
2026-05-27T07:50:48.304071+00:00,tia_only,forward_optimized_long_ms_tia_only,persist,TIAUSDT,"0-12,14-18,21-23",True,active,1,0,0,0,0.0,,1,0.725627,1,2,1,1.0,,5.733022,0.0,0
2026-05-27T07:50:48.601175+00:00,near_only_observation,forward_optimized_long_ms_near_only_observation,persist,NEARUSDT,"0-12,14-18,21-23",True,active,0,0,0,0,0.0,,1,0.6539,0,2,1,0.0,0.0,-4.726769,0.0,0
2026-05-27T07:55:49.968006+00:00,inj_tia_regime_filtered,forward_optimized_long_ms_inj_tia_regime,persist,"INJUSDT,TIAUSDT","0-12,14-18,21-23",True,active,0,0,0,0,0.0,,1,0.725627,568,3,2,1.0,,8.924063,0.0,0
2026-05-27T07:55:49.991356+00:00,inj_only,forward_optimized_long_ms_inj_only,persist,INJUSDT,"0-12,14-18,21-23",True,active,0,0,0,0,0.0,,0,0,568,1,1,1.0,,3.191041,0.0,0
2026-05-27T07:55:50.004626+00:00,tia_only,forward_optimized_long_ms_tia_only,persist,TIAUSDT,"0-12,14-18,21-23",True,active,0,0,0,0,0.0,,1,0.725627,0,2,1,1.0,,5.733022,0.0,0
2026-05-27T07:55:50.312399+00:00,near_only_observation,forward_optimized_long_ms_near_only_observation,persist,NEARUSDT,"0-12,14-18,21-23",True,active,0,0,0,0,0.0,,1,0.6539,0,2,1,0.0,0.0,-4.726769,0.0,0
2026-05-27T08:00:51.305425+00:00,inj_tia_regime_filtered,forward_optimized_long_ms_inj_tia_regime,persist,"INJUSDT,TIAUSDT","0-12,14-18,21-23",True,active,0,0,0,0,0.0,,1,0.725627,571,3,2,1.0,,8.924063,0.0,0
2026-05-27T08:00:51.328986+00:00,inj_only,forward_optimized_long_ms_inj_only,persist,INJUSDT,"0-12,14-18,21-23",True,active,0,0,0,0,0.0,,0,0,571,1,1,1.0,,3.191041,0.0,0
2026-05-27T08:00:51.341804+00:00,tia_only,forward_optimized_long_ms_tia_only,persist,TIAUSDT,"0-12,14-18,21-23",True,active,0,0,0,0,0.0,,1,0.725627,0,2,1,1.0,,5.733022,0.0,0
2026-05-27T08:00:51.631586+00:00,near_only_observation,forward_optimized_long_ms_near_only_observation,persist,NEARUSDT,"0-12,14-18,21-23",True,active,0,0,0,0,0.0,,1,0.6539,0,2,1,0.0,0.0,-4.726769,0.0,0
2026-05-27T08:05:52.801229+00:00,inj_tia_regime_filtered,forward_optimized_long_ms_inj_tia_regime,persist,"INJUSDT,TIAUSDT","0-12,14-18,21-23",True,active,1,0,0,0,0.0,,1,1.46853,575,3,2,1.0,,8.924063,0.0,0
2026-05-27T08:05:52.824749+00:00,inj_only,forward_optimized_long_ms_inj_only,persist,INJUSDT,"0-12,14-18,21-23",True,active,0,0,0,0,0.0,,0,0,572,1,1,1.0,,3.191041,0.0,0
2026-05-27T08:05:52.839299+00:00,tia_only,forward_optimized_long_ms_tia_only,persist,TIAUSDT,"0-12,14-18,21-23",True,active,1,0,0,0,0.0,,1,1.46853,3,2,1,1.0,,5.733022,0.0,0
2026-05-27T08:05:53.144180+00:00,near_only_observation,forward_optimized_long_ms_near_only_observation,persist,NEARUSDT,"0-12,14-18,21-23",True,active,1,0,0,0,0.0,,1,1.990129,3,2,1,0.0,0.0,-4.726769,0.0,0
2026-05-27T08:10:54.920177+00:00,inj_tia_regime_filtered,forward_optimized_long_ms_inj_tia_regime,persist,"INJUSDT,TIAUSDT","0-12,14-18,21-23",True,active,0,0,0,0,0.0,,1,1.46853,575,3,2,1.0,,8.924063,0.0,0
2026-05-27T08:10:54.944067+00:00,inj_only,forward_optimized_long_ms_inj_only,persist,INJUSDT,"0-12,14-18,21-23",True,active,0,0,0,0,0.0,,0,0,575,1,1,1.0,,3.191041,0.0,0
2026-05-27T08:10:54.957255+00:00,tia_only,forward_optimized_long_ms_tia_only,persist,TIAUSDT,"0-12,14-18,21-23",True,active,0,0,0,0,0.0,,1,1.46853,0,2,1,1.0,,5.733022,0.0,0
2026-05-27T08:10:55.272205+00:00,near_only_observation,forward_optimized_long_ms_near_only_observation,persist,NEARUSDT,"0-12,14-18,21-23",True,active,1,0,0,0,0.0,,1,1.933269,1,2,1,0.0,0.0,-4.726769,0.0,0
2026-05-27T08:15:56.199572+00:00,inj_tia_regime_filtered,forward_optimized_long_ms_inj_tia_regime,persist,"INJUSDT,TIAUSDT","0-12,14-18,21-23",True,active,1,0,0,0,0.0,,1,0.725627,579,3,2,1.0,,8.924063,0.0,0
2026-05-27T08:15:56.223393+00:00,inj_only,forward_optimized_long_ms_inj_only,persist,INJUSDT,"0-12,14-18,21-23",True,active,0,0,0,0,0.0,,0,0,578,1,1,1.0,,3.191041,0.0,0
2026-05-27T08:15:56.237620+00:00,tia_only,forward_optimized_long_ms_tia_only,persist,TIAUSDT,"0-12,14-18,21-23",True,active,1,0,0,0,0.0,,1,0.725627,1,2,1,1.0,,5.733022,0.0,0
2026-05-27T08:15:56.521215+00:00,near_only_observation,forward_optimized_long_ms_near_only_observation,persist,NEARUSDT,"0-12,14-18,21-23",True,active,1,0,0,0,0.0,,1,2.72932,8,2,1,0.0,0.0,-4.726769,0.0,0
2026-05-27T08:20:57.859622+00:00,inj_tia_regime_filtered,forward_optimized_long_ms_inj_tia_regime,persist,"INJUSDT,TIAUSDT","0-12,14-18,21-23",True,active,1,0,0,0,0.0,,1,0.552858,583,3,2,1.0,,8.924063,0.0,0
2026-05-27T08:20:57.883851+00:00,inj_only,forward_optimized_long_ms_inj_only,persist,INJUSDT,"0-12,14-18,21-23",True,active,0,0,0,0,0.0,,0,0,582,1,1,1.0,,3.191041,0.0,0
2026-05-27T08:20:57.898560+00:00,tia_only,forward_optimized_long_ms_tia_only,persist,TIAUSDT,"0-12,14-18,21-23",True,active,1,0,0,0,0.0,,1,0.552858,1,2,1,1.0,,5.733022,0.0,0
2026-05-27T08:20:58.630979+00:00,near_only_observation,forward_optimized_long_ms_near_only_observation,persist,NEARUSDT,"0-12,14-18,21-23",True,active,1,0,0,0,0.0,,1,2.786181,1,2,1,0.0,0.0,-4.726769,0.0,0
2026-05-27T08:25:59.565541+00:00,inj_tia_regime_filtered,forward_optimized_long_ms_inj_tia_regime,persist,"INJUSDT,TIAUSDT","0-12,14-18,21-23",True,active,1,0,0,0,0.0,,1,0.829288,588,3,2,1.0,,8.924063,0.0,0
2026-05-27T08:25:59.589731+00:00,inj_only,forward_optimized_long_ms_inj_only,persist,INJUSDT,"0-12,14-18,21-23",True,active,0,0,0,0,0.0,,0,0,586,1,1,1.0,,3.191041,0.0,0
2026-05-27T08:25:59.605151+00:00,tia_only,forward_optimized_long_ms_tia_only,persist,TIAUSDT,"0-12,14-18,21-23",True,active,1,0,0,0,0.0,,1,0.829288,2,2,1,1.0,,5.733022,0.0,0
2026-05-27T08:26:00.125853+00:00,near_only_observation,forward_optimized_long_ms_near_only_observation,persist,NEARUSDT,"0-12,14-18,21-23",True,active,1,0,0,0,0.0,,1,2.786181,5,2,1,0.0,0.0,-4.726769,0.0,0
2026-05-27T08:31:01.048161+00:00,inj_tia_regime_filtered,forward_optimized_long_ms_inj_tia_regime,persist,"INJUSDT,TIAUSDT","0-12,14-18,21-23",True,active,0,0,0,0,0.0,,1,0.829288,588,3,2,1.0,,8.924063,0.0,0
2026-05-27T08:31:01.072015+00:00,inj_only,forward_optimized_long_ms_inj_only,persist,INJUSDT,"0-12,14-18,21-23",True,active,0,0,0,0,0.0,,0,0,588,1,1,1.0,,3.191041,0.0,0
2026-05-27T08:31:01.085739+00:00,tia_only,forward_optimized_long_ms_tia_only,persist,TIAUSDT,"0-12,14-18,21-23",True,active,0,0,0,0,0.0,,1,0.829288,0,2,1,1.0,,5.733022,0.0,0
2026-05-27T08:31:01.389707+00:00,near_only_observation,forward_optimized_long_ms_near_only_observation,persist,NEARUSDT,"0-12,14-18,21-23",True,active,1,0,0,0,0.0,,1,2.331294,3,2,1,0.0,0.0,-4.726769,0.0,0
2026-05-27T08:36:02.759916+00:00,inj_tia_regime_filtered,forward_optimized_long_ms_inj_tia_regime,persist,"INJUSDT,TIAUSDT","0-12,14-18,21-23",True,active,0,0,0,0,0.0,,1,0.829288,589,3,2,1.0,,8.924063,0.0,0
2026-05-27T08:36:02.783931+00:00,inj_only,forward_optimized_long_ms_inj_only,persist,INJUSDT,"0-12,14-18,21-23",True,active,0,0,0,0,0.0,,0,0,589,1,1,1.0,,3.191041,0.0,0
2026-05-27T08:36:02.797510+00:00,tia_only,forward_optimized_long_ms_tia_only,persist,TIAUSDT,"0-12,14-18,21-23",True,active,0,0,0,0,0.0,,1,0.829288,0,2,1,1.0,,5.733022,0.0,0
2026-05-27T08:36:03.512760+00:00,near_only_observation,forward_optimized_long_ms_near_only_observation,persist,NEARUSDT,"0-12,14-18,21-23",True,active,0,0,0,0,0.0,,1,2.331294,0,2,1,0.0,0.0,-4.726769,0.0,0
2026-05-27T08:41:04.448347+00:00,inj_tia_regime_filtered,forward_optimized_long_ms_inj_tia_regime,persist,"INJUSDT,TIAUSDT","0-12,14-18,21-23",True,active,0,0,0,0,0.0,,1,0.829288,592,3,2,1.0,,8.924063,0.0,0
2026-05-27T08:41:04.472692+00:00,inj_only,forward_optimized_long_ms_inj_only,persist,INJUSDT,"0-12,14-18,21-23",True,active,0,0,0,0,0.0,,0,0,592,1,1,1.0,,3.191041,0.0,0
2026-05-27T08:41:04.486731+00:00,tia_only,forward_optimized_long_ms_tia_only,persist,TIAUSDT,"0-12,14-18,21-23",True,active,0,0,0,0,0.0,,1,0.829288,0,2,1,1.0,,5.733022,0.0,0
2026-05-27T08:41:04.787749+00:00,near_only_observation,forward_optimized_long_ms_near_only_observation,persist,NEARUSDT,"0-12,14-18,21-23",True,active,1,0,0,0,0.0,,1,2.871472,6,2,1,0.0,0.0,-4.726769,0.0,0
2026-05-27T08:46:06.141381+00:00,inj_tia_regime_filtered,forward_optimized_long_ms_inj_tia_regime,persist,"INJUSDT,TIAUSDT","0-12,14-18,21-23",True,active,0,0,0,0,0.0,,1,0.829288,600,3,2,1.0,,8.924063,0.0,0
2026-05-27T08:46:06.165582+00:00,inj_only,forward_optimized_long_ms_inj_only,persist,INJUSDT,"0-12,14-18,21-23",True,active,0,0,0,0,0.0,,0,0,600,1,1,1.0,,3.191041,0.0,0
2026-05-27T08:46:06.179286+00:00,tia_only,forward_optimized_long_ms_tia_only,persist,TIAUSDT,"0-12,14-18,21-23",True,active,0,0,0,0,0.0,,1,0.829288,0,2,1,1.0,,5.733022,0.0,0
2026-05-27T08:46:06.905482+00:00,near_only_observation,forward_optimized_long_ms_near_only_observation,persist,NEARUSDT,"0-12,14-18,21-23",True,active,1,0,0,0,0.0,,1,1.990129,7,2,1,0.0,0.0,-4.726769,0.0,0
2026-05-27T08:51:08.267538+00:00,inj_tia_regime_filtered,forward_optimized_long_ms_inj_tia_regime,persist,"INJUSDT,TIAUSDT","0-12,14-18,21-23",True,active,0,0,0,0,0.0,,1,0.829288,603,3,2,1.0,,8.924063,0.0,0
2026-05-27T08:51:08.291960+00:00,inj_only,forward_optimized_long_ms_inj_only,persist,INJUSDT,"0-12,14-18,21-23",True,active,0,0,0,0,0.0,,0,0,603,1,1,1.0,,3.191041,0.0,0
2026-05-27T08:51:08.305693+00:00,tia_only,forward_optimized_long_ms_tia_only,persist,TIAUSDT,"0-12,14-18,21-23",True,active,0,0,0,0,0.0,,1,0.829288,0,2,1,1.0,,5.733022,0.0,0
2026-05-27T08:51:08.622559+00:00,near_only_observation,forward_optimized_long_ms_near_only_observation,persist,NEARUSDT,"0-12,14-18,21-23",True,active,1,0,0,0,0.0,,1,1.535243,6,2,1,0.0,0.0,-4.726769,0.0,0
2026-05-27T08:56:09.982733+00:00,inj_tia_regime_filtered,forward_optimized_long_ms_inj_tia_regime,persist,"INJUSDT,TIAUSDT","0-12,14-18,21-23",True,active,1,0,0,0,0.0,,1,0.0,606,3,2,1.0,,8.924063,0.0,0
2026-05-27T08:56:10.007630+00:00,inj_only,forward_optimized_long_ms_inj_only,persist,INJUSDT,"0-12,14-18,21-23",True,active,0,0,0,0,0.0,,0,0,605,1,1,1.0,,3.191041,0.0,0
2026-05-27T08:56:10.023210+00:00,tia_only,forward_optimized_long_ms_tia_only,persist,TIAUSDT,"0-12,14-18,21-23",True,active,1,0,0,0,0.0,,1,0.0,1,2,1,1.0,,5.733022,0.0,0
2026-05-27T08:56:10.332102+00:00,near_only_observation,forward_optimized_long_ms_near_only_observation,persist,NEARUSDT,"0-12,14-18,21-23",True,active,1,0,0,0,0.0,,1,1.250939,4,2,1,0.0,0.0,-4.726769,0.0,0
2026-05-27T09:01:11.536435+00:00,inj_tia_regime_filtered,forward_optimized_long_ms_inj_tia_regime,persist,"INJUSDT,TIAUSDT","0-12,14-18,21-23",True,active,0,0,0,0,0.0,,1,0.0,610,3,2,1.0,,8.924063,0.0,0
2026-05-27T09:01:11.560080+00:00,inj_only,forward_optimized_long_ms_inj_only,persist,INJUSDT,"0-12,14-18,21-23",True,active,0,0,0,0,0.0,,0,0,610,1,1,1.0,,3.191041,0.0,0
2026-05-27T09:01:11.572597+00:00,tia_only,forward_optimized_long_ms_tia_only,persist,TIAUSDT,"0-12,14-18,21-23",True,active,0,0,0,0,0.0,,1,0.0,0,2,1,1.0,,5.733022,0.0,0
2026-05-27T09:01:11.883134+00:00,near_only_observation,forward_optimized_long_ms_near_only_observation,persist,NEARUSDT,"0-12,14-18,21-23",True,active,1,0,0,0,0.0,,1,1.762686,5,2,1,0.0,0.0,-4.726769,0.0,0
2026-05-27T09:06:13.259621+00:00,inj_tia_regime_filtered,forward_optimized_long_ms_inj_tia_regime,persist,"INJUSDT,TIAUSDT","0-12,14-18,21-23",True,active,1,0,0,0,0.0,,1,-0.742903,618,3,2,1.0,,8.924063,0.0,0
2026-05-27T09:06:13.284317+00:00,inj_only,forward_optimized_long_ms_inj_only,persist,INJUSDT,"0-12,14-18,21-23",True,active,0,0,0,0,0.0,,0,0,616,1,1,1.0,,3.191041,0.0,0
2026-05-27T09:06:13.299872+00:00,tia_only,forward_optimized_long_ms_tia_only,persist,TIAUSDT,"0-12,14-18,21-23",True,active,1,0,0,0,0.0,,1,-0.742903,2,2,1,1.0,,5.733022,0.0,0
2026-05-27T09:06:13.606711+00:00,near_only_observation,forward_optimized_long_ms_near_only_observation,persist,NEARUSDT,"0-12,14-18,21-23",True,active,1,0,0,0,0.0,,1,1.563673,1,2,1,0.0,0.0,-4.726769,0.0,0
2026-05-27T09:11:14.505315+00:00,inj_tia_regime_filtered,forward_optimized_long_ms_inj_tia_regime,persist,"INJUSDT,TIAUSDT","0-12,14-18,21-23",True,active,0,0,0,0,0.0,,1,-0.742903,617,3,2,1.0,,8.924063,0.0,0
2026-05-27T09:11:14.530255+00:00,inj_only,forward_optimized_long_ms_inj_only,persist,INJUSDT,"0-12,14-18,21-23",True,active,0,0,0,0,0.0,,0,0,617,1,1,1.0,,3.191041,0.0,0
2026-05-27T09:11:14.544206+00:00,tia_only,forward_optimized_long_ms_tia_only,persist,TIAUSDT,"0-12,14-18,21-23",True,active,0,0,0,0,0.0,,1,-0.742903,0,2,1,1.0,,5.733022,0.0,0
2026-05-27T09:11:14.841617+00:00,near_only_observation,forward_optimized_long_ms_near_only_observation,persist,NEARUSDT,"0-12,14-18,21-23",True,active,0,0,0,0,0.0,,1,1.563673,0,2,1,0.0,0.0,-4.726769,0.0,0
2026-05-27T09:16:15.782378+00:00,inj_tia_regime_filtered,forward_optimized_long_ms_inj_tia_regime,persist,"INJUSDT,TIAUSDT","0-12,14-18,21-23",True,active,0,0,0,0,0.0,,1,-0.742903,620,3,2,1.0,,8.924063,0.0,0
2026-05-27T09:16:15.807162+00:00,inj_only,forward_optimized_long_ms_inj_only,persist,INJUSDT,"0-12,14-18,21-23",True,active,0,0,0,0,0.0,,0,0,620,1,1,1.0,,3.191041,0.0,0
2026-05-27T09:16:15.820832+00:00,tia_only,forward_optimized_long_ms_tia_only,persist,TIAUSDT,"0-12,14-18,21-23",True,active,0,0,0,0,0.0,,1,-0.742903,0,2,1,1.0,,5.733022,0.0,0
2026-05-27T09:16:16.132032+00:00,near_only_observation,forward_optimized_long_ms_near_only_observation,persist,NEARUSDT,"0-12,14-18,21-23",True,active,1,0,0,0,0.0,,1,0.881343,5,2,1,0.0,0.0,-4.726769,0.0,0
2026-05-27T09:21:17.499383+00:00,inj_tia_regime_filtered,forward_optimized_long_ms_inj_tia_regime,persist,"INJUSDT,TIAUSDT","0-12,14-18,21-23",True,active,0,0,0,0,0.0,,1,-0.742903,623,3,2,1.0,,8.924063,0.0,0
2026-05-27T09:21:17.524559+00:00,inj_only,forward_optimized_long_ms_inj_only,persist,INJUSDT,"0-12,14-18,21-23",True,active,0,0,0,0,0.0,,0,0,623,1,1,1.0,,3.191041,0.0,0
2026-05-27T09:21:17.538677+00:00,tia_only,forward_optimized_long_ms_tia_only,persist,TIAUSDT,"0-12,14-18,21-23",True,active,0,0,0,0,0.0,,1,-0.742903,0,2,1,1.0,,5.733022,0.0,0
2026-05-27T09:21:17.831768+00:00,near_only_observation,forward_optimized_long_ms_near_only_observation,persist,NEARUSDT,"0-12,14-18,21-23",True,active,0,0,0,0,0.0,,1,0.881343,0,2,1,0.0,0.0,-4.726769,0.0,0
2026-05-27T09:26:18.764774+00:00,inj_tia_regime_filtered,forward_optimized_long_ms_inj_tia_regime,persist,"INJUSDT,TIAUSDT","0-12,14-18,21-23",True,active,1,0,0,0,0.0,,1,-1.46853,626,3,2,1.0,,8.924063,0.0,0
2026-05-27T09:26:18.789823+00:00,inj_only,forward_optimized_long_ms_inj_only,persist,INJUSDT,"0-12,14-18,21-23",True,active,0,0,0,0,0.0,,0,0,625,1,1,1.0,,3.191041,0.0,0
2026-05-27T09:26:18.804792+00:00,tia_only,forward_optimized_long_ms_tia_only,persist,TIAUSDT,"0-12,14-18,21-23",True,active,1,0,0,0,0.0,,1,-1.46853,1,2,1,1.0,,5.733022,0.0,0
2026-05-27T09:26:19.112669+00:00,near_only_observation,forward_optimized_long_ms_near_only_observation,persist,NEARUSDT,"0-12,14-18,21-23",True,active,0,0,0,0,0.0,,1,0.881343,0,2,1,0.0,0.0,-4.726769,0.0,0
2026-05-27T09:31:20.055318+00:00,inj_tia_regime_filtered,forward_optimized_long_ms_inj_tia_regime,persist,"INJUSDT,TIAUSDT","0-12,14-18,21-23",True,active,0,0,0,0,0.0,,1,-1.46853,628,3,2,1.0,,8.924063,0.0,0
2026-05-27T09:31:20.079197+00:00,inj_only,forward_optimized_long_ms_inj_only,persist,INJUSDT,"0-12,14-18,21-23",True,active,0,0,0,0,0.0,,0,0,628,1,1,1.0,,3.191041,0.0,0
2026-05-27T09:31:20.091644+00:00,tia_only,forward_optimized_long_ms_tia_only,persist,TIAUSDT,"0-12,14-18,21-23",True,active,0,0,0,0,0.0,,1,-1.46853,0,2,1,1.0,,5.733022,0.0,0
2026-05-27T09:31:20.813768+00:00,near_only_observation,forward_optimized_long_ms_near_only_observation,persist,NEARUSDT,"0-12,14-18,21-23",True,active,1,0,0,0,0.0,,1,0.511748,24,2,1,0.0,0.0,-4.726769,0.0,0
2026-05-27T09:36:21.977821+00:00,inj_tia_regime_filtered,forward_optimized_long_ms_inj_tia_regime,persist,"INJUSDT,TIAUSDT","0-12,14-18,21-23",True,active,0,0,0,0,0.0,,1,-1.46853,630,3,2,1.0,,8.924063,0.0,0
2026-05-27T09:36:22.003018+00:00,inj_only,forward_optimized_long_ms_inj_only,persist,INJUSDT,"0-12,14-18,21-23",True,active,0,0,0,0,0.0,,0,0,630,1,1,1.0,,3.191041,0.0,0
2026-05-27T09:36:22.016791+00:00,tia_only,forward_optimized_long_ms_tia_only,persist,TIAUSDT,"0-12,14-18,21-23",True,active,0,0,0,0,0.0,,1,-1.46853,0,2,1,1.0,,5.733022,0.0,0
2026-05-27T09:36:22.324059+00:00,near_only_observation,forward_optimized_long_ms_near_only_observation,persist,NEARUSDT,"0-12,14-18,21-23",True,active,1,0,0,0,0.0,,1,0.6539,6,2,1,0.0,0.0,-4.726769,0.0,0
2026-05-27T09:41:23.267882+00:00,inj_tia_regime_filtered,forward_optimized_long_ms_inj_tia_regime,persist,"INJUSDT,TIAUSDT","0-12,14-18,21-23",True,active,0,0,0,0,0.0,,1,-1.46853,633,3,2,1.0,,8.924063,0.0,0
2026-05-27T09:41:23.293347+00:00,inj_only,forward_optimized_long_ms_inj_only,persist,INJUSDT,"0-12,14-18,21-23",True,active,0,0,0,0,0.0,,0,0,633,1,1,1.0,,3.191041,0.0,0
2026-05-27T09:41:23.307990+00:00,tia_only,forward_optimized_long_ms_tia_only,persist,TIAUSDT,"0-12,14-18,21-23",True,active,0,0,0,0,0.0,,1,-1.46853,0,2,1,1.0,,5.733022,0.0,0
2026-05-27T09:41:23.598581+00:00,near_only_observation,forward_optimized_long_ms_near_only_observation,persist,NEARUSDT,"0-12,14-18,21-23",True,active,1,0,0,0,0.0,,1,0.426456,6,2,1,0.0,0.0,-4.726769,0.0,0
2026-05-27T09:46:25.157830+00:00,inj_tia_regime_filtered,forward_optimized_long_ms_inj_tia_regime,persist,"INJUSDT,TIAUSDT","0-12,14-18,21-23",True,active,0,0,0,0,0.0,,1,-1.46853,635,3,2,1.0,,8.924063,0.0,0
2026-05-27T09:46:25.187334+00:00,inj_only,forward_optimized_long_ms_inj_only,persist,INJUSDT,"0-12,14-18,21-23",True,active,0,0,0,0,0.0,,0,0,635,1,1,1.0,,3.191041,0.0,0
2026-05-27T09:46:25.203471+00:00,tia_only,forward_optimized_long_ms_tia_only,persist,TIAUSDT,"0-12,14-18,21-23",True,active,0,0,0,0,0.0,,1,-1.46853,0,2,1,1.0,,5.733022,0.0,0
2026-05-27T09:46:25.713065+00:00,near_only_observation,forward_optimized_long_ms_near_only_observation,persist,NEARUSDT,"0-12,14-18,21-23",True,active,1,0,0,0,0.0,,1,0.398026,5,2,1,0.0,0.0,-4.726769,0.0,0
2026-05-27T09:48:42.594352+00:00,inj_tia_plus_candidates,forward_optimized_long_ms_inj_tia_plus_candidates,dry_run,"INJUSDT,TIAUSDT,JUPUSDT,BOMEUSDT","0-12,14-18,21-23",True,active,0,0,2,0,0.0,,1,-1.46853,400,0,0,,,0.0,0.0,0
2026-05-27T09:51:26.678087+00:00,inj_tia_regime_filtered,forward_optimized_long_ms_inj_tia_regime,persist,"INJUSDT,TIAUSDT","0-12,14-18,21-23",True,active,0,0,0,0,0.0,,1,-1.46853,636,3,2,1.0,,8.924063,0.0,0
2026-05-27T09:51:26.716341+00:00,inj_only,forward_optimized_long_ms_inj_only,persist,INJUSDT,"0-12,14-18,21-23",True,active,0,0,0,0,0.0,,0,0,636,1,1,1.0,,3.191041,0.0,0
2026-05-27T09:51:26.738270+00:00,tia_only,forward_optimized_long_ms_tia_only,persist,TIAUSDT,"0-12,14-18,21-23",True,active,0,0,0,0,0.0,,1,-1.46853,0,2,1,1.0,,5.733022,0.0,0
2026-05-27T09:51:27.272310+00:00,near_only_observation,forward_optimized_long_ms_near_only_observation,persist,NEARUSDT,"0-12,14-18,21-23",True,active,1,0,0,0,0.0,,1,0.426456,13,2,1,0.0,0.0,-4.726769,0.0,0
2026-05-27T09:55:25.750905+00:00,inj_tia_regime_filtered,forward_optimized_long_ms_inj_tia_regime,persist,"INJUSDT,TIAUSDT","0-12,14-18,21-23",True,active,1,0,0,0,0.0,,1,-2.211433,639,3,2,1.0,,8.924063,0.0,0
2026-05-27T09:55:27.465809+00:00,inj_tia_plus_candidates,forward_optimized_long_ms_inj_tia_plus_candidates,persist,"INJUSDT,TIAUSDT,JUPUSDT,BOMEUSDT","0-12,14-18,21-23",True,active,4,0,0,1,4.376758,1.0,1,-2.211433,3198,2,1,1.0,,4.376758,0.0,0
2026-05-27T09:55:27.492505+00:00,inj_only,forward_optimized_long_ms_inj_only,persist,INJUSDT,"0-12,14-18,21-23",True,active,0,0,0,0,0.0,,0,0,638,1,1,1.0,,3.191041,0.0,0
2026-05-27T09:55:27.508064+00:00,tia_only,forward_optimized_long_ms_tia_only,persist,TIAUSDT,"0-12,14-18,21-23",True,active,1,0,0,0,0.0,,1,-2.211433,1,2,1,1.0,,5.733022,0.0,0
2026-05-27T09:55:27.809854+00:00,near_only_observation,forward_optimized_long_ms_near_only_observation,persist,NEARUSDT,"0-12,14-18,21-23",True,active,1,0,0,0,0.0,,1,0.426456,8,2,1,0.0,0.0,-4.726769,0.0,0
2026-05-27T10:00:28.758292+00:00,inj_tia_regime_filtered,forward_optimized_long_ms_inj_tia_regime,persist,"INJUSDT,TIAUSDT","0-12,14-18,21-23",True,active,0,0,0,0,0.0,,1,-2.211433,640,3,2,1.0,,8.924063,0.0,0
2026-05-27T10:00:30.306301+00:00,inj_tia_plus_candidates,forward_optimized_long_ms_inj_tia_plus_candidates,persist,"INJUSDT,TIAUSDT,JUPUSDT,BOMEUSDT","0-12,14-18,21-23",True,active,0,0,0,0,0.0,,1,-2.211433,2399,2,1,1.0,,4.376758,0.0,0
2026-05-27T10:00:30.335866+00:00,inj_only,forward_optimized_long_ms_inj_only,persist,INJUSDT,"0-12,14-18,21-23",True,active,0,0,0,0,0.0,,0,0,640,1,1,1.0,,3.191041,0.0,0
2026-05-27T10:00:30.352321+00:00,tia_only,forward_optimized_long_ms_tia_only,persist,TIAUSDT,"0-12,14-18,21-23",True,active,0,0,0,0,0.0,,1,-2.211433,0,2,1,1.0,,5.733022,0.0,0
2026-05-27T10:00:30.654898+00:00,near_only_observation,forward_optimized_long_ms_near_only_observation,persist,NEARUSDT,"0-12,14-18,21-23",True,active,0,0,0,0,0.0,,1,0.426456,0,2,1,0.0,0.0,-4.726769,0.0,0
2026-05-27T10:05:31.776326+00:00,inj_tia_regime_filtered,forward_optimized_long_ms_inj_tia_regime,persist,"INJUSDT,TIAUSDT","0-12,14-18,21-23",True,active,1,0,0,0,0.0,,1,-2.384202,645,3,2,1.0,,8.924063,0.0,0
2026-05-27T10:05:33.340748+00:00,inj_tia_plus_candidates,forward_optimized_long_ms_inj_tia_plus_candidates,persist,"INJUSDT,TIAUSDT,JUPUSDT,BOMEUSDT","0-12,14-18,21-23",True,active,1,0,0,0,0.0,,1,-2.384202,2400,2,1,1.0,,4.376758,0.0,0
2026-05-27T10:05:33.371407+00:00,inj_only,forward_optimized_long_ms_inj_only,persist,INJUSDT,"0-12,14-18,21-23",True,active,0,0,0,0,0.0,,0,0,644,1,1,1.0,,3.191041,0.0,0
2026-05-27T10:05:33.392326+00:00,tia_only,forward_optimized_long_ms_tia_only,persist,TIAUSDT,"0-12,14-18,21-23",True,active,1,0,0,0,0.0,,1,-2.384202,1,2,1,1.0,,5.733022,0.0,0
2026-05-27T10:05:33.692414+00:00,near_only_observation,forward_optimized_long_ms_near_only_observation,persist,NEARUSDT,"0-12,14-18,21-23",True,active,1,0,0,0,0.0,,1,-0.056861,17,2,1,0.0,0.0,-4.726769,0.0,0
2026-05-27T10:10:34.614448+00:00,inj_tia_regime_filtered,forward_optimized_long_ms_inj_tia_regime,persist,"INJUSDT,TIAUSDT","0-12,14-18,21-23",True,active,0,0,0,0,0.0,,1,-2.384202,646,3,2,1.0,,8.924063,0.0,0
2026-05-27T10:10:36.380716+00:00,inj_tia_plus_candidates,forward_optimized_long_ms_inj_tia_plus_candidates,persist,"INJUSDT,TIAUSDT,JUPUSDT,BOMEUSDT","0-12,14-18,21-23",True,active,0,0,0,0,0.0,,1,-2.384202,2399,2,1,1.0,,4.376758,0.0,0
2026-05-27T10:10:36.414790+00:00,inj_only,forward_optimized_long_ms_inj_only,persist,INJUSDT,"0-12,14-18,21-23",True,active,0,0,0,0,0.0,,0,0,646,1,1,1.0,,3.191041,0.0,0
2026-05-27T10:10:36.433812+00:00,tia_only,forward_optimized_long_ms_tia_only,persist,TIAUSDT,"0-12,14-18,21-23",True,active,0,0,0,0,0.0,,1,-2.384202,0,2,1,1.0,,5.733022,0.0,0
2026-05-27T10:10:36.735348+00:00,near_only_observation,forward_optimized_long_ms_near_only_observation,persist,NEARUSDT,"0-12,14-18,21-23",True,active,1,0,0,0,0.0,,1,0.056861,9,2,1,0.0,0.0,-4.726769,0.0,0
2026-05-27T10:15:38.087749+00:00,inj_tia_regime_filtered,forward_optimized_long_ms_inj_tia_regime,persist,"INJUSDT,TIAUSDT","0-12,14-18,21-23",True,active,0,0,0,0,0.0,,1,-2.384202,649,3,2,1.0,,8.924063,0.0,0
2026-05-27T10:15:39.646731+00:00,inj_tia_plus_candidates,forward_optimized_long_ms_inj_tia_plus_candidates,persist,"INJUSDT,TIAUSDT,JUPUSDT,BOMEUSDT","0-12,14-18,21-23",True,active,0,0,0,0,0.0,,1,-2.384202,2399,2,1,1.0,,4.376758,0.0,0
2026-05-27T10:15:39.677801+00:00,inj_only,forward_optimized_long_ms_inj_only,persist,INJUSDT,"0-12,14-18,21-23",True,active,0,0,0,0,0.0,,0,0,649,1,1,1.0,,3.191041,0.0,0
2026-05-27T10:15:39.695764+00:00,tia_only,forward_optimized_long_ms_tia_only,persist,TIAUSDT,"0-12,14-18,21-23",True,active,0,0,0,0,0.0,,1,-2.384202,0,2,1,1.0,,5.733022,0.0,0
2026-05-27T10:15:40.011326+00:00,near_only_observation,forward_optimized_long_ms_near_only_observation,persist,NEARUSDT,"0-12,14-18,21-23",True,active,1,0,0,0,0.0,,1,0.02843,1,2,1,0.0,0.0,-4.726769,0.0,0
2026-05-27T10:20:40.924927+00:00,inj_tia_regime_filtered,forward_optimized_long_ms_inj_tia_regime,persist,"INJUSDT,TIAUSDT","0-12,14-18,21-23",True,active,0,0,0,0,0.0,,1,-2.384202,651,3,2,1.0,,8.924063,0.0,0
2026-05-27T10:20:42.940921+00:00,inj_tia_plus_candidates,forward_optimized_long_ms_inj_tia_plus_candidates,persist,"INJUSDT,TIAUSDT,JUPUSDT,BOMEUSDT","0-12,14-18,21-23",True,active,0,0,0,0,0.0,,1,-2.384202,2399,2,1,1.0,,4.376758,0.0,0
2026-05-27T10:20:42.976763+00:00,inj_only,forward_optimized_long_ms_inj_only,persist,INJUSDT,"0-12,14-18,21-23",True,active,0,0,0,0,0.0,,0,0,651,1,1,1.0,,3.191041,0.0,0
2026-05-27T10:20:42.993577+00:00,tia_only,forward_optimized_long_ms_tia_only,persist,TIAUSDT,"0-12,14-18,21-23",True,active,0,0,0,0,0.0,,1,-2.384202,0,2,1,1.0,,5.733022,0.0,0
2026-05-27T10:20:43.280728+00:00,near_only_observation,forward_optimized_long_ms_near_only_observation,persist,NEARUSDT,"0-12,14-18,21-23",True,active,0,0,0,0,0.0,,1,0.02843,0,2,1,0.0,0.0,-4.726769,0.0,0
2026-05-27T10:25:44.427633+00:00,inj_tia_regime_filtered,forward_optimized_long_ms_inj_tia_regime,persist,"INJUSDT,TIAUSDT","0-12,14-18,21-23",True,active,0,0,0,0,0.0,,1,-2.384202,652,3,2,1.0,,8.924063,0.0,0
2026-05-27T10:25:45.965195+00:00,inj_tia_plus_candidates,forward_optimized_long_ms_inj_tia_plus_candidates,persist,"INJUSDT,TIAUSDT,JUPUSDT,BOMEUSDT","0-12,14-18,21-23",True,active,0,0,0,0,0.0,,1,-2.384202,2399,2,1,1.0,,4.376758,0.0,0
2026-05-27T10:25:46.008893+00:00,inj_only,forward_optimized_long_ms_inj_only,persist,INJUSDT,"0-12,14-18,21-23",True,active,0,0,0,0,0.0,,0,0,652,1,1,1.0,,3.191041,0.0,0
2026-05-27T10:25:46.030156+00:00,tia_only,forward_optimized_long_ms_tia_only,persist,TIAUSDT,"0-12,14-18,21-23",True,active,0,0,0,0,0.0,,1,-2.384202,0,2,1,1.0,,5.733022,0.0,0
2026-05-27T10:25:46.325202+00:00,near_only_observation,forward_optimized_long_ms_near_only_observation,persist,NEARUSDT,"0-12,14-18,21-23",True,active,1,0,0,0,0.0,,1,0.085291,3,2,1,0.0,0.0,-4.726769,0.0,0
2026-05-27T10:30:47.249221+00:00,inj_tia_regime_filtered,forward_optimized_long_ms_inj_tia_regime,persist,"INJUSDT,TIAUSDT","0-12,14-18,21-23",True,active,0,0,0,0,0.0,,1,-2.384202,654,3,2,1.0,,8.924063,0.0,0
2026-05-27T10:30:48.781695+00:00,inj_tia_plus_candidates,forward_optimized_long_ms_inj_tia_plus_candidates,persist,"INJUSDT,TIAUSDT,JUPUSDT,BOMEUSDT","0-12,14-18,21-23",True,active,0,0,0,0,0.0,,1,-2.384202,2399,2,1,1.0,,4.376758,0.0,0
2026-05-27T10:30:48.810423+00:00,inj_only,forward_optimized_long_ms_inj_only,persist,INJUSDT,"0-12,14-18,21-23",True,active,0,0,0,0,0.0,,0,0,654,1,1,1.0,,3.191041,0.0,0
2026-05-27T10:30:48.829592+00:00,tia_only,forward_optimized_long_ms_tia_only,persist,TIAUSDT,"0-12,14-18,21-23",True,active,0,0,0,0,0.0,,1,-2.384202,0,2,1,1.0,,5.733022,0.0,0
2026-05-27T10:30:49.124948+00:00,near_only_observation,forward_optimized_long_ms_near_only_observation,persist,NEARUSDT,"0-12,14-18,21-23",True,active,1,0,0,0,0.0,,1,0.312735,2,2,1,0.0,0.0,-4.726769,0.0,0
2026-05-27T10:35:50.047375+00:00,inj_tia_regime_filtered,forward_optimized_long_ms_inj_tia_regime,persist,"INJUSDT,TIAUSDT","0-12,14-18,21-23",True,active,0,0,0,0,0.0,,1,-2.384202,657,3,2,1.0,,8.924063,0.0,0
2026-05-27T10:35:51.625605+00:00,inj_tia_plus_candidates,forward_optimized_long_ms_inj_tia_plus_candidates,persist,"INJUSDT,TIAUSDT,JUPUSDT,BOMEUSDT","0-12,14-18,21-23",True,active,0,0,0,0,0.0,,1,-2.384202,2399,2,1,1.0,,4.376758,0.0,0
2026-05-27T10:35:51.656633+00:00,inj_only,forward_optimized_long_ms_inj_only,persist,INJUSDT,"0-12,14-18,21-23",True,active,0,0,0,0,0.0,,0,0,657,1,1,1.0,,3.191041,0.0,0
2026-05-27T10:35:51.673601+00:00,tia_only,forward_optimized_long_ms_tia_only,persist,TIAUSDT,"0-12,14-18,21-23",True,active,0,0,0,0,0.0,,1,-2.384202,0,2,1,1.0,,5.733022,0.0,0
2026-05-27T10:35:51.986607+00:00,near_only_observation,forward_optimized_long_ms_near_only_observation,persist,NEARUSDT,"0-12,14-18,21-23",True,active,1,0,0,0,0.0,,1,-0.142152,2,2,1,0.0,0.0,-4.726769,0.0,0
2026-05-27T10:40:53.090396+00:00,inj_tia_regime_filtered,forward_optimized_long_ms_inj_tia_regime,persist,"INJUSDT,TIAUSDT","0-12,14-18,21-23",True,active,0,0,0,0,0.0,,1,-2.384202,659,3,2,1.0,,8.924063,0.0,0
2026-05-27T10:40:54.652584+00:00,inj_tia_plus_candidates,forward_optimized_long_ms_inj_tia_plus_candidates,persist,"INJUSDT,TIAUSDT,JUPUSDT,BOMEUSDT","0-12,14-18,21-23",True,active,0,0,0,0,0.0,,1,-2.384202,2399,2,1,1.0,,4.376758,0.0,0
2026-05-27T10:40:54.688460+00:00,inj_only,forward_optimized_long_ms_inj_only,persist,INJUSDT,"0-12,14-18,21-23",True,active,0,0,0,0,0.0,,0,0,659,1,1,1.0,,3.191041,0.0,0
2026-05-27T10:40:54.708584+00:00,tia_only,forward_optimized_long_ms_tia_only,persist,TIAUSDT,"0-12,14-18,21-23",True,active,0,0,0,0,0.0,,1,-2.384202,0,2,1,1.0,,5.733022,0.0,0
2026-05-27T10:40:55.003772+00:00,near_only_observation,forward_optimized_long_ms_near_only_observation,persist,NEARUSDT,"0-12,14-18,21-23",True,active,1,0,0,0,0.0,,1,0.02843,1,2,1,0.0,0.0,-4.726769,0.0,0
2026-05-27T10:45:56.605530+00:00,inj_tia_regime_filtered,forward_optimized_long_ms_inj_tia_regime,persist,"INJUSDT,TIAUSDT","0-12,14-18,21-23",True,active,0,0,0,0,0.0,,1,-2.384202,661,3,2,1.0,,8.924063,0.0,0
2026-05-27T10:45:58.794909+00:00,inj_tia_plus_candidates,forward_optimized_long_ms_inj_tia_plus_candidates,persist,"INJUSDT,TIAUSDT,JUPUSDT,BOMEUSDT","0-12,14-18,21-23",True,active,0,0,0,0,0.0,,1,-2.384202,2399,2,1,1.0,,4.376758,0.0,0
2026-05-27T10:45:58.830356+00:00,inj_only,forward_optimized_long_ms_inj_only,persist,INJUSDT,"0-12,14-18,21-23",True,active,0,0,0,0,0.0,,0,0,661,1,1,1.0,,3.191041,0.0,0
2026-05-27T10:45:58.846143+00:00,tia_only,forward_optimized_long_ms_tia_only,persist,TIAUSDT,"0-12,14-18,21-23",True,active,0,0,0,0,0.0,,1,-2.384202,0,2,1,1.0,,5.733022,0.0,0
2026-05-27T10:45:59.148610+00:00,near_only_observation,forward_optimized_long_ms_near_only_observation,persist,NEARUSDT,"0-12,14-18,21-23",True,active,1,0,0,0,0.0,,1,-0.056861,15,2,1,0.0,0.0,-4.726769,0.0,0
2026-05-27T10:51:00.487474+00:00,inj_tia_regime_filtered,forward_optimized_long_ms_inj_tia_regime,persist,"INJUSDT,TIAUSDT","0-12,14-18,21-23",True,active,1,0,0,0,0.0,,1,-2.93706,664,3,2,1.0,,8.924063,0.0,0
2026-05-27T10:51:02.295982+00:00,inj_tia_plus_candidates,forward_optimized_long_ms_inj_tia_plus_candidates,persist,"INJUSDT,TIAUSDT,JUPUSDT,BOMEUSDT","0-12,14-18,21-23",True,active,1,0,0,0,0.0,,1,-2.93706,2400,2,1,1.0,,4.376758,0.0,0
2026-05-27T10:51:02.333941+00:00,inj_only,forward_optimized_long_ms_inj_only,persist,INJUSDT,"0-12,14-18,21-23",True,active,0,0,0,0,0.0,,0,0,663,1,1,1.0,,3.191041,0.0,0
2026-05-27T10:51:02.354261+00:00,tia_only,forward_optimized_long_ms_tia_only,persist,TIAUSDT,"0-12,14-18,21-23",True,active,1,0,0,0,0.0,,1,-2.93706,1,2,1,1.0,,5.733022,0.0,0
2026-05-27T10:51:02.672374+00:00,near_only_observation,forward_optimized_long_ms_near_only_observation,persist,NEARUSDT,"0-12,14-18,21-23",True,active,1,0,0,0,0.0,,1,-0.056861,3,2,1,0.0,0.0,-4.726769,0.0,0
2026-05-27T10:56:03.577635+00:00,inj_tia_regime_filtered,forward_optimized_long_ms_inj_tia_regime,persist,"INJUSDT,TIAUSDT","0-12,14-18,21-23",True,active,0,0,0,0,0.0,,1,-2.93706,665,3,2,1.0,,8.924063,0.0,0
2026-05-27T10:56:05.557064+00:00,inj_tia_plus_candidates,forward_optimized_long_ms_inj_tia_plus_candidates,persist,"INJUSDT,TIAUSDT,JUPUSDT,BOMEUSDT","0-12,14-18,21-23",True,active,0,0,0,0,0.0,,1,-2.93706,2399,2,1,1.0,,4.376758,0.0,0
2026-05-27T10:56:05.592023+00:00,inj_only,forward_optimized_long_ms_inj_only,persist,INJUSDT,"0-12,14-18,21-23",True,active,0,0,0,0,0.0,,0,0,665,1,1,1.0,,3.191041,0.0,0
2026-05-27T10:56:05.611811+00:00,tia_only,forward_optimized_long_ms_tia_only,persist,TIAUSDT,"0-12,14-18,21-23",True,active,0,0,0,0,0.0,,1,-2.93706,0,2,1,1.0,,5.733022,0.0,0
2026-05-27T10:56:06.321432+00:00,near_only_observation,forward_optimized_long_ms_near_only_observation,persist,NEARUSDT,"0-12,14-18,21-23",True,active,1,0,0,0,0.0,,1,-0.142152,1,2,1,0.0,0.0,-4.726769,0.0,0
2026-05-27T11:01:07.451970+00:00,inj_tia_regime_filtered,forward_optimized_long_ms_inj_tia_regime,persist,"INJUSDT,TIAUSDT","0-12,14-18,21-23",True,active,0,0,0,0,0.0,,1,-2.93706,668,3,2,1.0,,8.924063,0.0,0
2026-05-27T11:01:09.404216+00:00,inj_tia_plus_candidates,forward_optimized_long_ms_inj_tia_plus_candidates,persist,"INJUSDT,TIAUSDT,JUPUSDT,BOMEUSDT","0-12,14-18,21-23",True,active,0,0,0,0,0.0,,1,-2.93706,2399,2,1,1.0,,4.376758,0.0,0
2026-05-27T11:01:09.438329+00:00,inj_only,forward_optimized_long_ms_inj_only,persist,INJUSDT,"0-12,14-18,21-23",True,active,0,0,0,0,0.0,,0,0,668,1,1,1.0,,3.191041,0.0,0
2026-05-27T11:01:09.455105+00:00,tia_only,forward_optimized_long_ms_tia_only,persist,TIAUSDT,"0-12,14-18,21-23",True,active,0,0,0,0,0.0,,1,-2.93706,0,2,1,1.0,,5.733022,0.0,0
2026-05-27T11:01:09.772029+00:00,near_only_observation,forward_optimized_long_ms_near_only_observation,persist,NEARUSDT,"0-12,14-18,21-23",True,active,1,0,0,0,0.0,,1,0.995065,12,2,1,0.0,0.0,-4.726769,0.0,0
2026-05-27T11:06:10.700343+00:00,inj_tia_regime_filtered,forward_optimized_long_ms_inj_tia_regime,persist,"INJUSDT,TIAUSDT","0-12,14-18,21-23",True,active,1,0,0,0,0.0,,1,-2.626077,677,3,2,1.0,,8.924063,0.0,0
2026-05-27T11:06:12.287448+00:00,inj_tia_plus_candidates,forward_optimized_long_ms_inj_tia_plus_candidates,persist,"INJUSDT,TIAUSDT,JUPUSDT,BOMEUSDT","0-12,14-18,21-23",True,active,1,0,0,0,0.0,,1,-2.626077,2402,2,1,1.0,,4.376758,0.0,0
2026-05-27T11:06:12.333533+00:00,inj_only,forward_optimized_long_ms_inj_only,persist,INJUSDT,"0-12,14-18,21-23",True,active,0,0,0,0,0.0,,0,0,674,1,1,1.0,,3.191041,0.0,0
2026-05-27T11:06:12.356893+00:00,tia_only,forward_optimized_long_ms_tia_only,persist,TIAUSDT,"0-12,14-18,21-23",True,active,1,0,0,0,0.0,,1,-2.626077,3,2,1,1.0,,5.733022,0.0,0
2026-05-27T11:06:12.672999+00:00,near_only_observation,forward_optimized_long_ms_near_only_observation,persist,NEARUSDT,"0-12,14-18,21-23",True,active,1,0,0,0,0.0,,1,1.563673,18,2,1,0.0,0.0,-4.726769,0.0,0
2026-05-27T11:11:14.069716+00:00,inj_tia_regime_filtered,forward_optimized_long_ms_inj_tia_regime,persist,"INJUSDT,TIAUSDT","0-12,14-18,21-23",True,active,0,0,0,0,0.0,,1,-2.626077,675,3,2,1.0,,8.924063,0.0,0
2026-05-27T11:11:15.592057+00:00,inj_tia_plus_candidates,forward_optimized_long_ms_inj_tia_plus_candidates,persist,"INJUSDT,TIAUSDT,JUPUSDT,BOMEUSDT","0-12,14-18,21-23",True,active,0,0,0,0,0.0,,1,-2.626077,2399,2,1,1.0,,4.376758,0.0,0
2026-05-27T11:11:15.625800+00:00,inj_only,forward_optimized_long_ms_inj_only,persist,INJUSDT,"0-12,14-18,21-23",True,active,0,0,0,0,0.0,,0,0,675,1,1,1.0,,3.191041,0.0,0
2026-05-27T11:11:15.646280+00:00,tia_only,forward_optimized_long_ms_tia_only,persist,TIAUSDT,"0-12,14-18,21-23",True,active,0,0,0,0,0.0,,1,-2.626077,0,2,1,1.0,,5.733022,0.0,0
2026-05-27T11:11:16.369832+00:00,near_only_observation,forward_optimized_long_ms_near_only_observation,persist,NEARUSDT,"0-12,14-18,21-23",True,active,0,0,0,0,0.0,,1,1.563673,0,2,1,0.0,0.0,-4.726769,0.0,0
2026-05-27T11:16:17.504397+00:00,inj_tia_regime_filtered,forward_optimized_long_ms_inj_tia_regime,persist,"INJUSDT,TIAUSDT","0-12,14-18,21-23",True,active,0,0,0,0,0.0,,1,-2.626077,678,3,2,1.0,,8.924063,0.0,0
2026-05-27T11:16:19.085630+00:00,inj_tia_plus_candidates,forward_optimized_long_ms_inj_tia_plus_candidates,persist,"INJUSDT,TIAUSDT,JUPUSDT,BOMEUSDT","0-12,14-18,21-23",True,active,0,0,0,0,0.0,,1,-2.626077,2399,2,1,1.0,,4.376758,0.0,0
2026-05-27T11:16:19.113835+00:00,inj_only,forward_optimized_long_ms_inj_only,persist,INJUSDT,"0-12,14-18,21-23",True,active,0,0,0,0,0.0,,0,0,678,1,1,1.0,,3.191041,0.0,0
2026-05-27T11:16:19.131100+00:00,tia_only,forward_optimized_long_ms_tia_only,persist,TIAUSDT,"0-12,14-18,21-23",True,active,0,0,0,0,0.0,,1,-2.626077,0,2,1,1.0,,5.733022,0.0,0
2026-05-27T11:16:19.633335+00:00,near_only_observation,forward_optimized_long_ms_near_only_observation,persist,NEARUSDT,"0-12,14-18,21-23",True,active,1,0,0,0,0.0,,1,1.535243,10,2,1,0.0,0.0,-4.726769,0.0,0
2026-05-27T11:21:20.527279+00:00,inj_tia_regime_filtered,forward_optimized_long_ms_inj_tia_regime,persist,"INJUSDT,TIAUSDT","0-12,14-18,21-23",True,active,0,0,0,0,0.0,,1,-2.626077,680,3,2,1.0,,8.924063,0.0,0
2026-05-27T11:21:22.236742+00:00,inj_tia_plus_candidates,forward_optimized_long_ms_inj_tia_plus_candidates,persist,"INJUSDT,TIAUSDT,JUPUSDT,BOMEUSDT","0-12,14-18,21-23",True,active,0,0,0,0,0.0,,1,-2.626077,2399,2,1,1.0,,4.376758,0.0,0
2026-05-27T11:21:22.267054+00:00,inj_only,forward_optimized_long_ms_inj_only,persist,INJUSDT,"0-12,14-18,21-23",True,active,0,0,0,0,0.0,,0,0,680,1,1,1.0,,3.191041,0.0,0
2026-05-27T11:21:22.293279+00:00,tia_only,forward_optimized_long_ms_tia_only,persist,TIAUSDT,"0-12,14-18,21-23",True,active,0,0,0,0,0.0,,1,-2.626077,0,2,1,1.0,,5.733022,0.0,0
2026-05-27T11:21:22.593657+00:00,near_only_observation,forward_optimized_long_ms_near_only_observation,persist,NEARUSDT,"0-12,14-18,21-23",True,active,1,0,0,0,0.0,,1,1.563673,7,2,1,0.0,0.0,-4.726769,0.0,0
2026-05-27T11:26:23.947887+00:00,inj_tia_regime_filtered,forward_optimized_long_ms_inj_tia_regime,persist,"INJUSDT,TIAUSDT","0-12,14-18,21-23",True,active,0,0,0,0,0.0,,1,-2.626077,683,3,2,1.0,,8.924063,0.0,0
2026-05-27T11:26:25.510622+00:00,inj_tia_plus_candidates,forward_optimized_long_ms_inj_tia_plus_candidates,persist,"INJUSDT,TIAUSDT,JUPUSDT,BOMEUSDT","0-12,14-18,21-23",True,active,0,0,0,0,0.0,,1,-2.626077,2399,2,1,1.0,,4.376758,0.0,0
2026-05-27T11:26:25.548776+00:00,inj_only,forward_optimized_long_ms_inj_only,persist,INJUSDT,"0-12,14-18,21-23",True,active,0,0,0,0,0.0,,0,0,683,1,1,1.0,,3.191041,0.0,0
2026-05-27T11:26:25.565378+00:00,tia_only,forward_optimized_long_ms_tia_only,persist,TIAUSDT,"0-12,14-18,21-23",True,active,0,0,0,0,0.0,,1,-2.626077,0,2,1,1.0,,5.733022,0.0,0
2026-05-27T11:26:25.881589+00:00,near_only_observation,forward_optimized_long_ms_near_only_observation,persist,NEARUSDT,"0-12,14-18,21-23",True,active,0,0,0,0,0.0,,1,1.563673,0,2,1,0.0,0.0,-4.726769,0.0,0
2026-05-27T11:31:26.807754+00:00,inj_tia_regime_filtered,forward_optimized_long_ms_inj_tia_regime,persist,"INJUSDT,TIAUSDT","0-12,14-18,21-23",True,active,0,0,0,0,0.0,,1,-2.626077,685,3,2,1.0,,8.924063,0.0,0
2026-05-27T11:31:28.789313+00:00,inj_tia_plus_candidates,forward_optimized_long_ms_inj_tia_plus_candidates,persist,"INJUSDT,TIAUSDT,JUPUSDT,BOMEUSDT","0-12,14-18,21-23",True,active,0,0,0,0,0.0,,1,-2.626077,2399,2,1,1.0,,4.376758,0.0,0
2026-05-27T11:31:28.819006+00:00,inj_only,forward_optimized_long_ms_inj_only,persist,INJUSDT,"0-12,14-18,21-23",True,active,0,0,0,0,0.0,,0,0,685,1,1,1.0,,3.191041,0.0,0
2026-05-27T11:31:28.834071+00:00,tia_only,forward_optimized_long_ms_tia_only,persist,TIAUSDT,"0-12,14-18,21-23",True,active,0,0,0,0,0.0,,1,-2.626077,0,2,1,1.0,,5.733022,0.0,0
2026-05-27T11:31:29.135641+00:00,near_only_observation,forward_optimized_long_ms_near_only_observation,persist,NEARUSDT,"0-12,14-18,21-23",True,active,1,0,0,0,0.0,,1,1.108786,9,2,1,0.0,0.0,-4.726769,0.0,0
2026-05-27T11:36:30.042301+00:00,inj_tia_regime_filtered,forward_optimized_long_ms_inj_tia_regime,persist,"INJUSDT,TIAUSDT","0-12,14-18,21-23",True,active,0,0,0,0,0.0,,1,-2.626077,690,3,2,1.0,,8.924063,0.0,0
2026-05-27T11:36:31.816434+00:00,inj_tia_plus_candidates,forward_optimized_long_ms_inj_tia_plus_candidates,persist,"INJUSDT,TIAUSDT,JUPUSDT,BOMEUSDT","0-12,14-18,21-23",True,active,0,0,0,0,0.0,,1,-2.626077,2399,2,1,1.0,,4.376758,0.0,0
2026-05-27T11:36:31.851152+00:00,inj_only,forward_optimized_long_ms_inj_only,persist,INJUSDT,"0-12,14-18,21-23",True,active,0,0,0,0,0.0,,0,0,690,1,1,1.0,,3.191041,0.0,0
2026-05-27T11:36:31.873968+00:00,tia_only,forward_optimized_long_ms_tia_only,persist,TIAUSDT,"0-12,14-18,21-23",True,active,0,0,0,0,0.0,,1,-2.626077,0,2,1,1.0,,5.733022,0.0,0
2026-05-27T11:36:32.197810+00:00,near_only_observation,forward_optimized_long_ms_near_only_observation,persist,NEARUSDT,"0-12,14-18,21-23",True,active,1,0,0,0,0.0,,1,1.279369,2,2,1,0.0,0.0,-4.726769,0.0,0
2026-05-27T11:41:33.124153+00:00,inj_tia_regime_filtered,forward_optimized_long_ms_inj_tia_regime,persist,"INJUSDT,TIAUSDT","0-12,14-18,21-23",True,active,0,0,0,0,0.0,,1,-2.626077,692,3,2,1.0,,8.924063,0.0,0
2026-05-27T11:41:34.894059+00:00,inj_tia_plus_candidates,forward_optimized_long_ms_inj_tia_plus_candidates,persist,"INJUSDT,TIAUSDT,JUPUSDT,BOMEUSDT","0-12,14-18,21-23",True,active,0,0,0,0,0.0,,1,-2.626077,2399,2,1,1.0,,4.376758,0.0,0
2026-05-27T11:41:34.933025+00:00,inj_only,forward_optimized_long_ms_inj_only,persist,INJUSDT,"0-12,14-18,21-23",True,active,0,0,0,0,0.0,,0,0,692,1,1,1.0,,3.191041,0.0,0
2026-05-27T11:41:34.950042+00:00,tia_only,forward_optimized_long_ms_tia_only,persist,TIAUSDT,"0-12,14-18,21-23",True,active,0,0,0,0,0.0,,1,-2.626077,0,2,1,1.0,,5.733022,0.0,0
2026-05-27T11:41:35.468927+00:00,near_only_observation,forward_optimized_long_ms_near_only_observation,persist,NEARUSDT,"0-12,14-18,21-23",True,active,1,0,0,0,0.0,,1,1.791117,7,2,1,0.0,0.0,-4.726769,0.0,0
2026-05-27T11:46:36.811089+00:00,inj_tia_regime_filtered,forward_optimized_long_ms_inj_tia_regime,persist,"INJUSDT,TIAUSDT","0-12,14-18,21-23",True,active,0,0,0,0,0.0,,1,-2.626077,694,3,2,1.0,,8.924063,0.0,0
2026-05-27T11:46:38.366385+00:00,inj_tia_plus_candidates,forward_optimized_long_ms_inj_tia_plus_candidates,persist,"INJUSDT,TIAUSDT,JUPUSDT,BOMEUSDT","0-12,14-18,21-23",True,active,0,0,0,0,0.0,,1,-2.626077,2399,2,1,1.0,,4.376758,0.0,0
2026-05-27T11:46:38.397417+00:00,inj_only,forward_optimized_long_ms_inj_only,persist,INJUSDT,"0-12,14-18,21-23",True,active,0,0,0,0,0.0,,0,0,694,1,1,1.0,,3.191041,0.0,0
2026-05-27T11:46:38.414263+00:00,tia_only,forward_optimized_long_ms_tia_only,persist,TIAUSDT,"0-12,14-18,21-23",True,active,0,0,0,0,0.0,,1,-2.626077,0,2,1,1.0,,5.733022,0.0,0
2026-05-27T11:46:38.707611+00:00,near_only_observation,forward_optimized_long_ms_near_only_observation,persist,NEARUSDT,"0-12,14-18,21-23",True,active,0,0,0,0,0.0,,1,1.791117,0,2,1,0.0,0.0,-4.726769,0.0,0
2026-05-27T11:51:39.612653+00:00,inj_tia_regime_filtered,forward_optimized_long_ms_inj_tia_regime,persist,"INJUSDT,TIAUSDT","0-12,14-18,21-23",True,active,1,0,0,0,0.0,,1,-3.351704,699,3,2,1.0,,8.924063,0.0,0
2026-05-27T11:51:41.255176+00:00,inj_tia_plus_candidates,forward_optimized_long_ms_inj_tia_plus_candidates,persist,"INJUSDT,TIAUSDT,JUPUSDT,BOMEUSDT","0-12,14-18,21-23",True,active,1,0,0,0,0.0,,1,-3.351704,2402,2,1,1.0,,4.376758,0.0,0
2026-05-27T11:51:41.295034+00:00,inj_only,forward_optimized_long_ms_inj_only,persist,INJUSDT,"0-12,14-18,21-23",True,active,0,0,0,0,0.0,,0,0,696,1,1,1.0,,3.191041,0.0,0
2026-05-27T11:51:41.319532+00:00,tia_only,forward_optimized_long_ms_tia_only,persist,TIAUSDT,"0-12,14-18,21-23",True,active,1,0,0,0,0.0,,1,-3.351704,3,2,1,1.0,,5.733022,0.0,0
2026-05-27T11:51:41.634860+00:00,near_only_observation,forward_optimized_long_ms_near_only_observation,persist,NEARUSDT,"0-12,14-18,21-23",True,active,1,0,0,0,0.0,,1,1.222508,6,2,1,0.0,0.0,-4.726769,0.0,0
2026-05-27T11:56:42.586366+00:00,inj_tia_regime_filtered,forward_optimized_long_ms_inj_tia_regime,persist,"INJUSDT,TIAUSDT","0-12,14-18,21-23",True,active,0,0,0,0,0.0,,1,-3.351704,698,3,2,1.0,,8.924063,0.0,0
2026-05-27T11:56:44.151019+00:00,inj_tia_plus_candidates,forward_optimized_long_ms_inj_tia_plus_candidates,persist,"INJUSDT,TIAUSDT,JUPUSDT,BOMEUSDT","0-12,14-18,21-23",True,active,0,0,0,0,0.0,,1,-3.351704,2399,2,1,1.0,,4.376758,0.0,0
2026-05-27T11:56:44.184837+00:00,inj_only,forward_optimized_long_ms_inj_only,persist,INJUSDT,"0-12,14-18,21-23",True,active,0,0,0,0,0.0,,0,0,698,1,1,1.0,,3.191041,0.0,0
2026-05-27T11:56:44.203567+00:00,tia_only,forward_optimized_long_ms_tia_only,persist,TIAUSDT,"0-12,14-18,21-23",True,active,0,0,0,0,0.0,,1,-3.351704,0,2,1,1.0,,5.733022,0.0,0
2026-05-27T11:56:44.504693+00:00,near_only_observation,forward_optimized_long_ms_near_only_observation,persist,NEARUSDT,"0-12,14-18,21-23",True,active,1,0,0,0,0.0,,1,1.421521,2,2,1,0.0,0.0,-4.726769,0.0,0
2026-05-27T12:01:45.431006+00:00,inj_tia_regime_filtered,forward_optimized_long_ms_inj_tia_regime,persist,"INJUSDT,TIAUSDT","0-12,14-18,21-23",True,active,1,0,0,0,0.0,,1,-3.679964,700,3,2,1.0,,8.924063,0.0,0
2026-05-27T12:01:46.979529+00:00,inj_tia_plus_candidates,forward_optimized_long_ms_inj_tia_plus_candidates,persist,"INJUSDT,TIAUSDT,JUPUSDT,BOMEUSDT","0-12,14-18,21-23",True,active,1,0,0,0,0.0,,1,-3.679964,2400,2,1,1.0,,4.376758,0.0,0
2026-05-27T12:01:47.012636+00:00,inj_only,forward_optimized_long_ms_inj_only,persist,INJUSDT,"0-12,14-18,21-23",True,active,0,0,0,0,0.0,,0,0,699,1,1,1.0,,3.191041,0.0,0
2026-05-27T12:01:47.029346+00:00,tia_only,forward_optimized_long_ms_tia_only,persist,TIAUSDT,"0-12,14-18,21-23",True,active,1,0,0,0,0.0,,1,-3.679964,1,2,1,1.0,,5.733022,0.0,0
2026-05-27T12:01:47.323446+00:00,near_only_observation,forward_optimized_long_ms_near_only_observation,persist,NEARUSDT,"0-12,14-18,21-23",True,active,1,0,0,0,0.0,,1,1.194078,1,2,1,0.0,0.0,-4.726769,0.0,0
2026-05-27T12:06:48.675217+00:00,inj_tia_regime_filtered,forward_optimized_long_ms_inj_tia_regime,persist,"INJUSDT,TIAUSDT","0-12,14-18,21-23",True,active,1,0,0,0,0.0,,1,-3.541749,706,3,2,1.0,,8.924063,0.0,0
2026-05-27T12:06:50.657755+00:00,inj_tia_plus_candidates,forward_optimized_long_ms_inj_tia_plus_candidates,persist,"INJUSDT,TIAUSDT,JUPUSDT,BOMEUSDT","0-12,14-18,21-23",True,active,1,0,0,0,0.0,,1,-3.541749,2403,2,1,1.0,,4.376758,0.0,0
2026-05-27T12:06:50.695572+00:00,inj_only,forward_optimized_long_ms_inj_only,persist,INJUSDT,"0-12,14-18,21-23",True,active,0,0,0,0,0.0,,0,0,702,1,1,1.0,,3.191041,0.0,0
2026-05-27T12:06:50.719931+00:00,tia_only,forward_optimized_long_ms_tia_only,persist,TIAUSDT,"0-12,14-18,21-23",True,active,1,0,0,0,0.0,,1,-3.541749,4,2,1,1.0,,5.733022,0.0,0
2026-05-27T12:06:51.038938+00:00,near_only_observation,forward_optimized_long_ms_near_only_observation,persist,NEARUSDT,"0-12,14-18,21-23",True,active,1,0,0,0,0.0,,1,1.506812,2,2,1,0.0,0.0,-4.726769,0.0,0
2026-05-27T12:11:51.969891+00:00,inj_tia_regime_filtered,forward_optimized_long_ms_inj_tia_regime,persist,"INJUSDT,TIAUSDT","0-12,14-18,21-23",True,active,0,0,0,0,0.0,,1,-3.541749,704,3,2,1.0,,8.924063,0.0,0
2026-05-27T12:11:53.531305+00:00,inj_tia_plus_candidates,forward_optimized_long_ms_inj_tia_plus_candidates,persist,"INJUSDT,TIAUSDT,JUPUSDT,BOMEUSDT","0-12,14-18,21-23",True,active,0,0,0,0,0.0,,1,-3.541749,2399,2,1,1.0,,4.376758,0.0,0
2026-05-27T12:11:53.562082+00:00,inj_only,forward_optimized_long_ms_inj_only,persist,INJUSDT,"0-12,14-18,21-23",True,active,0,0,0,0,0.0,,0,0,704,1,1,1.0,,3.191041,0.0,0
2026-05-27T12:11:53.580203+00:00,tia_only,forward_optimized_long_ms_tia_only,persist,TIAUSDT,"0-12,14-18,21-23",True,active,0,0,0,0,0.0,,1,-3.541749,0,2,1,1.0,,5.733022,0.0,0
2026-05-27T12:11:53.905501+00:00,near_only_observation,forward_optimized_long_ms_near_only_observation,persist,NEARUSDT,"0-12,14-18,21-23",True,active,1,0,0,0,0.0,,1,1.449951,3,2,1,0.0,0.0,-4.726769,0.0,0
2026-05-27T12:16:54.849757+00:00,inj_tia_regime_filtered,forward_optimized_long_ms_inj_tia_regime,persist,"INJUSDT,TIAUSDT","0-12,14-18,21-23",True,active,1,0,0,0,0.0,,1,-3.178936,708,3,2,1.0,,8.924063,0.0,0
2026-05-27T12:16:56.386577+00:00,inj_tia_plus_candidates,forward_optimized_long_ms_inj_tia_plus_candidates,persist,"INJUSDT,TIAUSDT,JUPUSDT,BOMEUSDT","0-12,14-18,21-23",True,active,1,0,0,0,0.0,,1,-3.178936,2400,2,1,1.0,,4.376758,0.0,0
2026-05-27T12:16:56.415372+00:00,inj_only,forward_optimized_long_ms_inj_only,persist,INJUSDT,"0-12,14-18,21-23",True,active,0,0,0,0,0.0,,0,0,707,1,1,1.0,,3.191041,0.0,0
2026-05-27T12:16:56.433858+00:00,tia_only,forward_optimized_long_ms_tia_only,persist,TIAUSDT,"0-12,14-18,21-23",True,active,1,0,0,0,0.0,,1,-3.178936,1,2,1,1.0,,5.733022,0.0,0
2026-05-27T12:16:56.732667+00:00,near_only_observation,forward_optimized_long_ms_near_only_observation,persist,NEARUSDT,"0-12,14-18,21-23",True,active,0,0,0,0,0.0,,1,1.449951,0,2,1,0.0,0.0,-4.726769,0.0,0
2026-05-27T12:21:57.682539+00:00,inj_tia_regime_filtered,forward_optimized_long_ms_inj_tia_regime,persist,"INJUSDT,TIAUSDT","0-12,14-18,21-23",True,active,1,0,0,0,0.0,,1,-2.93706,711,3,2,1.0,,8.924063,0.0,0
2026-05-27T12:21:59.334085+00:00,inj_tia_plus_candidates,forward_optimized_long_ms_inj_tia_plus_candidates,persist,"INJUSDT,TIAUSDT,JUPUSDT,BOMEUSDT","0-12,14-18,21-23",True,active,1,0,0,0,0.0,,1,-2.93706,2400,2,1,1.0,,4.376758,0.0,0
2026-05-27T12:21:59.372976+00:00,inj_only,forward_optimized_long_ms_inj_only,persist,INJUSDT,"0-12,14-18,21-23",True,active,0,0,0,0,0.0,,0,0,710,1,1,1.0,,3.191041,0.0,0
2026-05-27T12:21:59.394785+00:00,tia_only,forward_optimized_long_ms_tia_only,persist,TIAUSDT,"0-12,14-18,21-23",True,active,1,0,0,0,0.0,,1,-2.93706,1,2,1,1.0,,5.733022,0.0,0
2026-05-27T12:21:59.698398+00:00,near_only_observation,forward_optimized_long_ms_near_only_observation,persist,NEARUSDT,"0-12,14-18,21-23",True,active,1,0,0,0,0.0,,1,1.819547,6,2,1,0.0,0.0,-4.726769,0.0,0
2026-05-27T12:27:00.626382+00:00,inj_tia_regime_filtered,forward_optimized_long_ms_inj_tia_regime,persist,"INJUSDT,TIAUSDT","0-12,14-18,21-23",True,active,1,0,0,0,0.0,,1,-2.211433,714,3,2,1.0,,8.924063,0.0,0
2026-05-27T12:27:02.224454+00:00,inj_tia_plus_candidates,forward_optimized_long_ms_inj_tia_plus_candidates,persist,"INJUSDT,TIAUSDT,JUPUSDT,BOMEUSDT","0-12,14-18,21-23",True,active,1,0,0,0,0.0,,1,-2.211433,2400,2,1,1.0,,4.376758,0.0,0
2026-05-27T12:27:02.257449+00:00,inj_only,forward_optimized_long_ms_inj_only,persist,INJUSDT,"0-12,14-18,21-23",True,active,0,0,0,0,0.0,,0,0,713,1,1,1.0,,3.191041,0.0,0
2026-05-27T12:27:02.278955+00:00,tia_only,forward_optimized_long_ms_tia_only,persist,TIAUSDT,"0-12,14-18,21-23",True,active,1,0,0,0,0.0,,1,-2.211433,1,2,1,1.0,,5.733022,0.0,0
2026-05-27T12:27:02.587644+00:00,near_only_observation,forward_optimized_long_ms_near_only_observation,persist,NEARUSDT,"0-12,14-18,21-23",True,active,1,0,0,0,0.0,,1,1.990129,18,2,1,0.0,0.0,-4.726769,0.0,0
2026-05-27T12:32:03.960012+00:00,inj_tia_regime_filtered,forward_optimized_long_ms_inj_tia_regime,persist,"INJUSDT,TIAUSDT","0-12,14-18,21-23",True,active,0,0,0,0,0.0,,1,-2.211433,721,3,2,1.0,,8.924063,0.0,0
2026-05-27T12:32:05.503005+00:00,inj_tia_plus_candidates,forward_optimized_long_ms_inj_tia_plus_candidates,persist,"INJUSDT,TIAUSDT,JUPUSDT,BOMEUSDT","0-12,14-18,21-23",True,active,0,0,0,0,0.0,,1,-2.211433,2399,2,1,1.0,,4.376758,0.0,0
2026-05-27T12:32:05.539070+00:00,inj_only,forward_optimized_long_ms_inj_only,persist,INJUSDT,"0-12,14-18,21-23",True,active,0,0,0,0,0.0,,0,0,721,1,1,1.0,,3.191041,0.0,0
2026-05-27T12:32:05.557931+00:00,tia_only,forward_optimized_long_ms_tia_only,persist,TIAUSDT,"0-12,14-18,21-23",True,active,0,0,0,0,0.0,,1,-2.211433,0,2,1,1.0,,5.733022,0.0,0
2026-05-27T12:32:05.861709+00:00,near_only_observation,forward_optimized_long_ms_near_only_observation,persist,NEARUSDT,"0-12,14-18,21-23",True,active,0,0,0,0,0.0,,1,1.990129,0,2,1,0.0,0.0,-4.726769,0.0,0
2026-05-27T12:37:06.776530+00:00,inj_tia_regime_filtered,forward_optimized_long_ms_inj_tia_regime,persist,"INJUSDT,TIAUSDT","0-12,14-18,21-23",True,active,0,0,0,0,0.0,,1,-2.211433,724,3,2,1.0,,8.924063,0.0,0
2026-05-27T12:37:08.328951+00:00,inj_tia_plus_candidates,forward_optimized_long_ms_inj_tia_plus_candidates,persist,"INJUSDT,TIAUSDT,JUPUSDT,BOMEUSDT","0-12,14-18,21-23",True,active,0,0,0,0,0.0,,1,-2.211433,2399,2,1,1.0,,4.376758,0.0,0
2026-05-27T12:37:08.360581+00:00,inj_only,forward_optimized_long_ms_inj_only,persist,INJUSDT,"0-12,14-18,21-23",True,active,0,0,0,0,0.0,,0,0,724,1,1,1.0,,3.191041,0.0,0
2026-05-27T12:37:08.379513+00:00,tia_only,forward_optimized_long_ms_tia_only,persist,TIAUSDT,"0-12,14-18,21-23",True,active,0,0,0,0,0.0,,1,-2.211433,0,2,1,1.0,,5.733022,0.0,0
2026-05-27T12:37:08.681445+00:00,near_only_observation,forward_optimized_long_ms_near_only_observation,persist,NEARUSDT,"0-12,14-18,21-23",True,active,1,0,0,0,0.0,,1,1.478382,1,2,1,0.0,0.0,-4.726769,0.0,0
2026-05-27T12:42:10.063926+00:00,inj_tia_regime_filtered,forward_optimized_long_ms_inj_tia_regime,persist,"INJUSDT,TIAUSDT","0-12,14-18,21-23",True,active,1,0,0,0,0.0,,1,-1.658575,729,3,2,1.0,,8.924063,0.0,0
2026-05-27T12:42:11.635675+00:00,inj_tia_plus_candidates,forward_optimized_long_ms_inj_tia_plus_candidates,persist,"INJUSDT,TIAUSDT,JUPUSDT,BOMEUSDT","0-12,14-18,21-23",True,active,1,0,0,0,0.0,,1,-1.658575,2400,2,1,1.0,,4.376758,0.0,0
2026-05-27T12:42:11.666206+00:00,inj_only,forward_optimized_long_ms_inj_only,persist,INJUSDT,"0-12,14-18,21-23",True,active,0,0,0,0,0.0,,0,0,728,1,1,1.0,,3.191041,0.0,0
2026-05-27T12:42:11.685734+00:00,tia_only,forward_optimized_long_ms_tia_only,persist,TIAUSDT,"0-12,14-18,21-23",True,active,1,0,0,0,0.0,,1,-1.658575,1,2,1,1.0,,5.733022,0.0,0
2026-05-27T12:42:12.178239+00:00,near_only_observation,forward_optimized_long_ms_near_only_observation,persist,NEARUSDT,"0-12,14-18,21-23",True,active,0,0,0,0,0.0,,1,1.478382,0,2,1,0.0,0.0,-4.726769,0.0,0
2026-05-27T12:47:13.140321+00:00,inj_tia_regime_filtered,forward_optimized_long_ms_inj_tia_regime,persist,"INJUSDT,TIAUSDT","0-12,14-18,21-23",True,active,1,0,0,0,0.0,,1,-1.46853,732,3,2,1.0,,8.924063,0.0,0
2026-05-27T12:47:14.894669+00:00,inj_tia_plus_candidates,forward_optimized_long_ms_inj_tia_plus_candidates,persist,"INJUSDT,TIAUSDT,JUPUSDT,BOMEUSDT","0-12,14-18,21-23",True,active,1,0,0,0,0.0,,1,-1.46853,2400,2,1,1.0,,4.376758,0.0,0
2026-05-27T12:47:14.932788+00:00,inj_only,forward_optimized_long_ms_inj_only,persist,INJUSDT,"0-12,14-18,21-23",True,active,0,0,0,0,0.0,,0,0,731,1,1,1.0,,3.191041,0.0,0
2026-05-27T12:47:14.962436+00:00,tia_only,forward_optimized_long_ms_tia_only,persist,TIAUSDT,"0-12,14-18,21-23",True,active,1,0,0,0,0.0,,1,-1.46853,1,2,1,1.0,,5.733022,0.0,0
2026-05-27T12:47:15.463675+00:00,near_only_observation,forward_optimized_long_ms_near_only_observation,persist,NEARUSDT,"0-12,14-18,21-23",True,active,1,0,0,0,0.0,,1,2.075421,1,2,1,0.0,0.0,-4.726769,0.0,0
2026-05-27T12:52:16.388711+00:00,inj_tia_regime_filtered,forward_optimized_long_ms_inj_tia_regime,persist,"INJUSDT,TIAUSDT","0-12,14-18,21-23",True,active,1,0,0,0,0.0,,1,-1.883174,737,3,2,1.0,,8.924063,0.0,0
2026-05-27T12:52:17.969598+00:00,inj_tia_plus_candidates,forward_optimized_long_ms_inj_tia_plus_candidates,persist,"INJUSDT,TIAUSDT,JUPUSDT,BOMEUSDT","0-12,14-18,21-23",True,active,1,0,0,0,0.0,,1,-1.883174,2403,2,1,1.0,,4.376758,0.0,0
2026-05-27T12:52:18.002106+00:00,inj_only,forward_optimized_long_ms_inj_only,persist,INJUSDT,"0-12,14-18,21-23",True,active,0,0,0,0,0.0,,0,0,733,1,1,1.0,,3.191041,0.0,0
2026-05-27T12:52:18.029050+00:00,tia_only,forward_optimized_long_ms_tia_only,persist,TIAUSDT,"0-12,14-18,21-23",True,active,1,0,0,0,0.0,,1,-1.883174,4,2,1,1.0,,5.733022,0.0,0
2026-05-27T12:52:18.326617+00:00,near_only_observation,forward_optimized_long_ms_near_only_observation,persist,NEARUSDT,"0-12,14-18,21-23",True,active,1,0,0,0,0.0,,1,1.705825,1,2,1,0.0,0.0,-4.726769,0.0,0
2026-05-27T12:57:20.097903+00:00,inj_tia_regime_filtered,forward_optimized_long_ms_inj_tia_regime,persist,"INJUSDT,TIAUSDT","0-12,14-18,21-23",True,active,0,0,0,0,0.0,,1,-1.883174,735,3,2,1.0,,8.924063,0.0,0
2026-05-27T12:57:21.873879+00:00,inj_tia_plus_candidates,forward_optimized_long_ms_inj_tia_plus_candidates,persist,"INJUSDT,TIAUSDT,JUPUSDT,BOMEUSDT","0-12,14-18,21-23",True,active,0,0,0,0,0.0,,1,-1.883174,2399,2,1,1.0,,4.376758,0.0,0
2026-05-27T12:57:21.919851+00:00,inj_only,forward_optimized_long_ms_inj_only,persist,INJUSDT,"0-12,14-18,21-23",True,active,0,0,0,0,0.0,,0,0,735,1,1,1.0,,3.191041,0.0,0
2026-05-27T12:57:21.944050+00:00,tia_only,forward_optimized_long_ms_tia_only,persist,TIAUSDT,"0-12,14-18,21-23",True,active,0,0,0,0,0.0,,1,-1.883174,0,2,1,1.0,,5.733022,0.0,0
2026-05-27T12:57:22.456516+00:00,near_only_observation,forward_optimized_long_ms_near_only_observation,persist,NEARUSDT,"0-12,14-18,21-23",True,active,0,0,0,0,0.0,,1,1.705825,0,2,1,0.0,0.0,-4.726769,0.0,0
2026-05-27T13:02:23.400265+00:00,inj_tia_regime_filtered,forward_optimized_long_ms_inj_tia_regime,persist,"INJUSDT,TIAUSDT","0-12,14-18,21-23",True,active,0,0,0,0,0.0,,1,-1.883174,740,3,2,1.0,,8.924063,0.0,0
2026-05-27T13:02:24.967612+00:00,inj_tia_plus_candidates,forward_optimized_long_ms_inj_tia_plus_candidates,persist,"INJUSDT,TIAUSDT,JUPUSDT,BOMEUSDT","0-12,14-18,21-23",True,active,0,0,0,0,0.0,,1,-1.883174,2399,2,1,1.0,,4.376758,0.0,0
2026-05-27T13:02:25.007878+00:00,inj_only,forward_optimized_long_ms_inj_only,persist,INJUSDT,"0-12,14-18,21-23",True,active,0,0,0,0,0.0,,0,0,740,1,1,1.0,,3.191041,0.0,0
2026-05-27T13:02:25.023845+00:00,tia_only,forward_optimized_long_ms_tia_only,persist,TIAUSDT,"0-12,14-18,21-23",True,active,0,0,0,0,0.0,,1,-1.883174,0,2,1,1.0,,5.733022,0.0,0
2026-05-27T13:02:25.334120+00:00,near_only_observation,forward_optimized_long_ms_near_only_observation,persist,NEARUSDT,"0-12,14-18,21-23",True,active,1,0,0,0,0.0,,1,1.648964,2,2,1,0.0,0.0,-4.726769,0.0,0
2026-05-27T13:07:26.247175+00:00,inj_tia_regime_filtered,forward_optimized_long_ms_inj_tia_regime,persist,"INJUSDT,TIAUSDT","0-12,14-18,21-23",True,active,1,0,0,0,0.0,,1,-2.211433,742,3,2,1.0,,8.924063,0.0,0
2026-05-27T13:07:27.863474+00:00,inj_tia_plus_candidates,forward_optimized_long_ms_inj_tia_plus_candidates,persist,"INJUSDT,TIAUSDT,JUPUSDT,BOMEUSDT","0-12,14-18,21-23",True,active,1,0,0,0,0.0,,1,-2.211433,2400,2,1,1.0,,4.376758,0.0,0
2026-05-27T13:07:27.906160+00:00,inj_only,forward_optimized_long_ms_inj_only,persist,INJUSDT,"0-12,14-18,21-23",True,active,0,0,0,0,0.0,,0,0,741,1,1,1.0,,3.191041,0.0,0
2026-05-27T13:07:27.927584+00:00,tia_only,forward_optimized_long_ms_tia_only,persist,TIAUSDT,"0-12,14-18,21-23",True,active,1,0,0,0,0.0,,1,-2.211433,1,2,1,1.0,,5.733022,0.0,0
2026-05-27T13:07:28.271017+00:00,near_only_observation,forward_optimized_long_ms_near_only_observation,persist,NEARUSDT,"0-12,14-18,21-23",True,active,1,0,0,0,0.0,,1,1.791117,2,2,1,0.0,0.0,-4.726769,0.0,0
2026-05-27T13:12:29.296918+00:00,inj_tia_regime_filtered,forward_optimized_long_ms_inj_tia_regime,persist,"INJUSDT,TIAUSDT","0-12,14-18,21-23",True,active,0,0,0,0,0.0,,1,-2.211433,744,3,2,1.0,,8.924063,0.0,0
2026-05-27T13:12:30.886572+00:00,inj_tia_plus_candidates,forward_optimized_long_ms_inj_tia_plus_candidates,persist,"INJUSDT,TIAUSDT,JUPUSDT,BOMEUSDT","0-12,14-18,21-23",True,active,0,0,0,0,0.0,,1,-2.211433,2399,2,1,1.0,,4.376758,0.0,0
2026-05-27T13:12:30.917837+00:00,inj_only,forward_optimized_long_ms_inj_only,persist,INJUSDT,"0-12,14-18,21-23",True,active,0,0,0,0,0.0,,0,0,744,1,1,1.0,,3.191041,0.0,0
2026-05-27T13:12:30.933745+00:00,tia_only,forward_optimized_long_ms_tia_only,persist,TIAUSDT,"0-12,14-18,21-23",True,active,0,0,0,0,0.0,,1,-2.211433,0,2,1,1.0,,5.733022,0.0,0
2026-05-27T13:12:31.649421+00:00,near_only_observation,forward_optimized_long_ms_near_only_observation,persist,NEARUSDT,"0-12,14-18,21-23",True,active,0,0,0,0,0.0,,1,1.791117,0,2,1,0.0,0.0,-4.726769,0.0,0
2026-05-27T13:17:32.571603+00:00,inj_tia_regime_filtered,forward_optimized_long_ms_inj_tia_regime,persist,"INJUSDT,TIAUSDT","0-12,14-18,21-23",True,active,0,0,0,0,0.0,,1,-2.211433,757,3,2,1.0,,8.924063,0.0,0
2026-05-27T13:17:34.556686+00:00,inj_tia_plus_candidates,forward_optimized_long_ms_inj_tia_plus_candidates,persist,"INJUSDT,TIAUSDT,JUPUSDT,BOMEUSDT","0-12,14-18,21-23",True,active,0,0,0,0,0.0,,1,-2.211433,2399,2,1,1.0,,4.376758,0.0,0
2026-05-27T13:17:34.587987+00:00,inj_only,forward_optimized_long_ms_inj_only,persist,INJUSDT,"0-12,14-18,21-23",True,active,0,0,0,0,0.0,,0,0,757,1,1,1.0,,3.191041,0.0,0
2026-05-27T13:17:34.605573+00:00,tia_only,forward_optimized_long_ms_tia_only,persist,TIAUSDT,"0-12,14-18,21-23",True,active,0,0,0,0,0.0,,1,-2.211433,0,2,1,1.0,,5.733022,0.0,0
2026-05-27T13:17:34.901480+00:00,near_only_observation,forward_optimized_long_ms_near_only_observation,persist,NEARUSDT,"0-12,14-18,21-23",True,active,1,0,0,0,0.0,,1,2.473447,7,2,1,0.0,0.0,-4.726769,0.0,0
2026-05-27T13:22:36.016613+00:00,inj_tia_regime_filtered,forward_optimized_long_ms_inj_tia_regime,persist,"INJUSDT,TIAUSDT","0-12,14-18,21-23",True,active,0,0,0,0,0.0,,1,-2.211433,760,3,2,1.0,,8.924063,0.0,0
2026-05-27T13:22:37.665920+00:00,inj_tia_plus_candidates,forward_optimized_long_ms_inj_tia_plus_candidates,persist,"INJUSDT,TIAUSDT,JUPUSDT,BOMEUSDT","0-12,14-18,21-23",True,active,0,0,0,0,0.0,,1,-2.211433,2399,2,1,1.0,,4.376758,0.0,0
2026-05-27T13:22:37.705315+00:00,inj_only,forward_optimized_long_ms_inj_only,persist,INJUSDT,"0-12,14-18,21-23",True,active,0,0,0,0,0.0,,0,0,760,1,1,1.0,,3.191041,0.0,0
2026-05-27T13:22:37.729052+00:00,tia_only,forward_optimized_long_ms_tia_only,persist,TIAUSDT,"0-12,14-18,21-23",True,active,0,0,0,0,0.0,,1,-2.211433,0,2,1,1.0,,5.733022,0.0,0
2026-05-27T13:22:38.253184+00:00,near_only_observation,forward_optimized_long_ms_near_only_observation,persist,NEARUSDT,"0-12,14-18,21-23",True,active,1,0,0,0,0.0,,1,2.217573,1,2,1,0.0,0.0,-4.726769,0.0,0
2026-05-27T13:27:39.881658+00:00,inj_tia_regime_filtered,forward_optimized_long_ms_inj_tia_regime,persist,"INJUSDT,TIAUSDT","0-12,14-18,21-23",True,active,0,0,0,0,0.0,,1,-2.211433,763,3,2,1.0,,8.924063,0.0,0
2026-05-27T13:27:41.866530+00:00,inj_tia_plus_candidates,forward_optimized_long_ms_inj_tia_plus_candidates,persist,"INJUSDT,TIAUSDT,JUPUSDT,BOMEUSDT","0-12,14-18,21-23",True,active,0,0,0,0,0.0,,1,-2.211433,2399,2,1,1.0,,4.376758,0.0,0
2026-05-27T13:27:41.903874+00:00,inj_only,forward_optimized_long_ms_inj_only,persist,INJUSDT,"0-12,14-18,21-23",True,active,0,0,0,0,0.0,,0,0,763,1,1,1.0,,3.191041,0.0,0
2026-05-27T13:27:41.922111+00:00,tia_only,forward_optimized_long_ms_tia_only,persist,TIAUSDT,"0-12,14-18,21-23",True,active,0,0,0,0,0.0,,1,-2.211433,0,2,1,1.0,,5.733022,0.0,0
2026-05-27T13:27:42.236402+00:00,near_only_observation,forward_optimized_long_ms_near_only_observation,persist,NEARUSDT,"0-12,14-18,21-23",True,active,1,0,0,0,0.0,,1,2.274434,3,2,1,0.0,0.0,-4.726769,0.0,0
2026-05-27T13:32:43.593220+00:00,inj_tia_regime_filtered,forward_optimized_long_ms_inj_tia_regime,persist,"INJUSDT,TIAUSDT","0-12,14-18,21-23",True,active,1,0,0,0,0.0,,1,-2.93706,780,3,2,1.0,,8.924063,0.0,0
2026-05-27T13:32:45.143159+00:00,inj_tia_plus_candidates,forward_optimized_long_ms_inj_tia_plus_candidates,persist,"INJUSDT,TIAUSDT,JUPUSDT,BOMEUSDT","0-12,14-18,21-23",True,active,1,0,0,0,0.0,,1,-2.93706,2400,2,1,1.0,,4.376758,0.0,0
2026-05-27T13:32:45.179728+00:00,inj_only,forward_optimized_long_ms_inj_only,persist,INJUSDT,"0-12,14-18,21-23",True,active,0,0,0,0,0.0,,0,0,779,1,1,1.0,,3.191041,0.0,0
2026-05-27T13:32:45.203452+00:00,tia_only,forward_optimized_long_ms_tia_only,persist,TIAUSDT,"0-12,14-18,21-23",True,active,1,0,0,0,0.0,,1,-2.93706,1,2,1,1.0,,5.733022,0.0,0
2026-05-27T13:32:45.520290+00:00,near_only_observation,forward_optimized_long_ms_near_only_observation,persist,NEARUSDT,"0-12,14-18,21-23",True,active,1,0,0,0,0.0,,1,1.563673,1,2,1,0.0,0.0,-4.726769,0.0,0
2026-05-27T13:37:46.662180+00:00,inj_tia_regime_filtered,forward_optimized_long_ms_inj_tia_regime,persist,"INJUSDT,TIAUSDT","0-12,14-18,21-23",True,active,0,0,0,0,0.0,,1,-2.93706,783,3,2,1.0,,8.924063,0.0,0
2026-05-27T13:37:48.215924+00:00,inj_tia_plus_candidates,forward_optimized_long_ms_inj_tia_plus_candidates,persist,"INJUSDT,TIAUSDT,JUPUSDT,BOMEUSDT","0-12,14-18,21-23",True,active,0,0,0,0,0.0,,1,-2.93706,2399,2,1,1.0,,4.376758,0.0,0
2026-05-27T13:37:48.257131+00:00,inj_only,forward_optimized_long_ms_inj_only,persist,INJUSDT,"0-12,14-18,21-23",True,active,0,0,0,0,0.0,,0,0,783,1,1,1.0,,3.191041,0.0,0
2026-05-27T13:37:48.278444+00:00,tia_only,forward_optimized_long_ms_tia_only,persist,TIAUSDT,"0-12,14-18,21-23",True,active,0,0,0,0,0.0,,1,-2.93706,0,2,1,1.0,,5.733022,0.0,0
2026-05-27T13:37:49.013172+00:00,near_only_observation,forward_optimized_long_ms_near_only_observation,persist,NEARUSDT,"0-12,14-18,21-23",True,active,1,0,0,0,0.0,,1,1.108786,8,2,1,0.0,0.0,-4.726769,0.0,0
2026-05-27T13:42:49.972491+00:00,inj_tia_regime_filtered,forward_optimized_long_ms_inj_tia_regime,persist,"INJUSDT,TIAUSDT","0-12,14-18,21-23",True,active,0,0,0,0,0.0,,1,-2.93706,791,3,2,1.0,,8.924063,0.0,0
2026-05-27T13:42:51.953750+00:00,inj_tia_plus_candidates,forward_optimized_long_ms_inj_tia_plus_candidates,persist,"INJUSDT,TIAUSDT,JUPUSDT,BOMEUSDT","0-12,14-18,21-23",True,active,0,0,0,0,0.0,,1,-2.93706,2399,2,1,1.0,,4.376758,0.0,0
2026-05-27T13:42:52.001329+00:00,inj_only,forward_optimized_long_ms_inj_only,persist,INJUSDT,"0-12,14-18,21-23",True,active,0,0,0,0,0.0,,0,0,791,1,1,1.0,,3.191041,0.0,0
2026-05-27T13:42:52.025285+00:00,tia_only,forward_optimized_long_ms_tia_only,persist,TIAUSDT,"0-12,14-18,21-23",True,active,0,0,0,0,0.0,,1,-2.93706,0,2,1,1.0,,5.733022,0.0,0
2026-05-27T13:42:52.537087+00:00,near_only_observation,forward_optimized_long_ms_near_only_observation,persist,NEARUSDT,"0-12,14-18,21-23",True,active,1,0,0,0,0.0,,1,0.881343,3,2,1,0.0,0.0,-4.726769,0.0,0
2026-05-27T13:47:53.452740+00:00,inj_tia_regime_filtered,forward_optimized_long_ms_inj_tia_regime,persist,"INJUSDT,TIAUSDT","0-12,14-18,21-23",True,active,1,0,0,0,0.0,,1,-3.178936,801,3,2,1.0,,8.924063,0.0,0
2026-05-27T13:47:55.017908+00:00,inj_tia_plus_candidates,forward_optimized_long_ms_inj_tia_plus_candidates,persist,"INJUSDT,TIAUSDT,JUPUSDT,BOMEUSDT","0-12,14-18,21-23",True,active,1,0,0,0,0.0,,1,-3.178936,2400,2,1,1.0,,4.376758,0.0,0
2026-05-27T13:47:55.057227+00:00,inj_only,forward_optimized_long_ms_inj_only,persist,INJUSDT,"0-12,14-18,21-23",True,active,0,0,0,0,0.0,,0,0,800,1,1,1.0,,3.191041,0.0,0
2026-05-27T13:47:55.079196+00:00,tia_only,forward_optimized_long_ms_tia_only,persist,TIAUSDT,"0-12,14-18,21-23",True,active,1,0,0,0,0.0,,1,-3.178936,1,2,1,1.0,,5.733022,0.0,0
2026-05-27T13:47:55.392921+00:00,near_only_observation,forward_optimized_long_ms_near_only_observation,persist,NEARUSDT,"0-12,14-18,21-23",True,active,1,0,0,0,0.0,,1,1.592104,13,2,1,0.0,0.0,-4.726769,0.0,0
2026-05-27T13:52:56.771204+00:00,inj_tia_regime_filtered,forward_optimized_long_ms_inj_tia_regime,persist,"INJUSDT,TIAUSDT","0-12,14-18,21-23",True,active,1,0,0,0,0.0,,1,-1.46853,807,3,2,1.0,,8.924063,0.0,0
2026-05-27T13:52:58.351844+00:00,inj_tia_plus_candidates,forward_optimized_long_ms_inj_tia_plus_candidates,persist,"INJUSDT,TIAUSDT,JUPUSDT,BOMEUSDT","0-12,14-18,21-23",True,active,1,0,0,0,0.0,,1,-1.46853,2406,2,1,1.0,,4.376758,0.0,0
2026-05-27T13:52:58.403736+00:00,inj_only,forward_optimized_long_ms_inj_only,persist,INJUSDT,"0-12,14-18,21-23",True,active,0,0,0,0,0.0,,0,0,800,1,1,1.0,,3.191041,0.0,0
2026-05-27T13:52:58.439404+00:00,tia_only,forward_optimized_long_ms_tia_only,persist,TIAUSDT,"0-12,14-18,21-23",True,active,1,0,0,0,0.0,,1,-1.46853,7,2,1,1.0,,5.733022,0.0,0
2026-05-27T13:52:58.759858+00:00,near_only_observation,forward_optimized_long_ms_near_only_observation,persist,NEARUSDT,"0-12,14-18,21-23",True,active,1,0,0,0,0.0,,1,2.359725,27,2,1,0.0,0.0,-4.726769,0.0,0
2026-05-27T13:58:00.180042+00:00,inj_tia_regime_filtered,forward_optimized_long_ms_inj_tia_regime,persist,"INJUSDT,TIAUSDT","0-12,14-18,21-23",True,active,0,0,0,0,0.0,,1,-1.46853,800,3,2,1.0,,8.924063,0.0,0
2026-05-27T13:58:01.814518+00:00,inj_tia_plus_candidates,forward_optimized_long_ms_inj_tia_plus_candidates,persist,"INJUSDT,TIAUSDT,JUPUSDT,BOMEUSDT","0-12,14-18,21-23",True,active,0,0,0,0,0.0,,1,-1.46853,2399,2,1,1.0,,4.376758,0.0,0
2026-05-27T13:58:01.925444+00:00,inj_only,forward_optimized_long_ms_inj_only,persist,INJUSDT,"0-12,14-18,21-23",True,active,0,0,0,0,0.0,,0,0,800,1,1,1.0,,3.191041,0.0,0
2026-05-27T13:58:01.980115+00:00,tia_only,forward_optimized_long_ms_tia_only,persist,TIAUSDT,"0-12,14-18,21-23",True,active,0,0,0,0,0.0,,1,-1.46853,0,2,1,1.0,,5.733022,0.0,0
2026-05-27T13:58:02.341272+00:00,near_only_observation,forward_optimized_long_ms_near_only_observation,persist,NEARUSDT,"0-12,14-18,21-23",True,active,1,0,0,0,0.0,,1,2.189142,29,2,1,0.0,0.0,-4.726769,0.0,0
2026-05-27T14:03:03.348569+00:00,inj_tia_regime_filtered,forward_optimized_long_ms_inj_tia_regime,persist,"INJUSDT,TIAUSDT","0-12,14-18,21-23",True,active,1,0,0,0,0.0,,1,0.0,822,3,2,1.0,,8.924063,0.0,0
2026-05-27T14:03:05.587551+00:00,inj_tia_plus_candidates,forward_optimized_long_ms_inj_tia_plus_candidates,persist,"INJUSDT,TIAUSDT,JUPUSDT,BOMEUSDT","0-12,14-18,21-23",True,active,1,0,0,0,0.0,,1,0.0,2421,2,1,1.0,,4.376758,0.0,0
2026-05-27T14:03:05.642589+00:00,inj_only,forward_optimized_long_ms_inj_only,persist,INJUSDT,"0-12,14-18,21-23",True,active,0,0,0,0,0.0,,0,0,800,1,1,1.0,,3.191041,0.0,0
2026-05-27T14:03:05.684754+00:00,tia_only,forward_optimized_long_ms_tia_only,persist,TIAUSDT,"0-12,14-18,21-23",True,active,1,0,0,0,0.0,,1,0.0,22,2,1,1.0,,5.733022,0.0,0
2026-05-27T14:03:06.003943+00:00,near_only_observation,forward_optimized_long_ms_near_only_observation,persist,NEARUSDT,"0-12,14-18,21-23",True,active,1,0,0,0,0.0,,1,2.04699,3,2,1,0.0,0.0,-4.726769,0.0,0
2026-05-27T14:08:07.022263+00:00,inj_tia_regime_filtered,forward_optimized_long_ms_inj_tia_regime,persist,"INJUSDT,TIAUSDT","0-12,14-18,21-23",True,active,0,0,0,0,0.0,,1,0.0,800,3,2,1.0,,8.924063,0.0,0
2026-05-27T14:08:09.079470+00:00,inj_tia_plus_candidates,forward_optimized_long_ms_inj_tia_plus_candidates,persist,"INJUSDT,TIAUSDT,JUPUSDT,BOMEUSDT","0-12,14-18,21-23",True,active,0,0,0,0,0.0,,1,0.0,2399,2,1,1.0,,4.376758,0.0,0
2026-05-27T14:08:09.142318+00:00,inj_only,forward_optimized_long_ms_inj_only,persist,INJUSDT,"0-12,14-18,21-23",True,active,0,0,0,0,0.0,,0,0,800,1,1,1.0,,3.191041,0.0,0
2026-05-27T14:08:09.175895+00:00,tia_only,forward_optimized_long_ms_tia_only,persist,TIAUSDT,"0-12,14-18,21-23",True,active,0,0,0,0,0.0,,1,0.0,0,2,1,1.0,,5.733022,0.0,0
2026-05-27T14:08:09.497835+00:00,near_only_observation,forward_optimized_long_ms_near_only_observation,persist,NEARUSDT,"0-12,14-18,21-23",True,active,1,0,0,0,0.0,,1,1.705825,17,2,1,0.0,0.0,-4.726769,0.0,0
2026-05-27T14:13:10.477584+00:00,inj_tia_regime_filtered,forward_optimized_long_ms_inj_tia_regime,persist,"INJUSDT,TIAUSDT","0-12,14-18,21-23",True,active,1,0,0,0,0.0,,1,-0.742903,802,3,2,1.0,,8.924063,0.0,0
2026-05-27T14:13:12.021960+00:00,inj_tia_plus_candidates,forward_optimized_long_ms_inj_tia_plus_candidates,persist,"INJUSDT,TIAUSDT,JUPUSDT,BOMEUSDT","0-12,14-18,21-23",True,active,1,0,0,0,0.0,,1,-0.742903,2401,2,1,1.0,,4.376758,0.0,0
2026-05-27T14:13:12.066782+00:00,inj_only,forward_optimized_long_ms_inj_only,persist,INJUSDT,"0-12,14-18,21-23",True,active,0,0,0,0,0.0,,0,0,800,1,1,1.0,,3.191041,0.0,0
2026-05-27T14:13:12.090917+00:00,tia_only,forward_optimized_long_ms_tia_only,persist,TIAUSDT,"0-12,14-18,21-23",True,active,1,0,0,0,0.0,,1,-0.742903,2,2,1,1.0,,5.733022,0.0,0
2026-05-27T14:13:12.599820+00:00,near_only_observation,forward_optimized_long_ms_near_only_observation,persist,NEARUSDT,"0-12,14-18,21-23",True,active,1,0,0,0,0.0,,1,1.279369,7,2,1,0.0,0.0,-4.726769,0.0,0
2026-05-27T14:18:13.943631+00:00,inj_tia_regime_filtered,forward_optimized_long_ms_inj_tia_regime,persist,"INJUSDT,TIAUSDT","0-12,14-18,21-23",True,active,1,0,0,0,0.0,,1,-1.433976,802,3,2,1.0,,8.924063,0.0,0
2026-05-27T14:18:15.524826+00:00,inj_tia_plus_candidates,forward_optimized_long_ms_inj_tia_plus_candidates,persist,"INJUSDT,TIAUSDT,JUPUSDT,BOMEUSDT","0-12,14-18,21-23",True,active,1,0,0,0,0.0,,1,-1.433976,2401,2,1,1.0,,4.376758,0.0,0
2026-05-27T14:18:15.566074+00:00,inj_only,forward_optimized_long_ms_inj_only,persist,INJUSDT,"0-12,14-18,21-23",True,active,0,0,0,0,0.0,,0,0,800,1,1,1.0,,3.191041,0.0,0
2026-05-27T14:18:15.588412+00:00,tia_only,forward_optimized_long_ms_tia_only,persist,TIAUSDT,"0-12,14-18,21-23",True,active,1,0,0,0,0.0,,1,-1.433976,2,2,1,1.0,,5.733022,0.0,0
2026-05-27T14:18:15.902550+00:00,near_only_observation,forward_optimized_long_ms_near_only_observation,persist,NEARUSDT,"0-12,14-18,21-23",True,active,1,0,0,1,1.166921,1.0,0,0,4,2,2,0.5,0.246875,-3.559848,0.0,0
2026-05-27T14:23:16.906855+00:00,inj_tia_regime_filtered,forward_optimized_long_ms_inj_tia_regime,persist,"INJUSDT,TIAUSDT","0-12,14-18,21-23",True,active,1,0,0,0,0.0,,1,-2.315094,805,3,2,1.0,,8.924063,0.0,0
2026-05-27T14:23:18.465731+00:00,inj_tia_plus_candidates,forward_optimized_long_ms_inj_tia_plus_candidates,persist,"INJUSDT,TIAUSDT,JUPUSDT,BOMEUSDT","0-12,14-18,21-23",True,active,1,0,0,0,0.0,,1,-2.315094,2404,2,1,1.0,,4.376758,0.0,0
2026-05-27T14:23:18.496159+00:00,inj_only,forward_optimized_long_ms_inj_only,persist,INJUSDT,"0-12,14-18,21-23",True,active,0,0,0,0,0.0,,0,0,800,1,1,1.0,,3.191041,0.0,0
2026-05-27T14:23:18.519874+00:00,tia_only,forward_optimized_long_ms_tia_only,persist,TIAUSDT,"0-12,14-18,21-23",True,active,1,0,0,0,0.0,,1,-2.315094,5,2,1,1.0,,5.733022,0.0,0
2026-05-27T14:23:18.837845+00:00,near_only_observation,forward_optimized_long_ms_near_only_observation,persist,NEARUSDT,"0-12,14-18,21-23",True,active,0,0,0,0,0.0,,0,0,4,2,2,0.5,0.246875,-3.559848,0.0,0
2026-05-27T14:28:19.795303+00:00,inj_tia_regime_filtered,forward_optimized_long_ms_inj_tia_regime,persist,"INJUSDT,TIAUSDT","0-12,14-18,21-23",True,active,0,0,0,0,0.0,,1,-2.315094,800,3,2,1.0,,8.924063,0.0,0
2026-05-27T14:28:21.801497+00:00,inj_tia_plus_candidates,forward_optimized_long_ms_inj_tia_plus_candidates,persist,"INJUSDT,TIAUSDT,JUPUSDT,BOMEUSDT","0-12,14-18,21-23",True,active,0,0,0,0,0.0,,1,-2.315094,2399,2,1,1.0,,4.376758,0.0,0
2026-05-27T14:28:21.845136+00:00,inj_only,forward_optimized_long_ms_inj_only,persist,INJUSDT,"0-12,14-18,21-23",True,active,0,0,0,0,0.0,,0,0,800,1,1,1.0,,3.191041,0.0,0
2026-05-27T14:28:21.863564+00:00,tia_only,forward_optimized_long_ms_tia_only,persist,TIAUSDT,"0-12,14-18,21-23",True,active,0,0,0,0,0.0,,1,-2.315094,0,2,1,1.0,,5.733022,0.0,0
2026-05-27T14:28:22.196788+00:00,near_only_observation,forward_optimized_long_ms_near_only_observation,persist,NEARUSDT,"0-12,14-18,21-23",True,active,0,0,0,0,0.0,,0,0,6,2,2,0.5,0.246875,-3.559848,0.0,0
2026-05-27T14:33:24.027032+00:00,inj_tia_regime_filtered,forward_optimized_long_ms_inj_tia_regime,persist,"INJUSDT,TIAUSDT","0-12,14-18,21-23",True,active,1,0,0,0,0.0,,1,-2.798845,801,3,2,1.0,,8.924063,0.0,0
2026-05-27T14:33:26.206374+00:00,inj_tia_plus_candidates,forward_optimized_long_ms_inj_tia_plus_candidates,persist,"INJUSDT,TIAUSDT,JUPUSDT,BOMEUSDT","0-12,14-18,21-23",True,active,1,0,0,0,0.0,,1,-2.798845,2400,2,1,1.0,,4.376758,0.0,0
2026-05-27T14:33:26.244999+00:00,inj_only,forward_optimized_long_ms_inj_only,persist,INJUSDT,"0-12,14-18,21-23",True,active,0,0,0,0,0.0,,0,0,800,1,1,1.0,,3.191041,0.0,0
2026-05-27T14:33:26.269477+00:00,tia_only,forward_optimized_long_ms_tia_only,persist,TIAUSDT,"0-12,14-18,21-23",True,active,1,0,0,0,0.0,,1,-2.798845,1,2,1,1.0,,5.733022,0.0,0
2026-05-27T14:33:26.585259+00:00,near_only_observation,forward_optimized_long_ms_near_only_observation,persist,NEARUSDT,"0-12,14-18,21-23",True,active,0,0,0,0,0.0,,0,0,11,2,2,0.5,0.246875,-3.559848,0.0,0
2026-05-27T14:38:27.714677+00:00,inj_tia_regime_filtered,forward_optimized_long_ms_inj_tia_regime,persist,"INJUSDT,TIAUSDT","0-12,14-18,21-23",True,active,0,0,0,0,0.0,,1,-2.798845,800,3,2,1.0,,8.924063,0.0,0
2026-05-27T14:38:29.305230+00:00,inj_tia_plus_candidates,forward_optimized_long_ms_inj_tia_plus_candidates,persist,"INJUSDT,TIAUSDT,JUPUSDT,BOMEUSDT","0-12,14-18,21-23",True,active,0,0,0,0,0.0,,1,-2.798845,2399,2,1,1.0,,4.376758,0.0,0
2026-05-27T14:38:29.350414+00:00,inj_only,forward_optimized_long_ms_inj_only,persist,INJUSDT,"0-12,14-18,21-23",True,active,0,0,0,0,0.0,,0,0,800,1,1,1.0,,3.191041,0.0,0
2026-05-27T14:38:29.374426+00:00,tia_only,forward_optimized_long_ms_tia_only,persist,TIAUSDT,"0-12,14-18,21-23",True,active,0,0,0,0,0.0,,1,-2.798845,0,2,1,1.0,,5.733022,0.0,0
2026-05-27T14:38:29.670853+00:00,near_only_observation,forward_optimized_long_ms_near_only_observation,persist,NEARUSDT,"0-12,14-18,21-23",True,active,0,0,0,0,0.0,,0,0,22,2,2,0.5,0.246875,-3.559848,0.0,0
2026-05-27T14:43:30.798454+00:00,inj_tia_regime_filtered,forward_optimized_long_ms_inj_tia_regime,persist,"INJUSDT,TIAUSDT","0-12,14-18,21-23",True,active,1,0,0,0,0.0,,1,-2.902506,801,3,2,1.0,,8.924063,0.0,0
2026-05-27T14:43:32.567593+00:00,inj_tia_plus_candidates,forward_optimized_long_ms_inj_tia_plus_candidates,persist,"INJUSDT,TIAUSDT,JUPUSDT,BOMEUSDT","0-12,14-18,21-23",True,active,1,0,0,0,0.0,,1,-2.902506,2400,2,1,1.0,,4.376758,0.0,0
2026-05-27T14:43:32.618912+00:00,inj_only,forward_optimized_long_ms_inj_only,persist,INJUSDT,"0-12,14-18,21-23",True,active,0,0,0,0,0.0,,0,0,800,1,1,1.0,,3.191041,0.0,0
2026-05-27T14:43:32.640715+00:00,tia_only,forward_optimized_long_ms_tia_only,persist,TIAUSDT,"0-12,14-18,21-23",True,active,1,0,0,0,0.0,,1,-2.902506,1,2,1,1.0,,5.733022,0.0,0
2026-05-27T14:43:32.950192+00:00,near_only_observation,forward_optimized_long_ms_near_only_observation,persist,NEARUSDT,"0-12,14-18,21-23",True,active,0,0,0,0,0.0,,0,0,22,2,2,0.5,0.246875,-3.559848,0.0,0
2026-05-27T14:48:33.888663+00:00,inj_tia_regime_filtered,forward_optimized_long_ms_inj_tia_regime,persist,"INJUSDT,TIAUSDT","0-12,14-18,21-23",True,active,1,0,0,0,0.0,,1,-2.470586,801,3,2,1.0,,8.924063,0.0,0
2026-05-27T14:48:35.437000+00:00,inj_tia_plus_candidates,forward_optimized_long_ms_inj_tia_plus_candidates,persist,"INJUSDT,TIAUSDT,JUPUSDT,BOMEUSDT","0-12,14-18,21-23",True,active,1,0,0,0,0.0,,1,-2.470586,2400,2,1,1.0,,4.376758,0.0,0
2026-05-27T14:48:35.481070+00:00,inj_only,forward_optimized_long_ms_inj_only,persist,INJUSDT,"0-12,14-18,21-23",True,active,0,0,0,0,0.0,,0,0,800,1,1,1.0,,3.191041,0.0,0
2026-05-27T14:48:35.502122+00:00,tia_only,forward_optimized_long_ms_tia_only,persist,TIAUSDT,"0-12,14-18,21-23",True,active,1,0,0,0,0.0,,1,-2.470586,1,2,1,1.0,,5.733022,0.0,0
2026-05-27T14:48:36.017790+00:00,near_only_observation,forward_optimized_long_ms_near_only_observation,persist,NEARUSDT,"0-12,14-18,21-23",True,active,0,0,0,0,0.0,,0,0,23,2,2,0.5,0.246875,-3.559848,0.0,0
2026-05-27T14:53:37.295249+00:00,inj_tia_regime_filtered,forward_optimized_long_ms_inj_tia_regime,persist,"INJUSDT,TIAUSDT","0-12,14-18,21-23",True,active,2,0,0,0,0.0,,2,-2.301561,800,4,2,1.0,,8.924063,0.0,0
2026-05-27T14:53:39.317623+00:00,inj_tia_plus_candidates,forward_optimized_long_ms_inj_tia_plus_candidates,persist,"INJUSDT,TIAUSDT,JUPUSDT,BOMEUSDT","0-12,14-18,21-23",True,active,2,0,0,0,0.0,,2,-2.301561,2399,3,1,1.0,,4.376758,0.0,0
2026-05-27T14:53:39.363238+00:00,inj_only,forward_optimized_long_ms_inj_only,persist,INJUSDT,"0-12,14-18,21-23",True,active,2,0,0,0,0.0,,1,0.169025,800,2,1,1.0,,3.191041,0.0,0
2026-05-27T14:53:39.388481+00:00,tia_only,forward_optimized_long_ms_tia_only,persist,TIAUSDT,"0-12,14-18,21-23",True,active,0,0,0,0,0.0,,1,-2.470586,0,2,1,1.0,,5.733022,0.0,0
2026-05-27T14:53:39.905712+00:00,near_only_observation,forward_optimized_long_ms_near_only_observation,persist,NEARUSDT,"0-12,14-18,21-23",True,active,0,0,0,0,0.0,,0,0,23,2,2,0.5,0.246875,-3.559848,0.0,0
2026-05-27T14:58:41.507629+00:00,inj_tia_regime_filtered,forward_optimized_long_ms_inj_tia_regime,persist,"INJUSDT,TIAUSDT","0-12,14-18,21-23",True,active,2,0,0,0,0.0,,2,-1.070947,13,4,2,1.0,,8.924063,0.0,0
2026-05-27T14:58:43.690169+00:00,inj_tia_plus_candidates,forward_optimized_long_ms_inj_tia_plus_candidates,persist,"INJUSDT,TIAUSDT,JUPUSDT,BOMEUSDT","0-12,14-18,21-23",True,active,2,0,0,0,0.0,,2,-1.070947,1612,3,1,1.0,,4.376758,0.0,0
2026-05-27T14:58:43.708127+00:00,inj_only,forward_optimized_long_ms_inj_only,persist,INJUSDT,"0-12,14-18,21-23",True,active,1,0,0,0,0.0,,1,0.380306,4,2,1,1.0,,3.191041,0.0,0
2026-05-27T14:58:43.728900+00:00,tia_only,forward_optimized_long_ms_tia_only,persist,TIAUSDT,"0-12,14-18,21-23",True,active,1,0,0,0,0.0,,1,-1.451253,9,2,1,1.0,,5.733022,0.0,0
2026-05-27T14:58:44.021956+00:00,near_only_observation,forward_optimized_long_ms_near_only_observation,persist,NEARUSDT,"0-12,14-18,21-23",True,active,0,0,0,0,0.0,,0,0,39,2,2,0.5,0.246875,-3.559848,0.0,0
2026-05-27T15:03:45.573420+00:00,inj_tia_regime_filtered,forward_optimized_long_ms_inj_tia_regime,persist,"INJUSDT,TIAUSDT","0-12,14-18,21-23",True,active,1,0,0,0,0.0,,2,-0.944178,2,4,2,1.0,,8.924063,0.0,0
2026-05-27T15:03:47.547297+00:00,inj_tia_plus_candidates,forward_optimized_long_ms_inj_tia_plus_candidates,persist,"INJUSDT,TIAUSDT,JUPUSDT,BOMEUSDT","0-12,14-18,21-23",True,active,1,0,0,0,0.0,,2,-0.944178,1601,3,1,1.0,,4.376758,0.0,0
2026-05-27T15:03:47.571507+00:00,inj_only,forward_optimized_long_ms_inj_only,persist,INJUSDT,"0-12,14-18,21-23",True,active,1,0,0,0,0.0,,1,0.507075,2,2,1,1.0,,3.191041,0.0,0
2026-05-27T15:03:47.596654+00:00,tia_only,forward_optimized_long_ms_tia_only,persist,TIAUSDT,"0-12,14-18,21-23",True,active,0,0,0,0,0.0,,1,-1.451253,0,2,1,1.0,,5.733022,0.0,0
2026-05-27T15:03:47.912799+00:00,near_only_observation,forward_optimized_long_ms_near_only_observation,persist,NEARUSDT,"0-12,14-18,21-23",True,active,0,0,0,0,0.0,,0,0,47,2,2,0.5,0.246875,-3.559848,0.0,0
2026-05-27T15:08:49.265257+00:00,inj_tia_regime_filtered,forward_optimized_long_ms_inj_tia_regime,persist,"INJUSDT,TIAUSDT","0-12,14-18,21-23",True,active,1,0,0,0,0.0,,2,-1.70479,2,4,2,1.0,,8.924063,0.0,0
2026-05-27T15:08:50.790622+00:00,inj_tia_plus_candidates,forward_optimized_long_ms_inj_tia_plus_candidates,persist,"INJUSDT,TIAUSDT,JUPUSDT,BOMEUSDT","0-12,14-18,21-23",True,active,1,0,0,0,0.0,,2,-1.70479,1601,3,1,1.0,,4.376758,0.0,0
2026-05-27T15:08:50.813648+00:00,inj_only,forward_optimized_long_ms_inj_only,persist,INJUSDT,"0-12,14-18,21-23",True,active,1,0,0,0,0.0,,1,-0.253537,2,2,1,1.0,,3.191041,0.0,0
2026-05-27T15:08:50.833668+00:00,tia_only,forward_optimized_long_ms_tia_only,persist,TIAUSDT,"0-12,14-18,21-23",True,active,0,0,0,0,0.0,,1,-1.451253,0,2,1,1.0,,5.733022,0.0,0
2026-05-27T15:08:51.173739+00:00,near_only_observation,forward_optimized_long_ms_near_only_observation,persist,NEARUSDT,"0-12,14-18,21-23",True,active,0,0,0,0,0.0,,0,0,53,2,2,0.5,0.246875,-3.559848,0.0,0
2026-05-27T15:13:52.107711+00:00,inj_tia_regime_filtered,forward_optimized_long_ms_inj_tia_regime,persist,"INJUSDT,TIAUSDT","0-12,14-18,21-23",True,active,2,0,0,0,0.0,,2,-0.421579,7,4,2,1.0,,8.924063,0.0,0
2026-05-27T15:13:53.626466+00:00,inj_tia_plus_candidates,forward_optimized_long_ms_inj_tia_plus_candidates,persist,"INJUSDT,TIAUSDT,JUPUSDT,BOMEUSDT","0-12,14-18,21-23",True,active,2,0,0,0,0.0,,2,-0.421579,1606,3,1,1.0,,4.376758,0.0,0
2026-05-27T15:13:53.643045+00:00,inj_only,forward_optimized_long_ms_inj_only,persist,INJUSDT,"0-12,14-18,21-23",True,active,1,0,0,0,0.0,,1,0.18311,5,2,1,1.0,,3.191041,0.0,0
2026-05-27T15:13:53.660467+00:00,tia_only,forward_optimized_long_ms_tia_only,persist,TIAUSDT,"0-12,14-18,21-23",True,active,1,0,0,0,0.0,,1,-0.604689,2,2,1,1.0,,5.733022,0.0,0
2026-05-27T15:13:53.964811+00:00,near_only_observation,forward_optimized_long_ms_near_only_observation,persist,NEARUSDT,"0-12,14-18,21-23",True,active,0,0,0,0,0.0,,0,0,55,2,2,0.5,0.246875,-3.559848,0.0,0
2026-05-27T15:18:54.868392+00:00,inj_tia_regime_filtered,forward_optimized_long_ms_inj_tia_regime,persist,"INJUSDT,TIAUSDT","0-12,14-18,21-23",True,active,2,0,0,0,0.0,,2,0.535246,4,4,2,1.0,,8.924063,0.0,0
2026-05-27T15:18:56.414954+00:00,inj_tia_plus_candidates,forward_optimized_long_ms_inj_tia_plus_candidates,persist,"INJUSDT,TIAUSDT,JUPUSDT,BOMEUSDT","0-12,14-18,21-23",True,active,2,0,0,0,0.0,,2,0.535246,1603,3,1,1.0,,4.376758,0.0,0
2026-05-27T15:18:56.435956+00:00,inj_only,forward_optimized_long_ms_inj_only,persist,INJUSDT,"0-12,14-18,21-23",True,active,1,0,0,0,0.0,,1,0.535246,2,2,1,1.0,,3.191041,0.0,0
2026-05-27T15:18:56.456634+00:00,tia_only,forward_optimized_long_ms_tia_only,persist,TIAUSDT,"0-12,14-18,21-23",True,active,1,0,0,0,0.0,,1,0.0,2,2,1,1.0,,5.733022,0.0,0
2026-05-27T15:18:56.776403+00:00,near_only_observation,forward_optimized_long_ms_near_only_observation,persist,NEARUSDT,"0-12,14-18,21-23",True,active,2,0,0,0,0.0,,1,0.08704,72,3,2,0.5,0.246875,-3.559848,0.0,0
2026-05-27T15:23:57.969765+00:00,inj_tia_regime_filtered,forward_optimized_long_ms_inj_tia_regime,persist,"INJUSDT,TIAUSDT","0-12,14-18,21-23",True,active,1,0,0,0,0.0,,2,0.464819,4,4,2,1.0,,8.924063,0.0,0
2026-05-27T15:24:00.426674+00:00,inj_tia_plus_candidates,forward_optimized_long_ms_inj_tia_plus_candidates,persist,"INJUSDT,TIAUSDT,JUPUSDT,BOMEUSDT","0-12,14-18,21-23",True,active,1,0,0,0,0.0,,2,0.464819,1603,3,1,1.0,,4.376758,0.0,0
2026-05-27T15:24:00.449907+00:00,inj_only,forward_optimized_long_ms_inj_only,persist,INJUSDT,"0-12,14-18,21-23",True,active,1,0,0,0,0.0,,1,0.464819,4,2,1,1.0,,3.191041,0.0,0
2026-05-27T15:24:00.466551+00:00,tia_only,forward_optimized_long_ms_tia_only,persist,TIAUSDT,"0-12,14-18,21-23",True,active,0,0,0,0,0.0,,1,0.0,0,2,1,1.0,,5.733022,0.0,0
2026-05-27T15:24:00.769730+00:00,near_only_observation,forward_optimized_long_ms_near_only_observation,persist,NEARUSDT,"0-12,14-18,21-23",True,active,1,0,0,0,0.0,,1,-0.261119,8,3,2,0.5,0.246875,-3.559848,0.0,0
2026-05-27T15:29:02.563544+00:00,inj_tia_regime_filtered,forward_optimized_long_ms_inj_tia_regime,persist,"INJUSDT,TIAUSDT","0-12,14-18,21-23",True,active,1,0,0,0,0.0,,2,1.957872,22,4,2,1.0,,8.924063,0.0,0
2026-05-27T15:29:04.322404+00:00,inj_tia_plus_candidates,forward_optimized_long_ms_inj_tia_plus_candidates,persist,"INJUSDT,TIAUSDT,JUPUSDT,BOMEUSDT","0-12,14-18,21-23",True,active,1,0,0,0,0.0,,2,1.957872,1621,3,1,1.0,,4.376758,0.0,0
2026-05-27T15:29:04.348939+00:00,inj_only,forward_optimized_long_ms_inj_only,persist,INJUSDT,"0-12,14-18,21-23",True,active,1,0,0,0,0.0,,1,1.957872,22,2,1,1.0,,3.191041,0.0,0
2026-05-27T15:29:04.368617+00:00,tia_only,forward_optimized_long_ms_tia_only,persist,TIAUSDT,"0-12,14-18,21-23",True,active,0,0,0,0,0.0,,1,0.0,0,2,1,1.0,,5.733022,0.0,0
2026-05-27T15:29:04.674398+00:00,near_only_observation,forward_optimized_long_ms_near_only_observation,persist,NEARUSDT,"0-12,14-18,21-23",True,active,1,0,0,0,0.0,,1,-0.493225,14,3,2,0.5,0.246875,-3.559848,0.0,0
2026-05-27T15:34:05.614941+00:00,inj_tia_regime_filtered,forward_optimized_long_ms_inj_tia_regime,persist,"INJUSDT,TIAUSDT","0-12,14-18,21-23",True,active,1,0,0,0,0.0,,2,2.324093,3,4,2,1.0,,8.924063,0.0,0
2026-05-27T15:34:07.167851+00:00,inj_tia_plus_candidates,forward_optimized_long_ms_inj_tia_plus_candidates,persist,"INJUSDT,TIAUSDT,JUPUSDT,BOMEUSDT","0-12,14-18,21-23",True,active,1,0,0,0,0.0,,2,2.324093,1602,3,1,1.0,,4.376758,0.0,0
2026-05-27T15:34:07.189699+00:00,inj_only,forward_optimized_long_ms_inj_only,persist,INJUSDT,"0-12,14-18,21-23",True,active,1,0,0,0,0.0,,1,2.324093,3,2,1,1.0,,3.191041,0.0,0
2026-05-27T15:34:07.212887+00:00,tia_only,forward_optimized_long_ms_tia_only,persist,TIAUSDT,"0-12,14-18,21-23",True,active,0,0,0,0,0.0,,1,0.0,0,2,1,1.0,,5.733022,0.0,0
2026-05-27T15:34:08.078885+00:00,near_only_observation,forward_optimized_long_ms_near_only_observation,persist,NEARUSDT,"0-12,14-18,21-23",True,active,1,0,0,0,0.0,,1,0.232106,1,3,2,0.5,0.246875,-3.559848,0.0,0
2026-05-27T15:39:08.981045+00:00,inj_tia_regime_filtered,forward_optimized_long_ms_inj_tia_regime,persist,"INJUSDT,TIAUSDT","0-12,14-18,21-23",True,active,1,0,0,0,0.0,,2,2.380434,4,4,2,1.0,,8.924063,0.0,0
2026-05-27T15:39:10.536092+00:00,inj_tia_plus_candidates,forward_optimized_long_ms_inj_tia_plus_candidates,persist,"INJUSDT,TIAUSDT,JUPUSDT,BOMEUSDT","0-12,14-18,21-23",True,active,1,0,0,0,0.0,,2,2.380434,1603,3,1,1.0,,4.376758,0.0,0
2026-05-27T15:39:10.557907+00:00,inj_only,forward_optimized_long_ms_inj_only,persist,INJUSDT,"0-12,14-18,21-23",True,active,1,0,0,0,0.0,,1,2.380434,4,2,1,1.0,,3.191041,0.0,0
2026-05-27T15:39:10.575378+00:00,tia_only,forward_optimized_long_ms_tia_only,persist,TIAUSDT,"0-12,14-18,21-23",True,active,0,0,0,0,0.0,,1,0.0,0,2,1,1.0,,5.733022,0.0,0
2026-05-27T15:39:10.873574+00:00,near_only_observation,forward_optimized_long_ms_near_only_observation,persist,NEARUSDT,"0-12,14-18,21-23",True,active,1,0,0,0,0.0,,1,1.363621,18,3,2,0.5,0.246875,-3.559848,0.0,0
2026-05-27T15:44:11.788574+00:00,inj_tia_regime_filtered,forward_optimized_long_ms_inj_tia_regime,persist,"INJUSDT,TIAUSDT","0-12,14-18,21-23",True,active,1,0,0,0,0.0,,2,2.718484,5,4,2,1.0,,8.924063,0.0,0
2026-05-27T15:44:13.311975+00:00,inj_tia_plus_candidates,forward_optimized_long_ms_inj_tia_plus_candidates,persist,"INJUSDT,TIAUSDT,JUPUSDT,BOMEUSDT","0-12,14-18,21-23",True,active,1,0,0,0,0.0,,2,2.718484,1604,3,1,1.0,,4.376758,0.0,0
2026-05-27T15:44:13.333989+00:00,inj_only,forward_optimized_long_ms_inj_only,persist,INJUSDT,"0-12,14-18,21-23",True,active,1,0,0,0,0.0,,1,2.718484,5,2,1,1.0,,3.191041,0.0,0
2026-05-27T15:44:13.356578+00:00,tia_only,forward_optimized_long_ms_tia_only,persist,TIAUSDT,"0-12,14-18,21-23",True,active,0,0,0,0,0.0,,1,0.0,0,2,1,1.0,,5.733022,0.0,0
2026-05-27T15:44:13.685647+00:00,near_only_observation,forward_optimized_long_ms_near_only_observation,persist,NEARUSDT,"0-12,14-18,21-23",True,active,1,0,0,0,0.0,,1,1.073489,26,3,2,0.5,0.246875,-3.559848,0.0,0
2026-05-27T15:49:14.808163+00:00,inj_tia_regime_filtered,forward_optimized_long_ms_inj_tia_regime,persist,"INJUSDT,TIAUSDT","0-12,14-18,21-23",True,active,1,0,0,0,0.0,,2,2.788911,2,4,2,1.0,,8.924063,0.0,0
2026-05-27T15:49:16.539554+00:00,inj_tia_plus_candidates,forward_optimized_long_ms_inj_tia_plus_candidates,persist,"INJUSDT,TIAUSDT,JUPUSDT,BOMEUSDT","0-12,14-18,21-23",True,active,1,0,0,0,0.0,,2,2.788911,1601,3,1,1.0,,4.376758,0.0,0
2026-05-27T15:49:16.561350+00:00,inj_only,forward_optimized_long_ms_inj_only,persist,INJUSDT,"0-12,14-18,21-23",True,active,1,0,0,0,0.0,,1,2.788911,2,2,1,1.0,,3.191041,0.0,0
2026-05-27T15:49:16.579321+00:00,tia_only,forward_optimized_long_ms_tia_only,persist,TIAUSDT,"0-12,14-18,21-23",True,active,0,0,0,0,0.0,,1,0.0,0,2,1,1.0,,5.733022,0.0,0
2026-05-27T15:49:16.880477+00:00,near_only_observation,forward_optimized_long_ms_near_only_observation,persist,NEARUSDT,"0-12,14-18,21-23",True,active,1,0,0,0,0.0,,1,0.986449,6,3,2,0.5,0.246875,-3.559848,0.0,0
2026-05-27T15:54:17.803207+00:00,inj_tia_regime_filtered,forward_optimized_long_ms_inj_tia_regime,persist,"INJUSDT,TIAUSDT","0-12,14-18,21-23",True,active,2,0,0,0,0.0,,2,2.615374,11,4,2,1.0,,8.924063,0.0,0
2026-05-27T15:54:19.380598+00:00,inj_tia_plus_candidates,forward_optimized_long_ms_inj_tia_plus_candidates,persist,"INJUSDT,TIAUSDT,JUPUSDT,BOMEUSDT","0-12,14-18,21-23",True,active,2,0,0,0,0.0,,2,2.615374,1610,3,1,1.0,,4.376758,0.0,0
2026-05-27T15:54:19.399299+00:00,inj_only,forward_optimized_long_ms_inj_only,persist,INJUSDT,"0-12,14-18,21-23",True,active,1,0,0,0,0.0,,1,2.563544,10,2,1,1.0,,3.191041,0.0,0
2026-05-27T15:54:19.416978+00:00,tia_only,forward_optimized_long_ms_tia_only,persist,TIAUSDT,"0-12,14-18,21-23",True,active,1,0,0,0,0.0,,1,0.05183,1,2,1,1.0,,5.733022,0.0,0
2026-05-27T15:54:19.721918+00:00,near_only_observation,forward_optimized_long_ms_near_only_observation,persist,NEARUSDT,"0-12,14-18,21-23",True,active,1,0,0,0,0.0,,1,0.290132,18,3,2,0.5,0.246875,-3.559848,0.0,0
2026-05-27T15:59:20.682598+00:00,inj_tia_regime_filtered,forward_optimized_long_ms_inj_tia_regime,persist,"INJUSDT,TIAUSDT","0-12,14-18,21-23",True,active,1,0,0,0,0.0,,2,2.81257,3,4,2,1.0,,8.924063,0.0,0
2026-05-27T15:59:22.238959+00:00,inj_tia_plus_candidates,forward_optimized_long_ms_inj_tia_plus_candidates,persist,"INJUSDT,TIAUSDT,JUPUSDT,BOMEUSDT","0-12,14-18,21-23",True,active,1,0,0,0,0.0,,2,2.81257,1602,3,1,1.0,,4.376758,0.0,0
2026-05-27T15:59:22.257123+00:00,inj_only,forward_optimized_long_ms_inj_only,persist,INJUSDT,"0-12,14-18,21-23",True,active,1,0,0,0,0.0,,1,2.76074,3,2,1,1.0,,3.191041,0.0,0
2026-05-27T15:59:22.275624+00:00,tia_only,forward_optimized_long_ms_tia_only,persist,TIAUSDT,"0-12,14-18,21-23",True,active,0,0,0,0,0.0,,1,0.05183,0,2,1,1.0,,5.733022,0.0,0
2026-05-27T15:59:22.594696+00:00,near_only_observation,forward_optimized_long_ms_near_only_observation,persist,NEARUSDT,"0-12,14-18,21-23",True,active,1,0,0,0,0.0,,1,0.290132,38,3,2,0.5,0.246875,-3.559848,0.0,0
2026-05-27T16:04:23.529037+00:00,inj_tia_regime_filtered,forward_optimized_long_ms_inj_tia_regime,persist,"INJUSDT,TIAUSDT","0-12,14-18,21-23",True,active,1,0,0,0,0.0,,2,2.798485,5,4,2,1.0,,8.924063,0.0,0
2026-05-27T16:04:25.052966+00:00,inj_tia_plus_candidates,forward_optimized_long_ms_inj_tia_plus_candidates,persist,"INJUSDT,TIAUSDT,JUPUSDT,BOMEUSDT","0-12,14-18,21-23",True,active,1,0,0,0,0.0,,2,2.798485,1604,3,1,1.0,,4.376758,0.0,0
2026-05-27T16:04:25.070517+00:00,inj_only,forward_optimized_long_ms_inj_only,persist,INJUSDT,"0-12,14-18,21-23",True,active,1,0,0,0,0.0,,1,2.746655,5,2,1,1.0,,3.191041,0.0,0
2026-05-27T16:04:25.087661+00:00,tia_only,forward_optimized_long_ms_tia_only,persist,TIAUSDT,"0-12,14-18,21-23",True,active,0,0,0,0,0.0,,1,0.05183,0,2,1,1.0,,5.733022,0.0,0
2026-05-27T16:04:25.409948+00:00,near_only_observation,forward_optimized_long_ms_near_only_observation,persist,NEARUSDT,"0-12,14-18,21-23",True,active,1,0,0,0,0.0,,1,-0.145066,18,3,2,0.5,0.246875,-3.559848,0.0,0
2026-05-27T16:09:26.763242+00:00,inj_tia_regime_filtered,forward_optimized_long_ms_inj_tia_regime,persist,"INJUSDT,TIAUSDT","0-12,14-18,21-23",True,active,1,0,0,0,0.0,,2,2.671716,2,4,2,1.0,,8.924063,0.0,0
2026-05-27T16:09:28.485329+00:00,inj_tia_plus_candidates,forward_optimized_long_ms_inj_tia_plus_candidates,persist,"INJUSDT,TIAUSDT,JUPUSDT,BOMEUSDT","0-12,14-18,21-23",True,active,1,0,0,0,0.0,,2,2.671716,1601,3,1,1.0,,4.376758,0.0,0
2026-05-27T16:09:28.507616+00:00,inj_only,forward_optimized_long_ms_inj_only,persist,INJUSDT,"0-12,14-18,21-23",True,active,1,0,0,0,0.0,,1,2.619886,2,2,1,1.0,,3.191041,0.0,0
2026-05-27T16:09:28.528465+00:00,tia_only,forward_optimized_long_ms_tia_only,persist,TIAUSDT,"0-12,14-18,21-23",True,active,0,0,0,0,0.0,,1,0.05183,0,2,1,1.0,,5.733022,0.0,0
2026-05-27T16:09:28.823958+00:00,near_only_observation,forward_optimized_long_ms_near_only_observation,persist,NEARUSDT,"0-12,14-18,21-23",True,active,1,0,0,0,0.0,,1,-0.145066,6,3,2,0.5,0.246875,-3.559848,0.0,0
2026-05-27T16:14:30.183278+00:00,inj_tia_regime_filtered,forward_optimized_long_ms_inj_tia_regime,persist,"INJUSDT,TIAUSDT","0-12,14-18,21-23",True,active,2,0,0,0,0.0,,2,1.691233,4,4,2,1.0,,8.924063,0.0,0
2026-05-27T16:14:31.716020+00:00,inj_tia_plus_candidates,forward_optimized_long_ms_inj_tia_plus_candidates,persist,"INJUSDT,TIAUSDT,JUPUSDT,BOMEUSDT","0-12,14-18,21-23",True,active,2,0,0,0,0.0,,2,1.691233,1603,3,1,1.0,,4.376758,0.0,0
2026-05-27T16:14:31.732854+00:00,inj_only,forward_optimized_long_ms_inj_only,persist,INJUSDT,"0-12,14-18,21-23",True,active,1,0,0,0,0.0,,1,2.295922,3,2,1,1.0,,3.191041,0.0,0
2026-05-27T16:14:31.751654+00:00,tia_only,forward_optimized_long_ms_tia_only,persist,TIAUSDT,"0-12,14-18,21-23",True,active,1,0,0,0,0.0,,1,-0.604689,1,2,1,1.0,,5.733022,0.0,0
2026-05-27T16:14:32.100204+00:00,near_only_observation,forward_optimized_long_ms_near_only_observation,persist,NEARUSDT,"0-12,14-18,21-23",True,active,1,0,0,0,0.0,,1,-0.638291,12,3,2,0.5,0.246875,-3.559848,0.0,0
2026-05-27T16:19:33.039858+00:00,inj_tia_regime_filtered,forward_optimized_long_ms_inj_tia_regime,persist,"INJUSDT,TIAUSDT","0-12,14-18,21-23",True,active,2,0,0,0,0.0,,2,1.036585,4,4,2,1.0,,8.924063,0.0,0
2026-05-27T16:19:34.570961+00:00,inj_tia_plus_candidates,forward_optimized_long_ms_inj_tia_plus_candidates,persist,"INJUSDT,TIAUSDT,JUPUSDT,BOMEUSDT","0-12,14-18,21-23",True,active,2,0,0,0,0.0,,2,1.036585,1603,3,1,1.0,,4.376758,0.0,0
2026-05-27T16:19:34.590590+00:00,inj_only,forward_optimized_long_ms_inj_only,persist,INJUSDT,"0-12,14-18,21-23",True,active,1,0,0,0,0.0,,1,2.211409,2,2,1,1.0,,3.191041,0.0,0
2026-05-27T16:19:34.614388+00:00,tia_only,forward_optimized_long_ms_tia_only,persist,TIAUSDT,"0-12,14-18,21-23",True,active,1,0,0,0,0.0,,1,-1.174824,2,2,1,1.0,,5.733022,0.0,0
2026-05-27T16:19:34.930861+00:00,near_only_observation,forward_optimized_long_ms_near_only_observation,persist,NEARUSDT,"0-12,14-18,21-23",True,active,1,0,0,0,0.0,,1,-0.841383,4,3,2,0.5,0.246875,-3.559848,0.0,0
2026-05-27T16:24:35.882483+00:00,inj_tia_regime_filtered,forward_optimized_long_ms_inj_tia_regime,persist,"INJUSDT,TIAUSDT","0-12,14-18,21-23",True,active,1,0,0,0,0.0,,2,0.3464,7,4,2,1.0,,8.924063,0.0,0
2026-05-27T16:24:37.499944+00:00,inj_tia_plus_candidates,forward_optimized_long_ms_inj_tia_plus_candidates,persist,"INJUSDT,TIAUSDT,JUPUSDT,BOMEUSDT","0-12,14-18,21-23",True,active,1,0,0,0,0.0,,2,0.3464,1606,3,1,1.0,,4.376758,0.0,0
2026-05-27T16:24:37.517557+00:00,inj_only,forward_optimized_long_ms_inj_only,persist,INJUSDT,"0-12,14-18,21-23",True,active,1,0,0,0,0.0,,1,1.521224,7,2,1,1.0,,3.191041,0.0,0
2026-05-27T16:24:37.532976+00:00,tia_only,forward_optimized_long_ms_tia_only,persist,TIAUSDT,"0-12,14-18,21-23",True,active,0,0,0,0,0.0,,1,-1.174824,0,2,1,1.0,,5.733022,0.0,0
2026-05-27T16:24:37.831030+00:00,near_only_observation,forward_optimized_long_ms_near_only_observation,persist,NEARUSDT,"0-12,14-18,21-23",True,active,1,0,0,0,0.0,,1,-0.638291,1,3,2,0.5,0.246875,-3.559848,0.0,0
2026-05-27T16:29:38.802236+00:00,inj_tia_regime_filtered,forward_optimized_long_ms_inj_tia_regime,persist,"INJUSDT,TIAUSDT","0-12,14-18,21-23",True,active,1,0,0,0,0.0,,2,0.726706,5,4,2,1.0,,8.924063,0.0,0
2026-05-27T16:29:40.345589+00:00,inj_tia_plus_candidates,forward_optimized_long_ms_inj_tia_plus_candidates,persist,"INJUSDT,TIAUSDT,JUPUSDT,BOMEUSDT","0-12,14-18,21-23",True,active,1,0,0,0,0.0,,2,0.726706,1604,3,1,1.0,,4.376758,0.0,0
2026-05-27T16:29:40.364634+00:00,inj_only,forward_optimized_long_ms_inj_only,persist,INJUSDT,"0-12,14-18,21-23",True,active,1,0,0,0,0.0,,1,1.90153,5,2,1,1.0,,3.191041,0.0,0
2026-05-27T16:29:40.384970+00:00,tia_only,forward_optimized_long_ms_tia_only,persist,TIAUSDT,"0-12,14-18,21-23",True,active,0,0,0,0,0.0,,1,-1.174824,0,2,1,1.0,,5.733022,0.0,0
2026-05-27T16:29:40.702957+00:00,near_only_observation,forward_optimized_long_ms_near_only_observation,persist,NEARUSDT,"0-12,14-18,21-23",True,active,1,0,0,0,0.0,,1,-0.783357,5,3,2,0.5,0.246875,-3.559848,0.0,0
2026-05-27T16:34:41.874893+00:00,inj_tia_regime_filtered,forward_optimized_long_ms_inj_tia_regime,persist,"INJUSDT,TIAUSDT","0-12,14-18,21-23",True,active,2,0,0,0,0.0,,2,0.042568,5,4,2,1.0,,8.924063,0.0,0
2026-05-27T16:34:43.404151+00:00,inj_tia_plus_candidates,forward_optimized_long_ms_inj_tia_plus_candidates,persist,"INJUSDT,TIAUSDT,JUPUSDT,BOMEUSDT","0-12,14-18,21-23",True,active,2,0,0,0,0.0,,2,0.042568,1604,3,1,1.0,,4.376758,0.0,0
2026-05-27T16:34:43.424463+00:00,inj_only,forward_optimized_long_ms_inj_only,persist,INJUSDT,"0-12,14-18,21-23",True,active,1,0,0,0,0.0,,1,1.71842,3,2,1,1.0,,3.191041,0.0,0
2026-05-27T16:34:43.445649+00:00,tia_only,forward_optimized_long_ms_tia_only,persist,TIAUSDT,"0-12,14-18,21-23",True,active,1,0,0,0,0.0,,1,-1.675852,2,2,1,1.0,,5.733022,0.0,0
2026-05-27T16:34:43.768406+00:00,near_only_observation,forward_optimized_long_ms_near_only_observation,persist,NEARUSDT,"0-12,14-18,21-23",True,active,1,0,0,0,0.0,,1,-1.45066,27,3,2,0.5,0.246875,-3.559848,0.0,0
2026-05-27T16:39:45.123761+00:00,inj_tia_regime_filtered,forward_optimized_long_ms_inj_tia_regime,persist,"INJUSDT,TIAUSDT","0-12,14-18,21-23",True,active,2,0,0,0,0.0,,2,-0.704294,2,4,2,1.0,,8.924063,0.0,0
2026-05-27T16:39:46.653460+00:00,inj_tia_plus_candidates,forward_optimized_long_ms_inj_tia_plus_candidates,persist,"INJUSDT,TIAUSDT,JUPUSDT,BOMEUSDT","0-12,14-18,21-23",True,active,2,0,0,0,0.0,,2,-0.704294,1601,3,1,1.0,,4.376758,0.0,0
2026-05-27T16:39:46.675252+00:00,inj_only,forward_optimized_long_ms_inj_only,persist,INJUSDT,"0-12,14-18,21-23",True,active,1,0,0,0,0.0,,1,1.507139,1,2,1,1.0,,3.191041,0.0,0
2026-05-27T16:39:46.694002+00:00,tia_only,forward_optimized_long_ms_tia_only,persist,TIAUSDT,"0-12,14-18,21-23",True,active,1,0,0,0,0.0,,1,-2.211433,1,2,1,1.0,,5.733022,0.0,0
2026-05-27T16:39:47.013295+00:00,near_only_observation,forward_optimized_long_ms_near_only_observation,persist,NEARUSDT,"0-12,14-18,21-23",True,active,1,0,0,0,0.0,,1,-0.870396,2,3,2,0.5,0.246875,-3.559848,0.0,0
2026-05-27T16:44:48.121043+00:00,inj_tia_regime_filtered,forward_optimized_long_ms_inj_tia_regime,persist,"INJUSDT,TIAUSDT","0-12,14-18,21-23",True,active,1,0,0,0,0.0,,2,-0.704294,3,4,2,1.0,,8.924063,0.0,0
2026-05-27T16:44:49.636132+00:00,inj_tia_plus_candidates,forward_optimized_long_ms_inj_tia_plus_candidates,persist,"INJUSDT,TIAUSDT,JUPUSDT,BOMEUSDT","0-12,14-18,21-23",True,active,1,0,0,0,0.0,,2,-0.704294,1602,3,1,1.0,,4.376758,0.0,0
2026-05-27T16:44:49.653672+00:00,inj_only,forward_optimized_long_ms_inj_only,persist,INJUSDT,"0-12,14-18,21-23",True,active,1,0,0,0,0.0,,1,1.507139,3,2,1,1.0,,3.191041,0.0,0
2026-05-27T16:44:49.671398+00:00,tia_only,forward_optimized_long_ms_tia_only,persist,TIAUSDT,"0-12,14-18,21-23",True,active,0,0,0,0,0.0,,1,-2.211433,0,2,1,1.0,,5.733022,0.0,0
2026-05-27T16:44:49.970302+00:00,near_only_observation,forward_optimized_long_ms_near_only_observation,persist,NEARUSDT,"0-12,14-18,21-23",True,active,1,0,0,0,0.0,,1,-0.754343,4,3,2,0.5,0.246875,-3.559848,0.0,0
2026-05-27T16:49:51.308791+00:00,inj_tia_regime_filtered,forward_optimized_long_ms_inj_tia_regime,persist,"INJUSDT,TIAUSDT","0-12,14-18,21-23",True,active,2,0,0,0,0.0,,2,0.179463,7,4,2,1.0,,8.924063,0.0,0
2026-05-27T16:49:52.860936+00:00,inj_tia_plus_candidates,forward_optimized_long_ms_inj_tia_plus_candidates,persist,"INJUSDT,TIAUSDT,JUPUSDT,BOMEUSDT","0-12,14-18,21-23",True,active,2,0,0,0,0.0,,2,0.179463,1606,3,1,1.0,,4.376758,0.0,0
2026-05-27T16:49:52.881979+00:00,inj_only,forward_optimized_long_ms_inj_only,persist,INJUSDT,"0-12,14-18,21-23",True,active,1,0,0,0,0.0,,1,1.647993,6,2,1,1.0,,3.191041,0.0,0
2026-05-27T16:49:52.902620+00:00,tia_only,forward_optimized_long_ms_tia_only,persist,TIAUSDT,"0-12,14-18,21-23",True,active,1,0,0,0,0.0,,1,-1.46853,1,2,1,1.0,,5.733022,0.0,0
2026-05-27T16:49:53.223833+00:00,near_only_observation,forward_optimized_long_ms_near_only_observation,persist,NEARUSDT,"0-12,14-18,21-23",True,active,1,0,0,0,0.0,,1,-0.377172,11,3,2,0.5,0.246875,-3.559848,0.0,0
2026-05-27T16:54:54.167745+00:00,inj_tia_regime_filtered,forward_optimized_long_ms_inj_tia_regime,persist,"INJUSDT,TIAUSDT","0-12,14-18,21-23",True,active,1,0,0,0,0.0,,2,-0.08816,2,4,2,1.0,,8.924063,0.0,0
2026-05-27T16:54:55.768192+00:00,inj_tia_plus_candidates,forward_optimized_long_ms_inj_tia_plus_candidates,persist,"INJUSDT,TIAUSDT,JUPUSDT,BOMEUSDT","0-12,14-18,21-23",True,active,1,0,0,0,0.0,,2,-0.08816,1601,3,1,1.0,,4.376758,0.0,0
2026-05-27T16:54:55.786826+00:00,inj_only,forward_optimized_long_ms_inj_only,persist,INJUSDT,"0-12,14-18,21-23",True,active,1,0,0,0,0.0,,1,1.38037,2,2,1,1.0,,3.191041,0.0,0
2026-05-27T16:54:55.802552+00:00,tia_only,forward_optimized_long_ms_tia_only,persist,TIAUSDT,"0-12,14-18,21-23",True,active,0,0,0,0,0.0,,1,-1.46853,0,2,1,1.0,,5.733022,0.0,0
2026-05-27T16:54:56.094151+00:00,near_only_observation,forward_optimized_long_ms_near_only_observation,persist,NEARUSDT,"0-12,14-18,21-23",True,active,1,0,0,0,0.0,,1,-0.493225,3,3,2,0.5,0.246875,-3.559848,0.0,0
2026-05-27T16:59:57.252463+00:00,inj_tia_regime_filtered,forward_optimized_long_ms_inj_tia_regime,persist,"INJUSDT,TIAUSDT","0-12,14-18,21-23",True,active,1,0,0,0,0.0,,2,0.123121,1,4,2,1.0,,8.924063,0.0,0
2026-05-27T16:59:58.990562+00:00,inj_tia_plus_candidates,forward_optimized_long_ms_inj_tia_plus_candidates,persist,"INJUSDT,TIAUSDT,JUPUSDT,BOMEUSDT","0-12,14-18,21-23",True,active,1,0,0,0,0.0,,2,0.123121,1600,3,1,1.0,,4.376758,0.0,0
2026-05-27T16:59:59.009227+00:00,inj_only,forward_optimized_long_ms_inj_only,persist,INJUSDT,"0-12,14-18,21-23",True,active,1,0,0,0,0.0,,1,1.591651,1,2,1,1.0,,3.191041,0.0,0
2026-05-27T16:59:59.025944+00:00,tia_only,forward_optimized_long_ms_tia_only,persist,TIAUSDT,"0-12,14-18,21-23",True,active,0,0,0,0,0.0,,1,-1.46853,0,2,1,1.0,,5.733022,0.0,0
2026-05-27T16:59:59.762052+00:00,near_only_observation,forward_optimized_long_ms_near_only_observation,persist,NEARUSDT,"0-12,14-18,21-23",True,active,1,0,0,0,0.0,,1,-0.348159,2,3,2,0.5,0.246875,-3.559848,0.0,0
2026-05-27T17:05:00.677567+00:00,inj_tia_regime_filtered,forward_optimized_long_ms_inj_tia_regime,persist,"INJUSDT,TIAUSDT","0-12,14-18,21-23",True,active,2,0,0,0,0.0,,2,-0.796726,7,4,2,1.0,,8.924063,0.0,0
2026-05-27T17:05:02.798947+00:00,inj_tia_plus_candidates,forward_optimized_long_ms_inj_tia_plus_candidates,persist,"INJUSDT,TIAUSDT,JUPUSDT,BOMEUSDT","0-12,14-18,21-23",True,active,2,0,0,0,0.0,,2,-0.796726,1606,3,1,1.0,,4.376758,0.0,0
2026-05-27T17:05:02.820144+00:00,inj_only,forward_optimized_long_ms_inj_only,persist,INJUSDT,"0-12,14-18,21-23",True,active,1,0,0,0,0.0,,1,1.000064,5,2,1,1.0,,3.191041,0.0,0
2026-05-27T17:05:02.843039+00:00,tia_only,forward_optimized_long_ms_tia_only,persist,TIAUSDT,"0-12,14-18,21-23",True,active,1,0,0,0,0.0,,1,-1.79679,2,2,1,1.0,,5.733022,0.0,0
2026-05-27T17:05:03.577606+00:00,near_only_observation,forward_optimized_long_ms_near_only_observation,persist,NEARUSDT,"0-12,14-18,21-23",True,active,1,0,0,0,0.0,,1,-0.058026,4,3,2,0.5,0.246875,-3.559848,0.0,0
2026-05-27T17:10:05.124176+00:00,inj_tia_regime_filtered,forward_optimized_long_ms_inj_tia_regime,persist,"INJUSDT,TIAUSDT","0-12,14-18,21-23",True,active,1,0,0,0,0.0,,2,-0.979836,4,4,2,1.0,,8.924063,0.0,0
2026-05-27T17:10:07.044545+00:00,inj_tia_plus_candidates,forward_optimized_long_ms_inj_tia_plus_candidates,persist,"INJUSDT,TIAUSDT,JUPUSDT,BOMEUSDT","0-12,14-18,21-23",True,active,1,0,0,0,0.0,,2,-0.979836,1603,3,1,1.0,,4.376758,0.0,0
2026-05-27T17:10:07.065435+00:00,inj_only,forward_optimized_long_ms_inj_only,persist,INJUSDT,"0-12,14-18,21-23",True,active,1,0,0,0,0.0,,1,0.816954,4,2,1,1.0,,3.191041,0.0,0
2026-05-27T17:10:07.082252+00:00,tia_only,forward_optimized_long_ms_tia_only,persist,TIAUSDT,"0-12,14-18,21-23",True,active,0,0,0,0,0.0,,1,-1.79679,0,2,1,1.0,,5.733022,0.0,0
2026-05-27T17:10:07.377057+00:00,near_only_observation,forward_optimized_long_ms_near_only_observation,persist,NEARUSDT,"0-12,14-18,21-23",True,active,1,0,0,0,0.0,,1,-0.522238,1,3,2,0.5,0.246875,-3.559848,0.0,0
2026-05-27T17:15:08.310630+00:00,inj_tia_regime_filtered,forward_optimized_long_ms_inj_tia_regime,persist,"INJUSDT,TIAUSDT","0-12,14-18,21-23",True,active,2,0,0,0,0.0,,2,-2.126921,7,4,2,1.0,,8.924063,0.0,0
2026-05-27T17:15:09.864822+00:00,inj_tia_plus_candidates,forward_optimized_long_ms_inj_tia_plus_candidates,persist,"INJUSDT,TIAUSDT,JUPUSDT,BOMEUSDT","0-12,14-18,21-23",True,active,2,0,0,0,0.0,,2,-2.126921,1606,3,1,1.0,,4.376758,0.0,0
2026-05-27T17:15:09.887352+00:00,inj_only,forward_optimized_long_ms_inj_only,persist,INJUSDT,"0-12,14-18,21-23",True,active,1,0,0,0,0.0,,1,0.084512,6,2,1,1.0,,3.191041,0.0,0
2026-05-27T17:15:09.909435+00:00,tia_only,forward_optimized_long_ms_tia_only,persist,TIAUSDT,"0-12,14-18,21-23",True,active,1,0,0,0,0.0,,1,-2.211433,1,2,1,1.0,,5.733022,0.0,0
2026-05-27T17:15:10.425466+00:00,near_only_observation,forward_optimized_long_ms_near_only_observation,persist,NEARUSDT,"0-12,14-18,21-23",True,active,1,0,0,0,0.0,,1,-1.334608,13,3,2,0.5,0.246875,-3.559848,0.0,0
2026-05-27T17:20:12.007187+00:00,inj_tia_regime_filtered,forward_optimized_long_ms_inj_tia_regime,persist,"INJUSDT,TIAUSDT","0-12,14-18,21-23",True,active,1,0,0,0,0.0,,2,-2.352287,7,4,2,1.0,,8.924063,0.0,0
2026-05-27T17:20:13.957826+00:00,inj_tia_plus_candidates,forward_optimized_long_ms_inj_tia_plus_candidates,persist,"INJUSDT,TIAUSDT,JUPUSDT,BOMEUSDT","0-12,14-18,21-23",True,active,1,0,0,0,0.0,,2,-2.352287,1606,3,1,1.0,,4.376758,0.0,0
2026-05-27T17:20:13.980228+00:00,inj_only,forward_optimized_long_ms_inj_only,persist,INJUSDT,"0-12,14-18,21-23",True,active,1,0,0,0,0.0,,1,-0.140854,7,2,1,1.0,,3.191041,0.0,0
2026-05-27T17:20:13.997551+00:00,tia_only,forward_optimized_long_ms_tia_only,persist,TIAUSDT,"0-12,14-18,21-23",True,active,0,0,0,0,0.0,,1,-2.211433,0,2,1,1.0,,5.733022,0.0,0
2026-05-27T17:20:14.324850+00:00,near_only_observation,forward_optimized_long_ms_near_only_observation,persist,NEARUSDT,"0-12,14-18,21-23",True,active,1,0,0,0,0.0,,1,-1.131515,12,3,2,0.5,0.246875,-3.559848,0.0,0
2026-05-27T17:25:15.869185+00:00,inj_tia_regime_filtered,forward_optimized_long_ms_inj_tia_regime,persist,"INJUSDT,TIAUSDT","0-12,14-18,21-23",True,active,1,0,0,0,0.0,,2,-2.253689,3,4,2,1.0,,8.924063,0.0,0
2026-05-27T17:25:17.462815+00:00,inj_tia_plus_candidates,forward_optimized_long_ms_inj_tia_plus_candidates,persist,"INJUSDT,TIAUSDT,JUPUSDT,BOMEUSDT","0-12,14-18,21-23",True,active,1,0,0,0,0.0,,2,-2.253689,1602,3,1,1.0,,4.376758,0.0,0
2026-05-27T17:25:17.480928+00:00,inj_only,forward_optimized_long_ms_inj_only,persist,INJUSDT,"0-12,14-18,21-23",True,active,1,0,0,0,0.0,,1,-0.042256,3,2,1,1.0,,3.191041,0.0,0
2026-05-27T17:25:17.497493+00:00,tia_only,forward_optimized_long_ms_tia_only,persist,TIAUSDT,"0-12,14-18,21-23",True,active,0,0,0,0,0.0,,1,-2.211433,0,2,1,1.0,,5.733022,0.0,0
2026-05-27T17:25:18.209626+00:00,near_only_observation,forward_optimized_long_ms_near_only_observation,persist,NEARUSDT,"0-12,14-18,21-23",True,active,0,0,0,0,0.0,,1,-1.131515,0,3,2,0.5,0.246875,-3.559848,0.0,0
2026-05-27T17:30:19.559375+00:00,inj_tia_regime_filtered,forward_optimized_long_ms_inj_tia_regime,persist,"INJUSDT,TIAUSDT","0-12,14-18,21-23",True,active,1,0,0,0,0.0,,2,-2.225518,3,4,2,1.0,,8.924063,0.0,0
2026-05-27T17:30:21.088623+00:00,inj_tia_plus_candidates,forward_optimized_long_ms_inj_tia_plus_candidates,persist,"INJUSDT,TIAUSDT,JUPUSDT,BOMEUSDT","0-12,14-18,21-23",True,active,1,0,0,0,0.0,,2,-2.225518,1602,3,1,1.0,,4.376758,0.0,0
2026-05-27T17:30:21.106659+00:00,inj_only,forward_optimized_long_ms_inj_only,persist,INJUSDT,"0-12,14-18,21-23",True,active,1,0,0,0,0.0,,1,-0.014085,3,2,1,1.0,,3.191041,0.0,0
2026-05-27T17:30:21.122553+00:00,tia_only,forward_optimized_long_ms_tia_only,persist,TIAUSDT,"0-12,14-18,21-23",True,active,0,0,0,0,0.0,,1,-2.211433,0,2,1,1.0,,5.733022,0.0,0
2026-05-27T17:30:21.435855+00:00,near_only_observation,forward_optimized_long_ms_near_only_observation,persist,NEARUSDT,"0-12,14-18,21-23",True,active,1,0,0,0,0.0,,1,-1.073489,4,3,2,0.5,0.246875,-3.559848,0.0,0
2026-05-27T17:35:22.764460+00:00,inj_tia_regime_filtered,forward_optimized_long_ms_inj_tia_regime,persist,"INJUSDT,TIAUSDT","0-12,14-18,21-23",True,active,1,0,0,0,0.0,,2,-2.155091,5,4,2,1.0,,8.924063,0.0,0
2026-05-27T17:35:24.532120+00:00,inj_tia_plus_candidates,forward_optimized_long_ms_inj_tia_plus_candidates,persist,"INJUSDT,TIAUSDT,JUPUSDT,BOMEUSDT","0-12,14-18,21-23",True,active,1,0,0,0,0.0,,2,-2.155091,1604,3,1,1.0,,4.376758,0.0,0
2026-05-27T17:35:24.549471+00:00,inj_only,forward_optimized_long_ms_inj_only,persist,INJUSDT,"0-12,14-18,21-23",True,active,1,0,0,0,0.0,,1,0.056342,5,2,1,1.0,,3.191041,0.0,0
2026-05-27T17:35:24.565559+00:00,tia_only,forward_optimized_long_ms_tia_only,persist,TIAUSDT,"0-12,14-18,21-23",True,active,0,0,0,0,0.0,,1,-2.211433,0,2,1,1.0,,5.733022,0.0,0
2026-05-27T17:35:24.886601+00:00,near_only_observation,forward_optimized_long_ms_near_only_observation,persist,NEARUSDT,"0-12,14-18,21-23",True,active,1,0,0,0,0.0,,1,-0.609277,4,3,2,0.5,0.246875,-3.559848,0.0,0
2026-05-27T17:40:26.246889+00:00,inj_tia_regime_filtered,forward_optimized_long_ms_inj_tia_regime,persist,"INJUSDT,TIAUSDT","0-12,14-18,21-23",True,active,1,0,0,0,0.0,,2,-2.521312,2,4,2,1.0,,8.924063,0.0,0
2026-05-27T17:40:28.222552+00:00,inj_tia_plus_candidates,forward_optimized_long_ms_inj_tia_plus_candidates,persist,"INJUSDT,TIAUSDT,JUPUSDT,BOMEUSDT","0-12,14-18,21-23",True,active,1,0,0,0,0.0,,2,-2.521312,1601,3,1,1.0,,4.376758,0.0,0
2026-05-27T17:40:28.242790+00:00,inj_only,forward_optimized_long_ms_inj_only,persist,INJUSDT,"0-12,14-18,21-23",True,active,1,0,0,0,0.0,,1,-0.309879,2,2,1,1.0,,3.191041,0.0,0
2026-05-27T17:40:28.261103+00:00,tia_only,forward_optimized_long_ms_tia_only,persist,TIAUSDT,"0-12,14-18,21-23",True,active,0,0,0,0,0.0,,1,-2.211433,0,2,1,1.0,,5.733022,0.0,0
2026-05-27T17:40:28.569436+00:00,near_only_observation,forward_optimized_long_ms_near_only_observation,persist,NEARUSDT,"0-12,14-18,21-23",True,active,0,0,0,0,0.0,,1,-0.609277,0,3,2,0.5,0.246875,-3.559848,0.0,0
2026-05-27T17:45:29.687925+00:00,inj_tia_regime_filtered,forward_optimized_long_ms_inj_tia_regime,persist,"INJUSDT,TIAUSDT","0-12,14-18,21-23",True,active,1,0,0,0,0.0,,2,-2.310031,4,4,2,1.0,,8.924063,0.0,0
2026-05-27T17:45:31.216735+00:00,inj_tia_plus_candidates,forward_optimized_long_ms_inj_tia_plus_candidates,persist,"INJUSDT,TIAUSDT,JUPUSDT,BOMEUSDT","0-12,14-18,21-23",True,active,1,0,0,0,0.0,,2,-2.310031,1603,3,1,1.0,,4.376758,0.0,0
2026-05-27T17:45:31.234057+00:00,inj_only,forward_optimized_long_ms_inj_only,persist,INJUSDT,"0-12,14-18,21-23",True,active,1,0,0,0,0.0,,1,-0.098598,4,2,1,1.0,,3.191041,0.0,0
2026-05-27T17:45:31.250185+00:00,tia_only,forward_optimized_long_ms_tia_only,persist,TIAUSDT,"0-12,14-18,21-23",True,active,0,0,0,0,0.0,,1,-2.211433,0,2,1,1.0,,5.733022,0.0,0
2026-05-27T17:45:31.741720+00:00,near_only_observation,forward_optimized_long_ms_near_only_observation,persist,NEARUSDT,"0-12,14-18,21-23",True,active,1,0,0,0,0.0,,1,-1.566713,8,3,2,0.5,0.246875,-3.559848,0.0,0
2026-05-27T17:50:32.655127+00:00,inj_tia_regime_filtered,forward_optimized_long_ms_inj_tia_regime,persist,"INJUSDT,TIAUSDT","0-12,14-18,21-23",True,active,1,0,0,0,0.0,,2,-2.591739,3,4,2,1.0,,8.924063,0.0,0
2026-05-27T17:50:35.050437+00:00,inj_tia_plus_candidates,forward_optimized_long_ms_inj_tia_plus_candidates,persist,"INJUSDT,TIAUSDT,JUPUSDT,BOMEUSDT","0-12,14-18,21-23",True,active,1,0,0,0,0.0,,2,-2.591739,1602,3,1,1.0,,4.376758,0.0,0
2026-05-27T17:50:35.071699+00:00,inj_only,forward_optimized_long_ms_inj_only,persist,INJUSDT,"0-12,14-18,21-23",True,active,1,0,0,0,0.0,,1,-0.380306,3,2,1,1.0,,3.191041,0.0,0
2026-05-27T17:50:35.089469+00:00,tia_only,forward_optimized_long_ms_tia_only,persist,TIAUSDT,"0-12,14-18,21-23",True,active,0,0,0,0,0.0,,1,-2.211433,0,2,1,1.0,,5.733022,0.0,0
2026-05-27T17:50:35.828632+00:00,near_only_observation,forward_optimized_long_ms_near_only_observation,persist,NEARUSDT,"0-12,14-18,21-23",True,active,1,0,0,0,0.0,,1,-1.479674,2,3,2,0.5,0.246875,-3.559848,0.0,0
2026-05-27T17:55:37.208557+00:00,inj_tia_regime_filtered,forward_optimized_long_ms_inj_tia_regime,persist,"INJUSDT,TIAUSDT","0-12,14-18,21-23",True,active,1,0,0,0,0.0,,2,-2.648081,4,4,2,1.0,,8.924063,0.0,0
2026-05-27T17:55:38.767514+00:00,inj_tia_plus_candidates,forward_optimized_long_ms_inj_tia_plus_candidates,persist,"INJUSDT,TIAUSDT,JUPUSDT,BOMEUSDT","0-12,14-18,21-23",True,active,1,0,0,0,0.0,,2,-2.648081,1603,3,1,1.0,,4.376758,0.0,0
2026-05-27T17:55:38.783927+00:00,inj_only,forward_optimized_long_ms_inj_only,persist,INJUSDT,"0-12,14-18,21-23",True,active,1,0,0,0,0.0,,1,-0.436648,4,2,1,1.0,,3.191041,0.0,0
2026-05-27T17:55:38.799506+00:00,tia_only,forward_optimized_long_ms_tia_only,persist,TIAUSDT,"0-12,14-18,21-23",True,active,0,0,0,0,0.0,,1,-2.211433,0,2,1,1.0,,5.733022,0.0,0
2026-05-27T17:55:39.121823+00:00,near_only_observation,forward_optimized_long_ms_near_only_observation,persist,NEARUSDT,"0-12,14-18,21-23",True,active,0,0,0,0,0.0,,1,-1.479674,0,3,2,0.5,0.246875,-3.559848,0.0,0
2026-05-27T18:00:40.304871+00:00,inj_tia_regime_filtered,forward_optimized_long_ms_inj_tia_regime,persist,"INJUSDT,TIAUSDT","0-12,14-18,21-23",True,active,1,0,0,0,0.0,,2,-2.845276,5,4,2,1.0,,8.924063,0.0,0
2026-05-27T18:00:42.081487+00:00,inj_tia_plus_candidates,forward_optimized_long_ms_inj_tia_plus_candidates,persist,"INJUSDT,TIAUSDT,JUPUSDT,BOMEUSDT","0-12,14-18,21-23",True,active,1,0,0,0,0.0,,2,-2.845276,1604,3,1,1.0,,4.376758,0.0,0
2026-05-27T18:00:42.099821+00:00,inj_only,forward_optimized_long_ms_inj_only,persist,INJUSDT,"0-12,14-18,21-23",True,active,1,0,0,0,0.0,,1,-0.633843,5,2,1,1.0,,3.191041,0.0,0
2026-05-27T18:00:42.115722+00:00,tia_only,forward_optimized_long_ms_tia_only,persist,TIAUSDT,"0-12,14-18,21-23",True,active,0,0,0,0,0.0,,1,-2.211433,0,2,1,1.0,,5.733022,0.0,0
2026-05-27T18:00:42.638500+00:00,near_only_observation,forward_optimized_long_ms_near_only_observation,persist,NEARUSDT,"0-12,14-18,21-23",True,active,1,0,0,0,0.0,,1,-1.160528,1,3,2,0.5,0.246875,-3.559848,0.0,0
2026-05-27T18:05:43.588244+00:00,inj_tia_regime_filtered,forward_optimized_long_ms_inj_tia_regime,persist,"INJUSDT,TIAUSDT","0-12,14-18,21-23",True,active,2,0,0,0,0.0,,2,-3.387793,15,4,2,1.0,,8.924063,0.0,0
2026-05-27T18:05:45.102219+00:00,inj_tia_plus_candidates,forward_optimized_long_ms_inj_tia_plus_candidates,persist,"INJUSDT,TIAUSDT,JUPUSDT,BOMEUSDT","0-12,14-18,21-23",True,active,2,0,0,0,0.0,,2,-3.387793,1614,3,1,1.0,,4.376758,0.0,0
2026-05-27T18:05:45.120715+00:00,inj_only,forward_optimized_long_ms_inj_only,persist,INJUSDT,"0-12,14-18,21-23",True,active,1,0,0,0,0.0,,1,-0.450733,13,2,1,1.0,,3.191041,0.0,0
2026-05-27T18:05:45.139074+00:00,tia_only,forward_optimized_long_ms_tia_only,persist,TIAUSDT,"0-12,14-18,21-23",True,active,1,0,0,0,0.0,,1,-2.93706,2,2,1,1.0,,5.733022,0.0,0
2026-05-27T18:05:45.857659+00:00,near_only_observation,forward_optimized_long_ms_near_only_observation,persist,NEARUSDT,"0-12,14-18,21-23",True,active,1,0,0,0,0.0,,1,-0.841383,19,3,2,0.5,0.246875,-3.559848,0.0,0
2026-05-27T18:10:47.169017+00:00,inj_tia_regime_filtered,forward_optimized_long_ms_inj_tia_regime,persist,"INJUSDT,TIAUSDT","0-12,14-18,21-23",True,active,1,0,0,0,0.0,,2,-3.401879,4,4,2,1.0,,8.924063,0.0,0
2026-05-27T18:10:49.134887+00:00,inj_tia_plus_candidates,forward_optimized_long_ms_inj_tia_plus_candidates,persist,"INJUSDT,TIAUSDT,JUPUSDT,BOMEUSDT","0-12,14-18,21-23",True,active,1,0,0,0,0.0,,2,-3.401879,1603,3,1,1.0,,4.376758,0.0,0
2026-05-27T18:10:49.154540+00:00,inj_only,forward_optimized_long_ms_inj_only,persist,INJUSDT,"0-12,14-18,21-23",True,active,1,0,0,0,0.0,,1,-0.464819,4,2,1,1.0,,3.191041,0.0,0
2026-05-27T18:10:49.173190+00:00,tia_only,forward_optimized_long_ms_tia_only,persist,TIAUSDT,"0-12,14-18,21-23",True,active,0,0,0,0,0.0,,1,-2.93706,0,2,1,1.0,,5.733022,0.0,0
2026-05-27T18:10:49.482781+00:00,near_only_observation,forward_optimized_long_ms_near_only_observation,persist,NEARUSDT,"0-12,14-18,21-23",True,active,1,0,0,0,0.0,,1,-1.218555,1,3,2,0.5,0.246875,-3.559848,0.0,0
2026-05-27T18:15:50.416784+00:00,inj_tia_regime_filtered,forward_optimized_long_ms_inj_tia_regime,persist,"INJUSDT,TIAUSDT","0-12,14-18,21-23",True,active,1,0,0,0,0.0,,2,-3.683587,2,4,2,1.0,,8.924063,0.0,0
2026-05-27T18:15:51.978600+00:00,inj_tia_plus_candidates,forward_optimized_long_ms_inj_tia_plus_candidates,persist,"INJUSDT,TIAUSDT,JUPUSDT,BOMEUSDT","0-12,14-18,21-23",True,active,1,0,0,0,0.0,,2,-3.683587,1601,3,1,1.0,,4.376758,0.0,0
2026-05-27T18:15:51.997269+00:00,inj_only,forward_optimized_long_ms_inj_only,persist,INJUSDT,"0-12,14-18,21-23",True,active,1,0,0,0,0.0,,1,-0.746527,2,2,1,1.0,,3.191041,0.0,0
2026-05-27T18:15:52.015233+00:00,tia_only,forward_optimized_long_ms_tia_only,persist,TIAUSDT,"0-12,14-18,21-23",True,active,0,0,0,0,0.0,,1,-2.93706,0,2,1,1.0,,5.733022,0.0,0
2026-05-27T18:15:52.340540+00:00,near_only_observation,forward_optimized_long_ms_near_only_observation,persist,NEARUSDT,"0-12,14-18,21-23",True,active,1,0,0,0,0.0,,1,-0.638291,1,3,2,0.5,0.246875,-3.559848,0.0,0
2026-05-27T18:20:53.267943+00:00,inj_tia_regime_filtered,forward_optimized_long_ms_inj_tia_regime,persist,"INJUSDT,TIAUSDT","0-12,14-18,21-23",True,active,1,0,0,0,0.0,,2,-3.430049,6,4,2,1.0,,8.924063,0.0,0
2026-05-27T18:20:54.822949+00:00,inj_tia_plus_candidates,forward_optimized_long_ms_inj_tia_plus_candidates,persist,"INJUSDT,TIAUSDT,JUPUSDT,BOMEUSDT","0-12,14-18,21-23",True,active,1,0,0,0,0.0,,2,-3.430049,1605,3,1,1.0,,4.376758,0.0,0
2026-05-27T18:20:54.841637+00:00,inj_only,forward_optimized_long_ms_inj_only,persist,INJUSDT,"0-12,14-18,21-23",True,active,1,0,0,0,0.0,,1,-0.492989,6,2,1,1.0,,3.191041,0.0,0
2026-05-27T18:20:54.859159+00:00,tia_only,forward_optimized_long_ms_tia_only,persist,TIAUSDT,"0-12,14-18,21-23",True,active,0,0,0,0,0.0,,1,-2.93706,0,2,1,1.0,,5.733022,0.0,0
2026-05-27T18:20:55.171691+00:00,near_only_observation,forward_optimized_long_ms_near_only_observation,persist,NEARUSDT,"0-12,14-18,21-23",True,active,1,0,0,0,0.0,,1,-0.638291,6,3,2,0.5,0.246875,-3.559848,0.0,0
2026-05-27T18:25:56.076049+00:00,inj_tia_regime_filtered,forward_optimized_long_ms_inj_tia_regime,persist,"INJUSDT,TIAUSDT","0-12,14-18,21-23",True,active,1,0,0,0,0.0,,2,-3.232854,1,4,2,1.0,,8.924063,0.0,0
2026-05-27T18:25:58.115126+00:00,inj_tia_plus_candidates,forward_optimized_long_ms_inj_tia_plus_candidates,persist,"INJUSDT,TIAUSDT,JUPUSDT,BOMEUSDT","0-12,14-18,21-23",True,active,1,0,0,0,0.0,,2,-3.232854,1600,3,1,1.0,,4.376758,0.0,0
2026-05-27T18:25:58.133220+00:00,inj_only,forward_optimized_long_ms_inj_only,persist,INJUSDT,"0-12,14-18,21-23",True,active,1,0,0,0,0.0,,1,-0.295794,1,2,1,1.0,,3.191041,0.0,0
2026-05-27T18:25:58.149663+00:00,tia_only,forward_optimized_long_ms_tia_only,persist,TIAUSDT,"0-12,14-18,21-23",True,active,0,0,0,0,0.0,,1,-2.93706,0,2,1,1.0,,5.733022,0.0,0
2026-05-27T18:25:58.654694+00:00,near_only_observation,forward_optimized_long_ms_near_only_observation,persist,NEARUSDT,"0-12,14-18,21-23",True,active,1,0,0,0,0.0,,1,-0.232106,10,3,2,0.5,0.246875,-3.559848,0.0,0
2026-05-27T18:30:59.554339+00:00,inj_tia_regime_filtered,forward_optimized_long_ms_inj_tia_regime,persist,"INJUSDT,TIAUSDT","0-12,14-18,21-23",True,active,1,0,0,0,0.0,,2,-3.331451,2,4,2,1.0,,8.924063,0.0,0
2026-05-27T18:31:01.121709+00:00,inj_tia_plus_candidates,forward_optimized_long_ms_inj_tia_plus_candidates,persist,"INJUSDT,TIAUSDT,JUPUSDT,BOMEUSDT","0-12,14-18,21-23",True,active,1,0,0,0,0.0,,2,-3.331451,1601,3,1,1.0,,4.376758,0.0,0
2026-05-27T18:31:01.143642+00:00,inj_only,forward_optimized_long_ms_inj_only,persist,INJUSDT,"0-12,14-18,21-23",True,active,1,0,0,0,0.0,,1,-0.394391,2,2,1,1.0,,3.191041,0.0,0
2026-05-27T18:31:01.161000+00:00,tia_only,forward_optimized_long_ms_tia_only,persist,TIAUSDT,"0-12,14-18,21-23",True,active,0,0,0,0,0.0,,1,-2.93706,0,2,1,1.0,,5.733022,0.0,0
2026-05-27T18:31:01.467506+00:00,near_only_observation,forward_optimized_long_ms_near_only_observation,persist,NEARUSDT,"0-12,14-18,21-23",True,active,1,0,0,0,0.0,,1,-0.928423,7,3,2,0.5,0.246875,-3.559848,0.0,0
2026-05-27T18:36:02.403665+00:00,inj_tia_regime_filtered,forward_optimized_long_ms_inj_tia_regime,persist,"INJUSDT,TIAUSDT","0-12,14-18,21-23",True,active,2,0,0,0,0.0,,2,-2.408629,4,4,2,1.0,,8.924063,0.0,0
2026-05-27T18:36:03.987092+00:00,inj_tia_plus_candidates,forward_optimized_long_ms_inj_tia_plus_candidates,persist,"INJUSDT,TIAUSDT,JUPUSDT,BOMEUSDT","0-12,14-18,21-23",True,active,2,0,0,0,0.0,,2,-2.408629,1603,3,1,1.0,,4.376758,0.0,0
2026-05-27T18:36:04.008003+00:00,inj_only,forward_optimized_long_ms_inj_only,persist,INJUSDT,"0-12,14-18,21-23",True,active,1,0,0,0,0.0,,1,-0.197196,2,2,1,1.0,,3.191041,0.0,0
2026-05-27T18:36:04.028463+00:00,tia_only,forward_optimized_long_ms_tia_only,persist,TIAUSDT,"0-12,14-18,21-23",True,active,1,0,0,0,0.0,,1,-2.211433,2,2,1,1.0,,5.733022,0.0,0
2026-05-27T18:36:04.768338+00:00,near_only_observation,forward_optimized_long_ms_near_only_observation,persist,NEARUSDT,"0-12,14-18,21-23",True,active,1,0,0,0,0.0,,1,-0.203092,1,3,2,0.5,0.246875,-3.559848,0.0,0
2026-05-27T18:41:05.903088+00:00,inj_tia_regime_filtered,forward_optimized_long_ms_inj_tia_regime,persist,"INJUSDT,TIAUSDT","0-12,14-18,21-23",True,active,1,0,0,0,0.0,,2,-2.873447,3,4,2,1.0,,8.924063,0.0,0
2026-05-27T18:41:07.448759+00:00,inj_tia_plus_candidates,forward_optimized_long_ms_inj_tia_plus_candidates,persist,"INJUSDT,TIAUSDT,JUPUSDT,BOMEUSDT","0-12,14-18,21-23",True,active,1,0,0,0,0.0,,2,-2.873447,1602,3,1,1.0,,4.376758,0.0,0
2026-05-27T18:41:07.467289+00:00,inj_only,forward_optimized_long_ms_inj_only,persist,INJUSDT,"0-12,14-18,21-23",True,active,1,0,0,0,0.0,,1,-0.662014,3,2,1,1.0,,3.191041,0.0,0
2026-05-27T18:41:07.487683+00:00,tia_only,forward_optimized_long_ms_tia_only,persist,TIAUSDT,"0-12,14-18,21-23",True,active,0,0,0,0,0.0,,1,-2.211433,0,2,1,1.0,,5.733022,0.0,0
2026-05-27T18:41:07.811936+00:00,near_only_observation,forward_optimized_long_ms_near_only_observation,persist,NEARUSDT,"0-12,14-18,21-23",True,active,0,0,0,0,0.0,,1,-0.203092,0,3,2,0.5,0.246875,-3.559848,0.0,0
2026-05-27T18:46:08.771292+00:00,inj_tia_regime_filtered,forward_optimized_long_ms_inj_tia_regime,persist,"INJUSDT,TIAUSDT","0-12,14-18,21-23",True,active,1,0,0,0,0.0,,2,-2.479056,4,4,2,1.0,,8.924063,0.0,0
2026-05-27T18:46:10.328352+00:00,inj_tia_plus_candidates,forward_optimized_long_ms_inj_tia_plus_candidates,persist,"INJUSDT,TIAUSDT,JUPUSDT,BOMEUSDT","0-12,14-18,21-23",True,active,1,0,0,0,0.0,,2,-2.479056,1603,3,1,1.0,,4.376758,0.0,0
2026-05-27T18:46:10.349538+00:00,inj_only,forward_optimized_long_ms_inj_only,persist,INJUSDT,"0-12,14-18,21-23",True,active,1,0,0,0,0.0,,1,-0.267623,4,2,1,1.0,,3.191041,0.0,0
2026-05-27T18:46:10.374539+00:00,tia_only,forward_optimized_long_ms_tia_only,persist,TIAUSDT,"0-12,14-18,21-23",True,active,0,0,0,0,0.0,,1,-2.211433,0,2,1,1.0,,5.733022,0.0,0
2026-05-27T18:46:11.127442+00:00,near_only_observation,forward_optimized_long_ms_near_only_observation,persist,NEARUSDT,"0-12,14-18,21-23",True,active,1,0,0,0,0.0,,1,-0.08704,4,3,2,0.5,0.246875,-3.559848,0.0,0
